4/25/2018,2662,2641,2692,2636,867428
4/24/2018,2645,2651,2657,2642,437596
4/23/2018,2653,2656,2680,2634,675516
4/20/2018,2664,2651,2676,2650,600428
4/19/2018,2657,2668,2670,2643,569276
4/18/2018,2664,2694,2695,2646,785050
4/17/2018,2697,2666,2706,2630,801958
4/16/2018,2660,2670,2675,2637,561710
4/13/2018,2675,2661,2697,2653,648932
4/12/2018,2663,2687,2690,2657,569148
4/11/2018,2686,2681,2690,2657,737742
4/10/2018,2686,2710,2721,2662,1138280
4/9/2018,2712,2734,2734,2683,1317936
4/4/2018,2623,2580,2624,2576,825642
4/3/2018,2578,2589,2595,2561,563184
4/2/2018,2589,2570,2614,2565,519022
3/30/2018,2561,2480,2586,2473,693428
3/29/2018,2475,2488,2493,2472,411374
3/28/2018,2489,2484,2501,2474,568834
3/27/2018,2481,2519,2526,2462,587486
3/26/2018,2518,2490,2540,2459,779008
3/23/2018,2502,2460,2553,2457,873218
3/22/2018,2461,2481,2486,2459,412786
3/21/2018,2475,2475,2490,2469,333510
3/20/2018,2477,2478,2487,2467,444016
3/19/2018,2484,2507,2523,2479,580570
3/16/2018,2510,2503,2514,2487,623510
3/15/2018,2494,2527,2530,2485,549466
3/14/2018,2525,2517,2536,2513,490040
3/13/2018,2517,2514,2537,2509,561376
3/12/2018,2517,2535,2536,2502,744650
3/9/2018,2537,2543,2570,2520,928606
3/8/2018,2548,2547,2561,2534,638694
3/7/2018,2553,2568,2579,2542,856306
3/6/2018,2565,2576,2581,2545,651644
3/5/2018,2570,2578,2598,2556,878000
3/2/2018,2578,2495,2613,2492,1369656
3/1/2018,2506,2495,2508,2477,554608
2/28/2018,2493,2470,2500,2461,524708
2/27/2018,2463,2473,2479,2456,385084
2/26/2018,2466,2468,2485,2462,477940
2/23/2018,2461,2462,2465,2454,339116
2/22/2018,2464,2460,2472,2435,317436
2/14/2018,2380,2375,2388,2375,222234
2/13/2018,2371,2375,2389,2370,351772
2/12/2018,2380,2335,2381,2332,553734
2/9/2018,2334,2343,2346,2331,343900
2/8/2018,2338,2327,2340,2324,338152
2/7/2018,2335,2312,2342,2309,592962
2/6/2018,2303,2308,2318,2300,375222
2/5/2018,2313,2313,2324,2304,420124
2/2/2018,2311,2334,2337,2308,480784
2/1/2018,2338,2335,2344,2326,417636
1/31/2018,2345,2346,2353,2332,440646
1/30/2018,2343,2340,2350,2326,525670
1/29/2018,2340,2297,2342,2295,640942
1/26/2018,2298,2315,2317,2287,436468
1/25/2018,2315,2285,2321,2283,488486
1/24/2018,2283,2307,2309,2281,407674
1/23/2018,2305,2308,2314,2297,341270
1/22/2018,2302,2302,2306,2293,347478
1/19/2018,2294,2274,2298,2268,550706
1/18/2018,2275,2281,2286,2269,319286
1/17/2018,2280,2272,2285,2267,391752
1/16/2018,2269,2271,2275,2262,197930
1/15/2018,2270,2247,2279,2241,380952
1/12/2018,2246,2272,2274,2243,402038
1/11/2018,2270,2286,2293,2263,454168
1/10/2018,2287,2293,2303,2283,383704
1/9/2018,2296,2285,2311,2284,495240
1/8/2018,2280,2299,2301,2280,354590
1/5/2018,2293,2282,2302,2271,494790
1/4/2018,2283,2297,2298,2276,410686
1/3/2018,2294,2290,2303,2288,331632
1/2/2018,2288,2302,2306,2279,276174
12/29/2017,2290,2324,2334,2285,499556
12/28/2017,2327,2333,2339,2318,300304
12/27/2017,2336,2329,2341,2321,315396
12/26/2017,2328,2300,2334,2300,366516
12/25/2017,2304,2308,2318,2297,296676
12/22/2017,2299,2300,2307,2292,263838
12/21/2017,2300,2316,2322,2297,350976
12/20/2017,2315,2333,2343,2308,407048
12/19/2017,2333,2342,2361,2329,476504
12/18/2017,2339,2330,2342,2322,347492
12/15/2017,2324,2325,2338,2320,313040
12/14/2017,2326,2348,2357,2323,380756
12/13/2017,2350,2341,2363,2330,418170
12/12/2017,2345,2340,2359,2337,319966
12/11/2017,2347,2370,2380,2335,368028
12/8/2017,2367,2360,2372,2347,449762
12/7/2017,2373,2400,2400,2366,486054
12/6/2017,2355,2332,2372,2332,376790
12/5/2017,2329,2341,2349,2323,243956
12/4/2017,2341,2283,2351,2283,382824
12/1/2017,2281,2302,2302,2277,361814
11/30/2017,2301,2312,2325,2296,378666
11/29/2017,2311,2308,2321,2299,290704
11/28/2017,2314,2313,2326,2304,291926
11/27/2017,2310,2336,2346,2305,499946
11/24/2017,2333,2319,2339,2317,267546
11/23/2017,2319,2335,2344,2317,478686
11/22/2017,2327,2341,2346,2310,547398
11/21/2017,2343,2324,2354,2316,586098
11/20/2017,2328,2283,2339,2267,759988
11/17/2017,2277,2281,2297,2272,615658
11/16/2017,2284,2260,2295,2252,706652
11/15/2017,2256,2227,2271,2226,1077308
11/14/2017,2226,2222,2243,2217,473100
11/13/2017,2227,2206,2230,2204,334380
11/10/2017,2206,2237,2245,2199,502810
11/9/2017,2236,2222,2238,2212,381424
11/8/2017,2222,2210,2231,2209,460254
11/7/2017,2215,2193,2219,2191,457336
11/6/2017,2193,2202,2205,2180,345264
11/3/2017,2202,2205,2216,2199,278574
11/2/2017,2207,2197,2220,2189,325274
11/1/2017,2199,2195,2208,2187,256698
10/31/2017,2192,2216,2219,2191,287980
10/30/2017,2216,2211,2226,2209,257596
10/27/2017,2209,2228,2235,2205,318250
10/26/2017,2224,2256,2262,2220,413100
10/25/2017,2254,2240,2257,2233,286972
10/24/2017,2242,2248,2257,2240,236076
10/23/2017,2249,2275,2298,2236,553386
10/20/2017,2273,2277,2283,2264,355508
10/19/2017,2275,2267,2280,2257,404176
10/18/2017,2264,2263,2275,2258,333418
10/17/2017,2269,2278,2295,2260,360826
10/16/2017,2276,2288,2292,2267,476092
10/13/2017,2284,2206,2285,2198,713040
10/12/2017,2204,2207,2218,2196,317074
10/11/2017,2207,2220,2236,2199,487514
10/10/2017,2213,2215,2225,2206,329536
10/9/2017,2213,2212,2230,2202,280676
9/29/2017,2174,2215,2237,2161,702100
9/28/2017,2220,2238,2251,2208,578416
9/27/2017,2243,2239,2246,2218,481808
9/26/2017,2244,2255,2258,2229,508612
9/25/2017,2258,2251,2270,2237,742718
9/22/2017,2248,2184,2258,2175,1220566
9/21/2017,2184,2160,2188,2152,581714
9/20/2017,2162,2158,2165,2145,310862
9/19/2017,2157,2168,2180,2155,385438
9/18/2017,2172,2158,2175,2138,499770
9/15/2017,2159,2146,2169,2143,586000
9/14/2017,2146,2126,2147,2121,472000
9/13/2017,2123,2166,2179,2112,986520
9/12/2017,2166,2170,2183,2157,407688
9/11/2017,2172,2164,2177,2150,386886
9/8/2017,2163,2194,2199,2152,628578
9/7/2017,2192,2180,2202,2170,211500
9/6/2017,2177,2175,2194,2170,553508
9/5/2017,2170,2164,2180,2162,422546
9/4/2017,2166,2160,2174,2147,556814
9/1/2017,2153,2150,2168,2140,424936
8/31/2017,2151,2156,2161,2145,323138
8/30/2017,2155,2169,2179,2148,480218
8/29/2017,2177,2198,2199,2170,438820
8/28/2017,2194,2182,2205,2170,597970
8/25/2017,2177,2178,2185,2167,392312
8/24/2017,2176,2188,2190,2161,530238
8/23/2017,2182,2179,2194,2171,655714
8/22/2017,2184,2161,2186,2130,744928
8/21/2017,2165,2147,2176,2147,492950
8/18/2017,2150,2156,2162,2148,289266
8/17/2017,2152,2144,2159,2138,405362
8/16/2017,2140,2152,2159,2129,416010
8/15/2017,2157,2162,2174,2152,376796
8/14/2017,2166,2186,2188,2151,391512
8/11/2017,2177,2255,2278,2165,877206
8/10/2017,2252,2241,2259,2234,450572
8/9/2017,2242,2232,2246,2221,382786
8/8/2017,2229,2192,2232,2188,455882
8/7/2017,2190,2187,2205,2173,363638
8/4/2017,2182,2166,2188,2160,307550
8/3/2017,2279,2317,2319,2275,255200
8/2/2017,2312,2308,2322,2291,351964
8/1/2017,2317,2328,2342,2316,318260
7/31/2017,2333,2293,2335,2282,458790
7/28/2017,2291,2294,2313,2280,457388
7/27/2017,2285,2267,2295,2251,369486
7/26/2017,2276,2324,2329,2267,476992
7/25/2017,2330,2288,2337,2284,498628
7/24/2017,2289,2350,2357,2281,614484
7/21/2017,2358,2355,2366,2340,536132
7/20/2017,2345,2340,2352,2328,513046
7/19/2017,2334,2351,2356,2323,486764
7/18/2017,2339,2350,2356,2318,489812
7/17/2017,2335,2346,2361,2331,527334
7/14/2017,2340,2383,2395,2330,742938
7/13/2017,2393,2415,2449,2381,879872
7/12/2017,2416,2400,2426,2397,383156
7/11/2017,2411,2403,2427,2389,578632
7/10/2017,2406,2355,2425,2325,949176
7/7/2017,2349,2341,2362,2334,450938
7/6/2017,2343,2344,2363,2333,643976
7/5/2017,2344,2341,2348,2326,473992
7/4/2017,2341,2332,2343,2319,723954
7/3/2017,2328,2218,2337,2218,1049980
6/30/2017,2216,2240,2262,2202,803184
6/29/2017,2234,2227,2240,2222,416108
6/28/2017,2224,2237,2245,2214,414186
6/27/2017,2230,2233,2234,2217,333060
6/26/2017,2228,2223,2236,2214,322450
6/23/2017,2219,2218,2235,2210,440118
6/22/2017,2232,2275,2282,2228,572090
6/21/2017,2273,2265,2279,2255,455792
6/20/2017,2275,2265,2277,2259,318052
6/19/2017,2272,2257,2286,2246,552000
6/16/2017,2253,2228,2267,2220,563270
6/15/2017,2238,2244,2268,2227,480172
6/14/2017,2243,2224,2252,2222,585590
6/13/2017,2221,2225,2229,2211,473910
6/12/2017,2235,2243,2255,2221,617606
6/9/2017,2237,2236,2258,2232,614120
6/8/2017,2232,2236,2240,2221,494404
6/7/2017,2223,2218,2245,2215,526836
6/6/2017,2218,2221,2229,2208,493134
6/5/2017,2219,2215,2249,2212,654848
6/2/2017,2207,2215,2228,2192,505586
6/1/2017,2205,2193,2217,2191,564464
5/31/2017,2187,2266,2271,2176,916950
5/26/2017,2293,2334,2334,2290,651298
5/25/2017,2330,2338,2346,2322,583418
5/24/2017,2330,2326,2343,2307,814248
5/23/2017,2322,2342,2351,2319,574934
5/22/2017,2345,2330,2356,2311,850594
5/19/2017,2323,2310,2336,2296,715870
5/18/2017,2327,2373,2376,2317,695354
5/17/2017,2373,2351,2379,2349,611966
5/16/2017,2346,2365,2373,2336,659628
5/15/2017,2358,2371,2384,2357,702662
5/12/2017,2372,2428,2433,2368,1018510
5/11/2017,2431,2429,2441,2402,869842
5/10/2017,2430,2416,2438,2413,614200
5/9/2017,2414,2420,2425,2400,643954
5/8/2017,2420,2462,2473,2412,1204404
5/5/2017,2449,2467,2494,2446,1279706
5/4/2017,2473,2468,2483,2445,1166942
5/3/2017,2467,2471,2478,2457,606532
5/2/2017,2477,2424,2486,2424,832042
4/28/2017,2399,2396,2414,2393,609096
4/27/2017,2392,2409,2419,2388,790776
4/26/2017,2403,2459,2470,2403,1149058
4/25/2017,2460,2468,2474,2451,528442
4/24/2017,2464,2435,2479,2421,1007502
4/21/2017,2436,2442,2445,2418,692256
4/20/2017,2441,2443,2455,2415,859876
4/19/2017,2449,2405,2450,2384,983178
4/18/2017,2405,2415,2428,2400,807542
4/17/2017,2419,2406,2429,2391,795622
4/14/2017,2410,2410,2424,2395,795208
4/13/2017,2408,2370,2408,2360,770008
4/12/2017,2365,2328,2379,2306,1020838
4/11/2017,2332,2331,2338,2309,532954
4/10/2017,2326,2293,2340,2292,742592
4/7/2017,2289,2321,2323,2283,694136
4/6/2017,2319,2316,2332,2305,618666
4/5/2017,2316,2306,2328,2299,458744
3/31/2017,2334,2339,2354,2302,872198
3/30/2017,2339,2359,2362,2327,593020
3/29/2017,2360,2345,2365,2325,737514
3/28/2017,2338,2339,2353,2330,575496
3/27/2017,2341,2340,2348,2309,633482
3/24/2017,2338,2351,2374,2331,634322
3/23/2017,2354,2404,2414,2354,897572
3/22/2017,2407,2411,2418,2388,627296
3/21/2017,2399,2415,2425,2386,423730
3/20/2017,2419,2365,2420,2358,484524
3/17/2017,2370,2387,2392,2347,394532
3/16/2017,2381,2392,2401,2361,338342
3/15/2017,2388,2352,2398,2335,510598
3/14/2017,2358,2395,2416,2342,639526
3/13/2017,2395,2385,2408,2375,387710
3/10/2017,2384,2413,2422,2380,459766
3/9/2017,2421,2415,2435,2406,384184
3/8/2017,2423,2477,2479,2420,541972
3/7/2017,2480,2484,2493,2471,410510
3/6/2017,2488,2451,2491,2440,557836
3/3/2017,2450,2453,2457,2427,366322
3/2/2017,2459,2434,2465,2425,451766
3/1/2017,2426,2396,2446,2393,584536
2/28/2017,2396,2415,2420,2391,386186
2/27/2017,2411,2396,2416,2384,428776
2/24/2017,2394,2385,2397,2360,470470
2/23/2017,2384,2430,2444,2384,552650
2/22/2017,2429,2467,2477,2412,573610
2/21/2017,2467,2442,2488,2432,640358
2/20/2017,2438,2434,2447,2423,382390
2/17/2017,2430,2478,2505,2421,873734
2/16/2017,2478,2458,2512,2450,688224
2/15/2017,2465,2488,2491,2461,542894
2/14/2017,2480,2511,2526,2480,606304
2/13/2017,2506,2518,2538,2496,619212
2/10/2017,2518,2480,2522,2476,697612
2/9/2017,2480,2494,2508,2474,534478
2/8/2017,2493,2448,2494,2420,739534
2/7/2017,2450,2455,2480,2444,536126
2/6/2017,2452,2404,2469,2403,939964
2/3/2017,2405,2400,2431,2363,273584
1/26/2017,2414,2396,2426,2396,304004
1/25/2017,2391,2445,2445,2385,551462
1/24/2017,2443,2430,2457,2419,452302
1/23/2017,2432,2432,2439,2407,456828
1/20/2017,2432,2461,2468,2422,535538
1/19/2017,2464,2441,2473,2431,605942
1/18/2017,2446,2448,2462,2419,628656
1/17/2017,2435,2425,2462,2416,685680
1/16/2017,2426,2388,2433,2377,671720
1/13/2017,2386,2327,2412,2324,901686
1/12/2017,2324,2329,2345,2312,600514
1/11/2017,2331,2290,2347,2286,963544
1/10/2017,2291,2292,2313,2272,730262
1/9/2017,2290,2296,2316,2269,692348
1/6/2017,2296,2298,2313,2282,448700
1/5/2017,2301,2312,2336,2297,528206
1/4/2017,2310,2279,2314,2261,627512
1/3/2017,2278,2300,2324,2271,368658
12/30/2016,2308,2344,2356,2302,555082
12/29/2016,2336,2349,2350,2307,501190
12/28/2016,2342,2329,2363,2325,592668
12/27/2016,2320,2280,2325,2280,533988
12/26/2016,2281,2324,2335,2265,702348
12/23/2016,2318,2302,2328,2288,712160
12/22/2016,2306,2330,2354,2300,654310
12/21/2016,2327,2348,2357,2320,788458
12/20/2016,2343,2423,2433,2335,1015272
12/19/2016,2429,2430,2463,2412,902696
12/16/2016,2431,2418,2458,2406,710566
12/15/2016,2426,2416,2435,2391,612922
12/14/2016,2418,2474,2480,2411,876914
12/13/2016,2470,2435,2473,2431,790906
12/12/2016,2443,2396,2465,2386,788574
12/9/2016,2388,2435,2436,2359,873588
12/8/2016,2429,2466,2478,2417,820228
12/7/2016,2468,2457,2484,2447,866980
12/6/2016,2446,2455,2483,2420,867904
12/5/2016,2447,2422,2455,2409,779096
12/2/2016,2422,2460,2471,2395,933996
12/1/2016,2456,2460,2510,2425,1078832
11/30/2016,2450,2490,2503,2413,999372
11/29/2016,2508,2528,2553,2482,819504
11/28/2016,2469,2390,2491,2390,681464
11/25/2016,2393,2386,2419,2365,562684
11/24/2016,2377,2410,2444,2362,842414
11/23/2016,2412,2406,2462,2370,825710
11/22/2016,2414,2383,2445,2363,1069704
11/21/2016,2383,2295,2403,2295,1226780
11/18/2016,2295,2320,2330,2273,853508
11/17/2016,2318,2310,2336,2290,1009110
11/16/2016,2315,2251,2319,2251,1084060
11/15/2016,2247,2246,2294,2209,852174
11/14/2016,2263,2400,2447,2263,1492738
11/11/2016,2405,2329,2426,2327,2019370
11/10/2016,2325,2212,2325,2211,2040344
11/9/2016,2198,2233,2245,2175,1215468
11/8/2016,2233,2206,2247,2201,1111942
11/7/2016,2210,2171,2219,2166,960156
11/4/2016,2166,2199,2215,2153,1153650
11/3/2016,2192,2203,2212,2179,1046170
11/2/2016,2196,2302,2319,2196,1439360
11/1/2016,2298,2299,2330,2288,1034632
10/31/2016,2305,2336,2353,2303,915200
10/28/2016,2340,2338,2361,2330,1024464
10/27/2016,2351,2291,2358,2280,1685326
10/26/2016,2291,2261,2298,2234,1448778
10/25/2016,2259,2289,2297,2251,1120800
10/24/2016,2286,2270,2287,2244,1009808
10/21/2016,2266,2256,2269,2228,1222936
10/20/2016,2253,2192,2257,2187,1162624
10/19/2016,2195,2219,2239,2181,1093024
10/18/2016,2228,2223,2233,2196,1032548
10/17/2016,2219,2178,2221,2175,1404292
10/14/2016,2174,2144,2185,2121,1179544
10/13/2016,2135,2150,2174,2124,1067380
10/12/2016,2144,2171,2196,2131,1175786
10/11/2016,2170,2147,2176,2145,826084
10/10/2016,2148,2168,2180,2120,497364
9/30/2016,2171,2214,2226,2152,988838
9/29/2016,2214,2201,2235,2197,786738
9/28/2016,2203,2204,2210,2182,749026
9/27/2016,2200,2219,2229,2190,986652
9/26/2016,2223,2242,2253,2217,939856
9/23/2016,2241,2288,2294,2235,1202412
9/22/2016,2276,2310,2329,2269,1479178
9/21/2016,2308,2311,2335,2300,1126184
9/20/2016,2305,2289,2309,2276,1125170
9/14/2016,2221,2249,2254,2203,1033886
9/13/2016,2258,2277,2294,2243,1246682
9/12/2016,2270,2260,2311,2240,1341938
9/9/2016,2262,2274,2282,2250,924080
9/8/2016,2273,2268,2282,2253,1173352
9/7/2016,2266,2220,2275,2213,1588302
9/6/2016,2223,2190,2227,2181,1150760
9/5/2016,2185,2220,2233,2172,1352306
9/2/2016,2213,2214,2244,2202,1381412
9/1/2016,2214,2227,2233,2181,1642392
8/31/2016,2236,2270,2277,2226,1208624
8/30/2016,2268,2276,2290,2260,1161526
8/29/2016,2280,2305,2318,2268,1554290
8/26/2016,2294,2322,2328,2281,1910288
8/25/2016,2319,2279,2324,2261,1805816
8/24/2016,2278,2318,2326,2273,1600962
8/23/2016,2312,2321,2354,2306,1293212
8/22/2016,2325,2308,2336,2297,1279528
8/19/2016,2309,2360,2368,2288,2157718
8/18/2016,2359,2417,2444,2353,2080200
8/17/2016,2412,2422,2433,2399,1446296
8/16/2016,2419,2427,2463,2410,1891252
8/15/2016,2431,2381,2442,2338,1866548
8/12/2016,2390,2407,2427,2378,1502164
8/11/2016,2408,2436,2447,2403,1465870
8/10/2016,2442,2375,2446,2365,1834610
8/9/2016,2384,2361,2403,2346,1541746
8/8/2016,2357,2367,2406,2354,1450448
8/5/2016,2502,2456,2506,2439,874282
8/4/2016,2453,2482,2485,2406,1227374
8/3/2016,2469,2460,2492,2448,1158120
8/2/2016,2466,2500,2511,2425,1579688
8/1/2016,2509,2483,2531,2479,1459944
7/29/2016,2474,2485,2539,2464,2133200
7/28/2016,2492,2512,2544,2474,2195550
7/27/2016,2492,2473,2537,2468,2318196
7/26/2016,2485,2464,2492,2435,2195534
7/25/2016,2458,2438,2476,2416,2316252
7/22/2016,2450,2555,2584,2439,3264174
7/21/2016,2554,2510,2568,2470,2936482
7/20/2016,2517,2577,2584,2460,3588336
7/19/2016,2589,2533,2606,2524,2917416
7/18/2016,2538,2560,2598,2522,2132296
7/15/2016,2578,2706,2711,2578,2535116
7/14/2016,2702,2710,2754,2675,3395364
7/13/2016,2688,2576,2688,2563,5063136
7/12/2016,2579,2544,2591,2512,4565966
7/11/2016,2540,2546,2595,2501,4255516
7/8/2016,2528,2639,2646,2507,3866298
7/7/2016,2630,2690,2755,2630,3729152
7/6/2016,2724,2805,2853,2710,4949224
7/5/2016,2814,2932,2944,2798,4144514
7/4/2016,2930,2900,3003,2894,4055120
7/1/2016,2908,2882,2972,2840,4322182
6/30/2016,2889,2814,2895,2803,4387536
6/29/2016,2818,2850,2877,2775,4740962
6/28/2016,2814,2730,2814,2718,3766696
6/27/2016,2738,2619,2742,2612,4043722
6/24/2016,2632,2634,2694,2624,6092828
6/23/2016,2635,2655,2692,2613,4167636
6/22/2016,2675,2629,2675,2603,3445900
6/21/2016,2661,2677,2711,2652,4044748
6/20/2016,2684,2662,2696,2642,3696476
6/17/2016,2657,2621,2660,2584,4368494
6/16/2016,2620,2730,2740,2607,5676760
6/15/2016,2712,2669,2731,2643,5904132
6/14/2016,2655,2721,2781,2627,4870246
6/13/2016,2694,2669,2694,2640,968006
6/8/2016,2590,2573,2590,2538,3385966
6/7/2016,2581,2568,2603,2541,4226136
6/6/2016,2567,2570,2578,2526,3651898
6/3/2016,2553,2507,2556,2481,4176714
6/2/2016,2498,2398,2520,2386,4632422
6/1/2016,2399,2423,2453,2371,4473308
5/31/2016,2426,2440,2460,2412,3367126
5/30/2016,2436,2330,2436,2323,4843350
5/27/2016,2341,2351,2365,2286,4230252
5/26/2016,2346,2269,2352,2259,4129700
5/25/2016,2253,2231,2278,2203,3338440
5/24/2016,2259,2351,2353,2259,3080588
5/23/2016,2347,2430,2443,2326,4171576
5/20/2016,2409,2372,2409,2344,3671050
5/19/2016,2383,2364,2391,2335,3707676
5/18/2016,2363,2329,2404,2320,3996630
5/17/2016,2329,2264,2332,2260,2467054
5/16/2016,2272,2235,2281,2194,3007292
5/13/2016,2240,2300,2316,2220,2967822
5/12/2016,2300,2286,2337,2241,3196446
5/11/2016,2272,2188,2272,2151,2103536
5/10/2016,2174,2195,2202,2121,2872132
5/9/2016,2204,2180,2224,2159,2674340
5/6/2016,2176,2240,2251,2148,3074180
5/5/2016,2217,2185,2249,2179,3215484
5/4/2016,2192,2224,2237,2164,2297164
5/3/2016,2120,2120,2120,2025,618
4/29/2016,2151,2161,2209,2147,2054066
4/28/2016,2160,2198,2202,2132,1894680
4/27/2016,2192,2190,2216,2156,2425692
4/26/2016,2181,2143,2207,2131,2683854
4/25/2016,2139,2140,2214,2110,2430788
4/22/2016,2137,2242,2296,2124,2321266
4/21/2016,2251,2171,2251,2159,1745276
4/20/2016,2185,2118,2187,2118,2701274
4/19/2016,2110,2098,2116,2089,1433626
4/18/2016,2098,2056,2112,2044,1705114
4/15/2016,2065,2068,2081,2056,1326138
4/14/2016,2070,2054,2098,2047,1836596
4/13/2016,2050,2033,2083,2028,2503406
4/12/2016,2025,1986,2026,1981,1780190
4/11/2016,1984,1956,1999,1956,1506566
4/8/2016,1952,1964,1975,1947,908954
4/7/2016,1961,1950,1972,1947,847298
4/6/2016,1955,1967,1980,1948,1209004
4/5/2016,1885,1861,1892,1842,59554
4/1/2016,1946,1943,1961,1934,1378382
3/31/2016,1943,1990,1994,1938,1627472
3/30/2016,1984,1982,1996,1968,1663068
3/29/2016,1981,1988,2014,1978,2040738
3/28/2016,1990,2015,2031,1986,2196130
3/25/2016,2012,2000,2035,1999,2954438
3/24/2016,2009,1970,2026,1960,2707410
3/23/2016,1977,1975,2010,1968,2027936
3/22/2016,1975,1927,1988,1926,1868526
3/21/2016,1926,1937,1945,1914,905496
3/18/2016,1939,1918,1948,1906,1197182
3/17/2016,1912,1885,1914,1875,555088
3/16/2016,1885,1894,1902,1881,357976
3/15/2016,1898,1914,1926,1896,469436
3/14/2016,1915,1918,1940,1914,359046
3/11/2016,1915,1899,1925,1878,757268
3/10/2016,1897,1935,1951,1896,971216
3/9/2016,1930,1930,1947,1910,776928
3/8/2016,1927,1965,1998,1919,1423306
3/7/2016,1965,1913,1974,1912,1753242
3/4/2016,1909,1884,1912,1882,993140
3/3/2016,1887,1860,1892,1855,1015976
3/2/2016,1859,1854,1874,1848,977998
3/1/2016,1848,1838,1851,1829,837200
2/29/2016,1836,1871,1884,1824,1112942
2/26/2016,1870,1884,1893,1861,799178
2/25/2016,1880,1885,1891,1873,906360
2/24/2016,1884,1919,1927,1882,901272
2/23/2016,1918,1930,1940,1914,766174
2/22/2016,1929,1896,1932,1891,895464
2/19/2016,1897,1904,1911,1880,937312
2/18/2016,1904,1900,1913,1895,650750
2/17/2016,1900,1914,1927,1897,739154
2/16/2016,1913,1895,1923,1893,724918
2/15/2016,1893,1901,1925,1892,364630
2/5/2016,1921,1946,1948,1913,428712
2/4/2016,1945,1959,1960,1940,471340
2/3/2016,1958,1959,1966,1951,400924
2/2/2016,1962,1948,1963,1942,520216
2/1/2016,1952,1930,1961,1930,665332
1/29/2016,1932,1965,1965,1929,948928
1/28/2016,1963,1965,1985,1956,1224576
1/27/2016,1964,1962,1968,1949,771944
1/26/2016,1959,1955,1969,1946,645746
1/25/2016,1954,1968,1978,1950,876910
1/22/2016,1965,1945,1973,1943,1003374
1/21/2016,1944,1955,1960,1936,1116288
1/20/2016,1957,1956,1972,1944,1199604
1/19/2016,1962,1973,1976,1954,1312468
1/18/2016,1974,1902,1983,1900,1804450
1/15/2016,1910,1909,1922,1903,1167196
1/14/2016,1909,1889,1914,1878,1360570
1/13/2016,1886,1898,1928,1877,1794782
1/12/2016,1898,1895,1922,1885,1381250
1/11/2016,1895,1910,1918,1888,787338
1/8/2016,1909,1893,1913,1885,990160
1/7/2016,1893,1867,1902,1864,1155884
1/6/2016,1872,1883,1886,1859,945564
1/5/2016,1883,1868,1885,1854,950922
1/4/2016,1870,1911,1924,1866,683492
12/31/2015,1918,1909,1924,1903,788266
12/30/2015,1911,1894,1915,1893,1079016
12/29/2015,1896,1870,1899,1868,771598
12/28/2015,1869,1896,1904,1868,593152
12/25/2015,1899,1910,1920,1896,773746
12/24/2015,1913,1920,1927,1904,985276
12/23/2015,1922,1933,1934,1909,893198
12/22/2015,1931,1936,1947,1923,1093574
12/21/2015,1936,1911,1941,1899,1273230
12/18/2015,1906,1865,1907,1859,1076426
12/17/2015,1865,1897,1917,1864,1318662
12/16/2015,1899,1894,1908,1878,1084126
12/15/2015,1894,1880,1921,1873,1105716
12/14/2015,1885,1887,1890,1867,766534
12/11/2015,1888,1842,1891,1838,1062570
12/10/2015,1844,1846,1862,1835,738226
12/9/2015,1842,1822,1852,1817,947042
12/8/2015,1824,1875,1879,1819,1063712
12/7/2015,1881,1867,1886,1857,811986
12/4/2015,1870,1850,1872,1838,824968
12/3/2015,1852,1898,1899,1851,862506
12/2/2015,1900,1893,1927,1883,700566
12/1/2015,1881,1863,1898,1858,521956
11/30/2015,1793,1794,1807,1756,699516
11/27/2015,1799,1820,1821,1789,748124
11/26/2015,1822,1781,1840,1771,1055818
11/25/2015,1784,1771,1787,1751,1132380
11/24/2015,1769,1714,1773,1699,1323278
11/23/2015,1709,1777,1796,1709,1436572
11/20/2015,1777,1775,1798,1765,984038
11/19/2015,1779,1830,1830,1768,1771172
11/18/2015,1823,1854,1865,1819,1063738
11/17/2015,1852,1864,1872,1851,877864
11/16/2015,1862,1906,1909,1860,1029102
11/13/2015,1908,1915,1934,1907,652850
11/12/2015,1922,1928,1940,1908,984838
11/11/2015,1932,1949,1952,1929,977408
11/10/2015,1952,1985,1987,1950,717108
11/9/2015,1986,1968,1997,1960,727926
11/6/2015,1969,1970,1972,1950,854024
11/5/2015,1967,1965,1975,1957,752190
11/4/2015,1961,1942,1967,1941,554058
11/3/2015,1945,1950,1954,1932,882310
11/2/2015,1950,1953,1958,1941,707262
10/30/2015,1949,1963,1969,1944,911678
10/29/2015,1966,1969,1971,1953,938910
10/28/2015,1970,1967,1977,1962,983432
10/27/2015,1964,1962,1972,1939,1170978
10/26/2015,1963,1954,1967,1943,1201606
10/23/2015,1950,1964,1967,1931,1615236
10/22/2015,1961,1943,1964,1937,1087174
10/21/2015,1943,1960,1964,1927,1838322
10/20/2015,1952,1971,1973,1934,1561592
10/19/2015,1969,1982,1987,1966,1061376
10/16/2015,1987,2009,2012,1983,1139202
10/15/2015,2013,2018,2021,2006,925340
10/14/2015,2012,2008,2028,2003,1510690
10/13/2015,2005,2000,2014,1986,1391220
10/12/2015,2000,1978,2007,1971,1927894
10/9/2015,1970,1970,1988,1962,1723964
10/8/2015,1957,1998,1998,1957,220
9/30/2015,1985,1995,2003,1982,971498
9/29/2015,1989,2015,2018,1962,2002862
9/28/2015,2017,2050,2050,2012,962616
9/25/2015,2033,2011,2040,2008,1455254
9/24/2015,2016,2024,2035,2012,1198706
9/23/2015,2022,2005,2024,2001,1402840
9/22/2015,2014,2017,2029,2010,1596550
9/21/2015,2020,2017,2023,1978,2077980
9/18/2015,2019,2032,2045,2016,1666984
9/17/2015,2042,2060,2063,2038,1850992
9/16/2015,2063,2047,2064,2035,2077840
9/15/2015,2051,2040,2067,2035,2534114
9/14/2015,2035,2025,2050,2005,2382874
9/11/2015,2022,2015,2041,2012,1885610
9/10/2015,2025,2015,2032,2003,2087196
9/9/2015,2010,2020,2050,2007,2892214
9/8/2015,2015,2009,2023,2000,1641778
9/7/2015,1870,1932,1935,1855,1122
9/2/2015,2079,2054,2080,2038,1681184
9/1/2015,2062,2035,2070,2029,1968354
8/31/2015,2039,2050,2079,2030,2735724
8/28/2015,2054,2056,2105,2033,3288430
8/27/2015,2056,2009,2060,1997,2242772
8/26/2015,2002,2038,2045,1996,1795718
8/25/2015,1998,1945,2026,1941,2204720
8/24/2015,1979,2057,2063,1979,1835338
8/21/2015,2054,2064,2084,2048,1629894
8/20/2015,2056,2092,2096,2052,1752604
8/19/2015,2086,2106,2111,2064,2080976
8/18/2015,2115,2139,2148,2113,1593702
8/17/2015,2126,2130,2142,2113,1220492
8/14/2015,2135,2143,2159,2127,1813162
8/13/2015,2143,2187,2224,2080,3300644
8/12/2015,2180,2145,2182,2141,2440890
8/11/2015,2151,2120,2183,2115,2490304
8/10/2015,2119,2072,2125,2066,1974258
8/7/2015,2072,2093,2102,2046,1775548
8/6/2015,2098,2115,2129,2086,1352050
8/5/2015,2103,2108,2121,2096,1403350
8/4/2015,2104,2075,2111,2073,1683502
8/3/2015,2083,2118,2131,2076,1660260
7/31/2015,2122,2147,2152,2109,1870372
7/30/2015,2135,2134,2157,2128,1512102
7/29/2015,2134,2154,2168,2124,1588002
7/28/2015,2146,2128,2156,2115,1342974
7/27/2015,2137,2183,2186,2135,1272440
7/24/2015,2187,2220,2234,2181,1525820
7/23/2015,2298,2303,2321,2284,3051528
7/22/2015,2315,2272,2315,2260,2554084
7/21/2015,2276,2257,2302,2253,2645434
7/20/2015,2264,2271,2300,2234,3398574
7/17/2015,2286,2365,2375,2260,4619488
7/16/2015,2356,2336,2357,2277,3889256
7/15/2015,2345,2367,2401,2330,3756768
7/14/2015,2369,2281,2369,2270,3740198
7/13/2015,2289,2279,2312,2226,2487366
7/10/2015,2256,2227,2256,2224,1802892
7/9/2015,2210,2139,2288,2018,3436310
7/8/2015,2141,2223,2234,2141,2605972
7/7/2015,2226,2172,2274,2161,3520988
7/6/2015,2177,2211,2219,2150,2022846
7/3/2015,2212,2150,2220,2148,2322588
7/2/2015,2158,2140,2158,2128,1796206
7/1/2015,2149,2049,2149,2042,2207976
6/30/2015,2049,2084,2095,2041,1807040
6/29/2015,2081,2103,2106,2062,1677506
6/26/2015,2077,2085,2108,2057,1807038
6/25/2015,2069,2080,2089,2064,1009110
6/24/2015,2080,2085,2089,2074,1065786
6/23/2015,1959,1950,1959,1944,214
6/19/2015,2048,2038,2074,2035,1824416
6/18/2015,2039,2063,2072,2036,1507054
6/17/2015,2062,2021,2076,1985,2838638
6/16/2015,2021,2002,2028,1998,1487310
6/15/2015,2010,2043,2048,2001,1713438
6/12/2015,2038,2091,2093,2027,2108272
6/11/2015,2097,2106,2110,2092,1130180
6/10/2015,2096,2101,2115,2086,1475470
6/9/2015,2100,2099,2109,2096,1056324
6/8/2015,2093,2108,2115,2087,1360772
6/5/2015,2107,2119,2120,2096,1869662
6/4/2015,2116,2108,2122,2083,2428588
6/3/2015,2114,2104,2125,2103,2170928
6/2/2015,2098,2056,2108,2055,2606380
6/1/2015,2054,2068,2083,2052,1651104
5/29/2015,2071,2083,2087,2063,1606386
5/28/2015,2080,2067,2096,2065,1914270
5/27/2015,2061,2037,2079,2031,2391950
5/26/2015,2045,2044,2067,2039,1785336
5/25/2015,2041,2087,2092,2037,1959736
5/22/2015,2088,2070,2092,2063,2330318
5/21/2015,2073,2095,2101,2072,2661332
5/20/2015,2096,2162,2162,2095,2429624
5/19/2015,2167,2191,2196,2165,1578916
5/18/2015,2183,2168,2188,2162,1583182
5/15/2015,2168,2178,2185,2166,1634928
5/14/2015,2176,2216,2219,2169,2581696
5/13/2015,2210,2211,2226,2190,2049416
5/12/2015,2205,2240,2248,2197,2540988
5/11/2015,2245,2230,2252,2229,1756578
5/8/2015,2229,2262,2272,2225,3024406
5/7/2015,2266,2248,2284,2238,4209296
5/6/2015,2250,2237,2261,2233,2470282
5/5/2015,2235,2231,2274,2203,3349936
5/4/2015,2233,2222,2239,2219,1092716
4/30/2015,2259,2233,2262,2227,1992224
4/29/2015,2232,2260,2265,2217,2296072
4/28/2015,2247,2232,2268,2230,2715508
4/27/2015,2231,2215,2238,2201,2055194
4/24/2015,2215,2185,2228,2183,2275918
4/23/2015,2182,2170,2193,2167,1548912
4/22/2015,2174,2188,2196,2166,1628064
4/21/2015,2191,2182,2199,2173,1811884
4/20/2015,2182,2171,2195,2155,2287588
4/17/2015,2169,2163,2178,2160,1738084
4/16/2015,2160,2163,2185,2147,2877446
4/15/2015,2166,2170,2185,2159,2062010
4/14/2015,2162,2150,2162,2139,1946128
4/13/2015,2147,2135,2156,2117,2438264
4/10/2015,2132,2161,2172,2130,2799228
4/9/2015,2165,2232,2237,2165,2997358
4/8/2015,2234,2232,2242,2202,2195730
4/7/2015,2237,2223,2252,2223,1516544
4/3/2015,2238,2250,2256,2230,2095596
4/2/2015,2257,2270,2295,2252,2494722
4/1/2015,2273,2226,2301,2221,3829510
3/31/2015,2228,2225,2242,2212,2594546
3/30/2015,2231,2241,2258,2228,2412568
3/27/2015,2248,2239,2249,2221,2083550
3/26/2015,2243,2271,2285,2241,2486134
3/25/2015,2268,2288,2295,2264,3264014
3/24/2015,2288,2277,2298,2253,3415748
3/23/2015,2275,2235,2286,2232,2786000
3/20/2015,2234,2221,2240,2206,2136052
3/19/2015,2229,2215,2248,2201,2336800
3/18/2015,2210,2234,2241,2209,2066958
3/17/2015,2242,2246,2267,2226,2519030
3/16/2015,2238,2255,2261,2216,2730750
3/13/2015,2261,2311,2332,2256,4320886
3/12/2015,2317,2295,2334,2292,3358374
3/11/2015,2296,2236,2325,2214,3731826
3/10/2015,2238,2232,2255,2232,1326972
3/9/2015,2238,2204,2245,2181,1305996
3/6/2015,2201,2216,2238,2197,869224
3/5/2015,2219,2239,2243,2202,858176
3/4/2015,2248,2247,2260,2226,799528
3/3/2015,2245,2295,2305,2233,1117188
3/2/2015,2405,2375,2418,2363,1648948
2/27/2015,2375,2328,2382,2328,1743200
2/26/2015,2323,2295,2331,2293,1082050
2/25/2015,2298,2305,2320,2285,564534
2/24/2015,2280,2280,2280,2280,94
2/17/2015,2279,2258,2293,2250,631366
2/16/2015,2261,2244,2275,2241,1104356
2/13/2015,2248,2192,2249,2186,1532026
2/12/2015,2186,2183,2189,2174,727658
2/11/2015,2188,2182,2194,2168,1166534
2/10/2015,2187,2177,2202,2173,1347078
2/9/2015,2182,2172,2183,2152,1240502
2/6/2015,2168,2164,2183,2161,1353480
2/5/2015,2160,2163,2171,2146,1400000
2/4/2015,2158,2146,2195,2132,1725790
2/3/2015,2137,2104,2146,2100,1841010
2/2/2015,2099,2130,2131,2087,2048912
1/30/2015,2131,2117,2138,2113,1531216
1/29/2015,2120,2119,2129,2108,1464150
1/28/2015,2125,2147,2154,2117,1819114
1/27/2015,2142,2128,2165,2121,1958020
1/26/2015,2128,2125,2139,2100,1669960
1/23/2015,2133,2164,2164,2115,1651454
1/22/2015,2152,2136,2168,2133,1617230
1/21/2015,2141,2106,2161,2095,2710326
1/20/2015,2108,2110,2115,2081,2013796
1/19/2015,2108,2138,2167,2062,2760126
1/16/2015,2132,2153,2169,2107,1895974
1/15/2015,2154,2128,2162,2110,1419910
1/14/2015,2129,2187,2198,2126,1722766
1/13/2015,2195,2226,2236,2175,1331602
1/12/2015,2231,2232,2243,2225,879768
1/9/2015,2230,2257,2267,2223,1421152
1/8/2015,2257,2248,2265,2238,1142558
1/7/2015,2244,2251,2269,2234,1348504
1/6/2015,2243,2220,2263,2212,1277816
1/5/2015,2207,2214,2231,2203,1100870
12/31/2014,2253,2281,2304,2246,1407586
12/30/2014,2286,2282,2294,2257,1436444
12/29/2014,2283,2246,2303,2242,1983638
12/26/2014,2246,2219,2256,2218,1646932
12/25/2014,2220,2218,2228,2213,1292416
12/24/2014,2221,2227,2244,2210,1795562
12/23/2014,2230,2252,2252,2221,2343732
12/22/2014,2250,2261,2262,2245,1591942
12/19/2014,2264,2260,2276,2256,1205402
12/18/2014,2244,2267,2271,2242,2195658
12/17/2014,2256,2291,2297,2248,2438084
12/16/2014,2306,2341,2345,2298,2506612
12/15/2014,2338,2362,2366,2307,2888474
12/12/2014,2351,2370,2377,2342,1935622
12/11/2014,2372,2338,2372,2332,2184228
12/10/2014,2367,2296,2368,2294,2325762
12/9/2014,2286,2270,2295,2258,2003264
12/8/2014,2274,2268,2296,2257,1944532
12/5/2014,2246,2228,2248,2203,1996454
12/4/2014,2212,2230,2246,2210,2060520
12/3/2014,2226,2212,2229,2184,2693530
12/2/2014,2240,2230,2260,2225,1982798
12/1/2014,2213,2238,2238,2192,1843438
11/28/2014,2281,2250,2302,2239,2062680
11/27/2014,2259,2236,2269,2231,1379514
11/26/2014,2236,2244,2262,2233,2127840
11/25/2014,2239,2215,2240,2209,1744612
11/24/2014,2212,2245,2248,2210,1786392
11/21/2014,2231,2213,2234,2188,2322638
11/20/2014,2201,2188,2211,2179,2011358
11/19/2014,2201,2237,2245,2193,2335188
11/18/2014,2252,2275,2283,2222,1710540
11/17/2014,2261,2258,2287,2251,1514974
11/14/2014,2278,2331,2331,2272,1726720
11/13/2014,2341,2316,2343,2316,1017026
11/12/2014,2345,2334,2358,2332,1210386
11/11/2014,2255,2288,2289,2246,1233976
11/10/2014,2314,2299,2316,2274,1514242
11/7/2014,2295,2277,2322,2267,2215236
11/6/2014,2262,2234,2264,2231,1487620
11/5/2014,2215,2239,2252,2213,1456432
11/4/2014,2256,2309,2316,2256,1740074
11/3/2014,2328,2358,2366,2326,1662928
10/31/2014,2359,2320,2372,2315,1656082
10/30/2014,2329,2354,2355,2315,2010598
10/29/2014,2323,2280,2327,2278,2058522
10/28/2014,2283,2330,2332,2282,1520366
10/27/2014,2265,2250,2266,2244,1445220
10/24/2014,2273,2256,2282,2253,2115782
10/23/2014,2222,2203,2222,2189,1367232
10/22/2014,2211,2229,2231,2203,1221316
10/21/2014,2205,2183,2220,2183,1562276
10/20/2014,2176,2176,2185,2165,979050
10/17/2014,2192,2199,2215,2181,1688362
10/16/2014,2173,2170,2202,2157,1726100
10/15/2014,2173,2185,2189,2167,1181662
10/14/2014,2179,2154,2196,2145,2250240
10/13/2014,2131,2068,2136,2067,1953336
10/10/2014,2084,2128,2131,2076,1859028
10/9/2014,2131,2135,2148,2122,1304640
10/8/2014,2179,2220,2231,2160,3158
9/30/2014,2118,2135,2143,2111,940944
9/29/2014,2113,2110,2140,2094,1648534
9/26/2014,2123,2117,2143,2081,2480822
9/25/2014,2135,2130,2138,2110,1548696
9/24/2014,2128,2132,2148,2121,1480508
9/23/2014,2134,2100,2142,2088,1959384
9/22/2014,2113,2157,2169,2095,1924842
9/19/2014,2180,2208,2208,2157,2261426
9/18/2014,2224,2225,2235,2210,1420090
9/17/2014,2225,2192,2230,2186,2076406
9/16/2014,2197,2211,2222,2195,1929906
9/15/2014,2206,2203,2219,2193,1678932
9/12/2014,2214,2150,2223,2150,2650476
9/11/2014,2168,2165,2177,2152,1816036
9/10/2014,2175,2198,2204,2146,2326498
9/9/2014,2217,2220,2240,2206,1285248
9/5/2014,2225,2221,2233,2212,1747822
9/4/2014,2231,2279,2280,2224,2337050
9/3/2014,2284,2325,2330,2275,1760816
9/2/2014,2321,2307,2328,2296,1360596
9/1/2014,2312,2324,2330,2311,1175836
8/29/2014,2324,2354,2354,2308,2605382
8/28/2014,2342,2356,2358,2339,1201442
8/27/2014,2357,2344,2368,2331,1960446
8/26/2014,2338,2322,2341,2319,1374854
8/25/2014,2341,2365,2369,2331,1451340
8/22/2014,2360,2350,2362,2344,1198426
8/21/2014,2341,2321,2347,2307,1755660
8/20/2014,2331,2330,2342,2318,1843722
8/19/2014,2327,2347,2350,2321,1839328
8/18/2014,2344,2352,2353,2306,2390140
8/15/2014,2357,2375,2375,2347,1968120
8/14/2014,2353,2378,2383,2308,3557502
8/13/2014,2382,2407,2424,2363,2586222
8/12/2014,2407,2426,2430,2398,1791760
8/11/2014,2436,2434,2458,2433,1745042
8/8/2014,2435,2447,2458,2424,1588550
8/7/2014,2451,2445,2466,2441,1304618
8/6/2014,2426,2438,2452,2417,1465832
8/5/2014,2442,2436,2457,2425,1404530
8/4/2014,2427,2417,2435,2405,1436220
8/1/2014,2423,2452,2456,2409,1381664
7/31/2014,2459,2465,2479,2451,1043596
7/30/2014,2480,2470,2490,2447,1424154
7/29/2014,2488,2452,2493,2450,1188274
7/28/2014,2432,2430,2438,2412,849750
7/25/2014,2403,2417,2422,2387,1087732
7/24/2014,2414,2410,2431,2404,1141882
7/23/2014,2386,2404,2438,2381,1398354
7/22/2014,2826,2799,2838,2798,1589678
7/21/2014,2797,2795,2812,2789,1345562
7/18/2014,2812,2804,2835,2797,2000752
7/17/2014,2809,2869,2872,2806,2098784
7/16/2014,2857,2850,2867,2838,1529228
7/15/2014,2843,2875,2883,2841,1885658
7/14/2014,2872,2823,2873,2819,1934132
7/11/2014,2861,2840,2867,2819,2468042
7/10/2014,2852,2841,2873,2835,2090028
7/9/2014,2837,2909,2911,2834,2925070
7/8/2014,2926,2923,2936,2898,1848530
7/7/2014,2917,2960,2966,2904,2615440
7/4/2014,2958,3012,3015,2955,2474162
7/3/2014,3020,3023,3029,3011,1635110
7/2/2014,3026,3004,3034,2985,2617412
7/1/2014,2996,3010,3027,2964,4029006
6/30/2014,3091,3041,3092,3036,2517512
6/27/2014,3058,3055,3077,3047,2588828
6/26/2014,3034,3029,3040,3018,2074688
6/25/2014,3028,3027,3062,3003,3254024
6/24/2014,3023,3060,3064,3013,2391540
6/23/2014,3072,3042,3081,3040,2162974
6/20/2014,3025,3037,3048,3009,2396772
6/19/2014,3035,3040,3048,3019,3262000
6/18/2014,3037,3029,3046,3001,3863366
6/17/2014,3044,3096,3116,3036,4084082
6/16/2014,3101,3079,3105,3064,2383640
6/13/2014,3074,3059,3074,3031,3057992
6/12/2014,3086,3026,3089,3022,3336564
6/11/2014,3036,3040,3044,3018,2418636
6/10/2014,3032,3045,3060,3027,3497044
6/9/2014,3045,2973,3054,2968,3572050
6/6/2014,2965,2986,2996,2937,2823568
6/5/2014,2994,3059,3065,2989,2886810
6/4/2014,3067,3067,3076,3052,1613960
6/3/2014,3080,3078,3087,3058,1768850
5/30/2014,3074,3072,3083,3042,2287812
5/29/2014,3071,3038,3075,3031,1893940
5/28/2014,3035,3029,3047,3006,2627464
5/27/2014,3035,3102,3118,3012,4589534
5/26/2014,3107,3094,3110,3082,1399764
5/23/2014,3096,3085,3096,3070,1620426
5/22/2014,3092,3045,3098,3037,2332286
5/21/2014,3021,3010,3034,3006,2276672
5/20/2014,3026,3010,3031,2988,2100574
5/19/2014,2982,2993,3006,2968,2347762
5/16/2014,2991,2965,2993,2963,2184418
5/15/2014,2975,2967,2984,2956,2428232
5/14/2014,2960,2917,2962,2908,2573990
5/13/2014,2911,2872,2912,2868,1455556
5/12/2014,2893,2892,2900,2876,1727262
5/9/2014,2873,2909,2919,2868,2770282
5/8/2014,2896,2866,2899,2856,2698296
5/7/2014,2869,2868,2875,2848,1633902
5/6/2014,2873,2860,2880,2851,1875040
5/5/2014,2869,2870,2875,2847,1422936
4/30/2014,2895,2896,2902,2881,1475136
4/29/2014,2871,2860,2874,2853,1381750
4/28/2014,2866,2808,2874,2805,2213938
4/25/2014,2776,2767,2780,2754,1898592
4/24/2014,2763,2762,2769,2733,2084894
4/23/2014,2756,2779,2790,2752,1934200
4/22/2014,2791,2763,2795,2751,1155010
4/21/2014,2771,2786,2793,2760,1321630
4/18/2014,2780,2753,2781,2742,1235586
4/17/2014,2761,2744,2766,2737,1534118
4/16/2014,2738,2741,2750,2722,1683154
4/15/2014,2726,2723,2738,2716,1812812
4/14/2014,2713,2701,2728,2692,1634304
4/11/2014,2708,2706,2710,2676,1309270
4/10/2014,2714,2721,2728,2699,1438864
4/9/2014,2716,2702,2749,2701,2188912
4/8/2014,2691,2671,2699,2666,1148782
4/4/2014,2680,2656,2681,2644,1245852
4/3/2014,2651,2632,2657,2626,1542770
4/2/2014,2640,2645,2650,2618,1283446
4/1/2014,2638,2595,2668,2593,2215660
3/31/2014,2575,2583,2594,2566,889520
3/28/2014,2587,2579,2598,2571,928704
3/27/2014,2578,2579,2606,2574,1320914
3/26/2014,2574,2575,2586,2562,998732
3/25/2014,2573,2550,2589,2544,1526312
3/24/2014,2545,2514,2555,2514,1130282
3/21/2014,2536,2549,2551,2521,1002292
3/20/2014,2550,2535,2564,2526,1487890
3/19/2014,2532,2506,2538,2502,1440374
3/18/2014,2492,2483,2503,2475,1127000
3/17/2014,2483,2503,2507,2466,1469956
3/14/2014,2500,2540,2544,2499,1406716
3/12/2014,2572,2582,2596,2562,1207966
3/11/2014,2589,2564,2604,2560,1719086
3/10/2014,2584,2588,2610,2579,2272248
3/6/2014,2565,2570,2579,2558,1370314
3/5/2014,2568,2539,2570,2530,1588300
3/4/2014,2533,2522,2536,2511,857564
3/3/2014,2532,2535,2538,2520,912306
2/28/2014,2519,2523,2540,2512,1328614
2/27/2014,2536,2537,2544,2522,1357014
2/26/2014,2534,2543,2572,2528,2340722
2/25/2014,2534,2553,2559,2529,1315064
2/24/2014,2547,2534,2548,2505,1106348
2/21/2014,2524,2552,2557,2521,1002030
2/20/2014,2550,2530,2564,2525,1129690
2/19/2014,2534,2545,2548,2525,553368
2/18/2014,2526,2536,2548,2518,684450
2/17/2014,2533,2554,2575,2531,692168
2/14/2014,2554,2578,2580,2551,514872
2/13/2014,2564,2532,2571,2527,541412
2/12/2014,2544,2570,2574,2542,486844
2/11/2014,2555,2553,2564,2547,401972
2/10/2014,2567,2583,2587,2557,493336
2/7/2014,2568,2520,2589,2518,488472
1/30/2014,2482,2455,2483,2448,202432
1/29/2014,2462,2463,2489,2456,353130
1/28/2014,2463,2481,2482,2458,256708
1/27/2014,2616,2604,2629,2595,1287240
1/24/2014,2454,2450,2463,2445,257666
1/23/2014,2469,2469,2478,2458,335574
1/22/2014,2594,2630,2641,2579,2378376
1/21/2014,2662,2689,2695,2656,1666942
1/20/2014,2688,2678,2691,2662,1601246
1/17/2014,2675,2675,2711,2666,2587322
1/15/2014,2653,2632,2655,2626,2015504
1/14/2014,2627,2599,2629,2580,2568450
1/13/2014,2578,2590,2609,2577,1832898
1/10/2014,2592,2579,2595,2570,1807142
1/9/2014,2578,2578,2610,2571,2487266
1/8/2014,2586,2587,2592,2563,2211700
1/7/2014,2582,2630,2630,2569,3355716
1/6/2014,2620,2628,2639,2612,2462186
1/3/2014,2627,2629,2642,2602,3208056
1/2/2014,2641,2616,2642,2606,2447362
12/31/2013,2624,2596,2634,2591,3351688
12/30/2013,2594,2628,2645,2585,3580200
12/27/2013,2624,2551,2629,2548,2539900
12/26/2013,2562,2567,2588,2553,1993464
12/25/2013,2563,2502,2566,2495,2193230
12/24/2013,2495,2505,2506,2476,1564816
12/23/2013,2514,2520,2526,2505,1255386
12/20/2013,2523,2520,2525,2504,1078214
12/19/2013,2517,2506,2522,2498,1772200
12/18/2013,2516,2540,2546,2502,1547256
12/17/2013,2536,2530,2544,2522,1933912
12/16/2013,2513,2485,2519,2483,1827076
12/13/2013,2479,2486,2488,2461,1000730
12/12/2013,2494,2514,2524,2491,1016372
12/11/2013,2511,2513,2517,2501,1144664
12/10/2013,2515,2526,2528,2512,955006
12/9/2013,2516,2495,2525,2491,2160790
12/6/2013,2498,2486,2498,2470,1859564
12/5/2013,2485,2479,2495,2476,1201458
12/4/2013,2477,2440,2478,2439,1264838
12/3/2013,2438,2440,2451,2437,842580
12/2/2013,2456,2449,2458,2439,1080568
11/29/2013,2445,2428,2445,2428,937718
11/28/2013,2428,2413,2433,2411,808328
11/27/2013,2419,2402,2423,2396,1302954
11/26/2013,2399,2420,2421,2396,895482
11/25/2013,2407,2422,2431,2407,910754
11/22/2013,2406,2396,2410,2388,1486166
11/21/2013,2389,2386,2400,2377,1512618
11/19/2013,2381,2378,2394,2375,1097130
11/18/2013,2374,2382,2385,2365,1221376
11/15/2013,2401,2408,2412,2392,1408668
11/14/2013,2406,2430,2434,2402,1112692
11/13/2013,2434,2438,2440,2424,1066036
11/12/2013,2432,2416,2434,2410,1153618
11/11/2013,2415,2428,2444,2408,1212768
11/8/2013,2378,2407,2416,2375,1011462
11/7/2013,2402,2448,2449,2400,1808948
11/6/2013,2452,2430,2453,2426,1395308
11/5/2013,2437,2438,2451,2427,1309242
11/4/2013,2435,2372,2436,2370,1515212
11/1/2013,2381,2365,2385,2364,567952
10/31/2013,2374,2371,2384,2358,972750
10/30/2013,2371,2386,2393,2365,1103006
10/29/2013,2386,2350,2386,2343,1317284
10/28/2013,2361,2360,2371,2349,1397190
10/25/2013,2359,2407,2410,2358,1859910
10/24/2013,2406,2429,2432,2396,1427946
10/23/2013,2424,2411,2431,2399,1459108
10/22/2013,2408,2429,2430,2406,1320364
10/21/2013,2426,2400,2429,2382,1595758
10/18/2013,2405,2421,2431,2404,1509052
10/17/2013,2411,2427,2434,2398,1940842
10/16/2013,2412,2410,2425,2394,2612010
10/15/2013,2414,2474,2480,2399,2704874
10/14/2013,2470,2456,2489,2452,1507618
10/11/2013,2470,2498,2501,2461,1763974
10/10/2013,2503,2541,2556,2498,1998192
10/9/2013,2535,2530,2544,2523,1447168
10/8/2013,2536,2486,2546,2486,1196240
10/3/2013,2483,2483,2483,2483,1329600
9/30/2013,2483,2481,2518,2450,1329634
9/27/2013,2488,2437,2494,2425,1892182
9/26/2013,2437,2430,2442,2418,1134892
9/25/2013,2427,2421,2445,2414,2661518
9/24/2013,2421,2385,2426,2376,1979580
9/23/2013,2384,2357,2409,2352,1449098
9/18/2013,2384,2370,2393,2363,767598
9/17/2013,2377,2350,2378,2346,1076168
9/16/2013,2361,2392,2397,2357,1047532
9/13/2013,2418,2445,2450,2410,1456184
9/12/2013,2401,2401,2418,2392,1424494
9/11/2013,2404,2390,2405,2371,1487444
9/10/2013,2375,2385,2393,2367,1576638
9/9/2013,2408,2442,2457,2406,1481744
9/6/2013,2444,2430,2445,2415,1094544
9/5/2013,2410,2422,2444,2403,1597560
9/4/2013,2440,2453,2463,2430,1618944
9/3/2013,2473,2500,2508,2427,2029154
9/2/2013,2482,2433,2484,2433,1132060
8/30/2013,2433,2449,2456,2413,1536850
8/29/2013,2458,2500,2504,2426,1912436
8/28/2013,2492,2533,2541,2483,1295226
8/27/2013,2546,2540,2550,2517,1407532
8/26/2013,2514,2503,2514,2496,696194
8/23/2013,2423,2424,2427,2407,1265250
8/22/2013,2424,2395,2427,2392,1819998
8/21/2013,2402,2390,2409,2373,1417200
8/20/2013,2389,2430,2433,2366,1679058
8/19/2013,2388,2398,2410,2376,1298504
8/16/2013,2367,2396,2416,2360,1716010
8/15/2013,2358,2320,2387,2320,2065448
8/14/2013,2304,2301,2339,2298,1556108
8/13/2013,2306,2278,2317,2277,1148674
8/12/2013,2253,2236,2257,2235,812798
8/9/2013,2233,2245,2252,2230,906784
8/8/2013,2229,2208,2240,2203,1091438
8/7/2013,2203,2233,2236,2200,1235538
8/6/2013,2244,2247,2256,2241,1200742
8/5/2013,2249,2230,2273,2230,2023300
8/2/2013,2238,2212,2239,2211,671568
8/1/2013,2222,2214,2230,2212,620626
7/31/2013,2216,2202,2220,2190,796918
7/30/2013,2217,2230,2233,2213,722316
7/29/2013,2216,2213,2221,2200,777502
7/26/2013,2213,2258,2262,2201,1604576
7/25/2013,2287,2293,2301,2281,785910
7/24/2013,2308,2290,2316,2287,1196206
7/23/2013,2313,2283,2323,2277,1570038
7/22/2013,2270,2292,2295,2261,1038912
7/19/2013,2281,2286,2326,2281,1698634
7/18/2013,2296,2279,2298,2271,490838
7/17/2013,2284,2301,2307,2280,670470
7/16/2013,2288,2275,2288,2266,680744
7/15/2013,2262,2242,2265,2242,514986
7/12/2013,2270,2274,2298,2268,858772
7/11/2013,2270,2264,2286,2252,763076
7/10/2013,2256,2262,2270,2246,662694
7/9/2013,2253,2215,2256,2215,851624
7/8/2013,2199,2220,2224,2189,495380
7/5/2013,2231,2225,2234,2215,539822
7/4/2013,2225,2239,2245,2220,633774
7/3/2013,2238,2229,2252,2221,880818
7/2/2013,2229,2180,2235,2178,701860
7/1/2013,2189,2190,2199,2180,433806
6/28/2013,2214,2231,2244,2212,493996
6/27/2013,2237,2230,2240,2220,609248
6/26/2013,2223,2222,2237,2209,701566
6/25/2013,2221,2200,2225,2193,692078
6/24/2013,2181,2198,2216,2176,521148
6/21/2013,2207,2235,2242,2205,658966
6/20/2013,2257,2262,2286,2254,463138
6/19/2013,2262,2271,2281,2253,504842
6/18/2013,2273,2286,2305,2271,675696
6/17/2013,2280,2248,2292,2232,674092
6/14/2013,2260,2223,2264,2222,329560
6/13/2013,2228,2269,2278,2226,218032
6/7/2013,2261,2284,2294,2246,347012
6/6/2013,2278,2299,2303,2276,349718
6/5/2013,2311,2263,2333,2261,823550
6/4/2013,2260,2270,2277,2252,298972
6/3/2013,2268,2238,2288,2237,334240
5/31/2013,2231,2220,2240,2210,220796
5/30/2013,2217,2207,2219,2198,195686
5/29/2013,2207,2172,2232,2168,354888
5/28/2013,2159,2162,2166,2153,58246
5/27/2013,2156,2135,2156,2133,79680
5/24/2013,2141,2149,2152,2133,93044
5/23/2013,2389,2408,2412,2386,137214
5/22/2013,2399,2396,2406,2391,109214
5/21/2013,2394,2398,2408,2385,150392
5/20/2013,2391,2398,2406,2388,165486
5/17/2013,2387,2378,2390,2376,284280
5/16/2013,2372,2376,2383,2356,465412
5/15/2013,2373,2351,2387,2351,734810
5/14/2013,2351,2350,2356,2337,255474
5/13/2013,2339,2350,2362,2330,457152
5/10/2013,2355,2357,2365,2348,275738
5/9/2013,2350,2355,2365,2345,253098
5/8/2013,2356,2345,2362,2338,353412
5/7/2013,2343,2332,2356,2332,387610
5/6/2013,2342,2338,2343,2321,560294
5/3/2013,2328,2345,2351,2310,922030
5/2/2013,2347,2330,2355,2321,323828
4/26/2013,2342,2352,2363,2325,394992
4/25/2013,2340,2343,2348,2317,550706
4/24/2013,2344,2388,2391,2334,944866
4/23/2013,2393,2406,2417,2382,637962
4/22/2013,2409,2399,2424,2385,835978
4/19/2013,2403,2420,2426,2397,710028
4/18/2013,2415,2403,2423,2396,1036706
4/17/2013,2411,2437,2443,2402,1104508
4/16/2013,2430,2393,2435,2372,1568516
4/15/2013,2417,2403,2430,2392,1442540
4/12/2013,2409,2378,2410,2375,768530
4/11/2013,2370,2368,2375,2355,294566
4/10/2013,2371,2354,2375,2350,409600
4/9/2013,2350,2356,2368,2345,342182
4/8/2013,2353,2320,2363,2311,478260
4/3/2013,2334,2330,2337,2304,440064
4/2/2013,2340,2336,2350,2323,417420
4/1/2013,2328,2363,2367,2321,365128
3/29/2013,2365,2350,2378,2340,390982
3/28/2013,2388,2428,2431,2386,469982
3/27/2013,2424,2427,2435,2413,237050
3/26/2013,2421,2407,2424,2404,348862
3/25/2013,2409,2421,2430,2404,562204
3/22/2013,2418,2454,2456,2418,530536
3/21/2013,2452,2431,2457,2431,446930
3/20/2013,2426,2416,2430,2410,544530
3/19/2013,2421,2434,2446,2419,763568
3/18/2013,2426,2428,2445,2370,893778
3/15/2013,2449,2453,2464,2433,1384360
3/14/2013,2442,2415,2450,2401,1392024
3/13/2013,2431,2412,2435,2388,1206208
3/12/2013,2409,2445,2445,2406,825834
3/11/2013,2439,2495,2495,2438,1262590
3/8/2013,2493,2506,2510,2491,555146
3/7/2013,2495,2497,2506,2485,617866
3/6/2013,2497,2519,2526,2480,1362960
3/5/2013,2520,2513,2530,2508,906504
3/4/2013,2496,2497,2513,2480,1036422
3/1/2013,2504,2495,2515,2475,1848742
2/28/2013,2486,2530,2538,2485,1532204
2/27/2013,2514,2518,2538,2494,1649002
2/26/2013,2498,2496,2538,2482,1923200
2/25/2013,2504,2550,2560,2496,1683200
2/22/2013,2572,2580,2639,2565,2491100
2/21/2013,2582,2535,2584,2517,1542900
2/20/2013,2545,2556,2562,2543,651392
2/19/2013,2542,2508,2557,2488,972538
2/18/2013,2473,2442,2478,2428,178628
2/8/2013,2477,2463,2510,2460,209840
2/7/2013,2567,2576,2586,2563,172946
2/6/2013,2579,2600,2609,2576,308816
2/5/2013,2586,2558,2614,2549,986150
2/4/2013,2561,2521,2579,2520,496364
2/1/2013,2521,2530,2532,2477,639604
1/31/2013,2537,2542,2550,2533,174358
1/30/2013,2532,2518,2538,2516,301474
1/29/2013,2515,2521,2528,2506,375244
1/28/2013,2521,2513,2524,2484,554936
1/25/2013,2504,2500,2518,2493,595570
1/24/2013,2493,2569,2569,2486,771526
1/23/2013,2576,2591,2604,2573,411626
1/22/2013,2590,2574,2595,2574,542938
1/21/2013,2573,2575,2591,2562,568840
1/18/2013,2573,2580,2612,2561,947392
1/17/2013,2572,2602,2612,2565,815338
1/16/2013,2586,2565,2595,2542,1070800
1/15/2013,2561,2549,2618,2542,1674300
1/14/2013,2541,2527,2548,2505,1299700
1/11/2013,2509,2465,2525,2463,1621400
1/10/2013,2463,2473,2490,2459,591084
1/9/2013,2478,2488,2514,2472,696804
1/8/2013,2480,2470,2500,2438,899582
1/7/2013,2455,2365,2457,2360,406058
1/4/2013,2370,2322,2380,2316,193838
12/31/2012,2340,2399,2399,2336,237194
12/28/2012,2398,2430,2458,2385,421116
