5/13/2016,5070,5045,5080,5020,21570
5/12/2016,5095,5100,5110,5065,14730
5/11/2016,5085,5070,5095,5060,12520
5/10/2016,5055,5015,5090,5000,19524
5/9/2016,5040,5120,5120,5020,22816
5/6/2016,5080,5005,5115,5000,32938
5/5/2016,5055,5100,5110,5050,21260
5/4/2016,5080,5150,5150,5075,35054
5/3/2016,5160,5255,5270,5130,35740
5/2/2016,5265,5320,5320,5235,0
4/29/2016,5285,5320,5320,5235,21122
4/28/2016,5255,5265,5280,5225,24528
4/27/2016,5270,5255,5315,5210,38794
4/26/2016,5220,5235,5355,5210,55432
4/25/2016,5240,5120,5255,5110,48948
4/22/2016,5150,5175,5220,5125,51004
4/21/2016,5245,5115,5245,5110,76418
4/20/2016,5060,5015,5090,5005,67428
4/19/2016,4985,5015,5040,4965,32648
4/15/2016,5020,5020,5065,5010,29538
4/14/2016,5015,4975,5020,4950,26852
4/13/2016,4980,5035,5110,4960,50224
4/12/2016,4985,5005,5010,4950,16942
4/11/2016,4990,5050,5060,4965,30540
4/8/2016,4975,5015,5015,4920,33640
4/7/2016,5040,5075,5095,5035,13352
4/6/2016,5050,5135,5140,5030,18432
4/1/2016,5185,5100,5195,5090,18690
3/31/2016,5080,5090,5110,5030,19686
3/30/2016,5115,5030,5115,5030,26074
3/29/2016,5020,5100,5125,5015,24194
3/28/2016,5095,5200,5235,5090,20620
3/25/2016,5190,5230,5290,5155,15478
3/24/2016,5310,5380,5400,5300,16504
3/23/2016,5445,5430,5480,5420,8152
3/22/2016,5425,5510,5515,5410,12030
3/21/2016,5490,5515,5525,5475,11094
3/18/2016,5535,5500,5540,5485,20812
3/17/2016,5475,5400,5525,5400,34488
3/16/2016,5375,5275,5380,5275,17996
3/15/2016,5265,5315,5325,5245,15024
3/14/2016,5290,5260,5320,5260,24014
3/11/2016,5260,5260,5300,5235,13596
3/10/2016,5250,5320,5340,5240,14494
3/9/2016,5300,5150,5305,5130,25118
3/8/2016,5240,5400,5400,5205,34886
3/7/2016,5310,5410,5420,5300,26136
3/4/2016,5230,5195,5265,5195,18894
3/3/2016,5200,5175,5220,5165,19012
3/2/2016,5175,5185,5185,5150,11728
3/1/2016,5185,5160,5200,5145,14746
2/29/2016,5145,5130,5180,5115,14292
2/26/2016,5155,5145,5175,5095,14500
2/25/2016,5165,5110,5180,5085,18348
2/24/2016,5110,5090,5135,5085,13326
2/23/2016,5125,5090,5130,5065,10134
2/22/2016,5090,5055,5115,5050,12342
2/19/2016,5075,4945,5080,4925,23206
2/18/2016,4950,4930,4960,4910,9056
2/17/2016,4905,4970,4980,4905,10184
2/16/2016,4980,4980,4990,4955,8404
2/15/2016,4960,4910,4975,4875,10032
2/5/2016,4915,4925,4960,4900,6346
2/4/2016,4935,4905,4960,4890,16304
2/3/2016,4880,4855,4910,4850,8122
2/2/2016,4870,4845,4890,4825,11238
2/1/2016,4860,4855,4890,4855,10216
1/29/2016,4865,4825,4880,4795,20324
1/28/2016,4815,4820,4830,4785,15484
1/27/2016,4815,4805,4830,4790,10692
1/26/2016,4785,4805,4820,4755,21428
1/25/2016,4830,4830,4845,4790,16754
1/22/2016,4775,4750,4780,4730,15912
1/21/2016,4700,4710,4740,4655,15698
1/20/2016,4715,4725,4755,4685,17050
1/19/2016,4740,4655,4750,4645,23374
1/18/2016,4655,4590,4665,4590,19020
1/15/2016,4615,4655,4690,4610,11572
1/14/2016,4650,4615,4655,4595,11578
1/13/2016,4625,4590,4635,4585,13924
1/12/2016,4590,4580,4615,4570,14594
1/11/2016,4595,4660,4665,4585,23592
1/8/2016,4660,4685,4725,4655,17748
1/7/2016,4695,4775,4775,4675,29602
1/6/2016,4785,4800,4820,4760,15482
1/5/2016,4810,4820,4845,4775,20086
1/4/2016,4820,4850,4870,4810,10108
12/31/2015,4850,4840,4875,4815,16202
12/30/2015,4850,4890,4920,4835,17308
12/29/2015,4870,4750,4880,4720,27466
12/28/2015,4760,4870,4870,4760,23892
12/25/2015,4845,4880,4885,4825,19284
12/24/2015,4885,4780,4895,4765,38914
12/23/2015,4765,4780,4815,4700,21184
12/22/2015,4795,4740,4800,4725,18532
12/21/2015,4740,4625,4745,4620,20606
12/18/2015,4625,4585,4635,4575,7976
12/17/2015,4580,4570,4605,4560,9544
12/16/2015,4575,4550,4585,4550,5468
12/15/2015,4565,4595,4595,4545,7176
12/14/2015,4575,4555,4580,4550,7558
12/11/2015,4585,4550,4590,4530,10088
12/10/2015,4550,4535,4560,4510,11454
12/9/2015,4530,4480,4540,4480,9478
12/8/2015,4480,4480,4505,4450,16578
12/7/2015,4530,4490,4530,4470,10756
12/4/2015,4510,4580,4580,4505,12454
12/3/2015,4550,4525,4550,4500,13858
12/2/2015,4565,4545,4605,4540,15794
12/1/2015,4530,4520,4575,4490,14546
11/30/2015,4520,4570,4570,4510,9136
11/27/2015,4555,4605,4630,4510,21954
11/26/2015,4620,4595,4690,4580,21396
11/25/2015,4595,4635,4690,4565,18938
11/24/2015,4615,4465,4615,4450,25118
11/23/2015,4445,4435,4485,4405,19548
11/20/2015,4450,4495,4545,4435,25172
11/19/2015,4480,4550,4560,4470,14340
11/18/2015,4555,4580,4600,4520,12506
11/17/2015,4600,4570,4600,4540,10440
11/16/2015,4550,4550,4585,4510,10972
11/13/2015,4565,4610,4615,4550,6880
11/12/2015,4620,4600,4650,4595,7438
11/11/2015,4610,4590,4620,4575,8228
11/10/2015,4590,4555,4595,4545,5900
11/9/2015,4570,4610,4620,4560,8484
11/6/2015,4605,4545,4615,4545,7904
11/5/2015,4565,4540,4595,4540,10392
11/4/2015,4565,4620,4625,4550,11462
11/3/2015,4590,4640,4640,4580,9800
11/2/2015,4640,4660,4700,4635,7014
10/30/2015,4675,4710,4715,4655,6632
10/29/2015,4720,4745,4775,4700,5070
10/28/2015,4725,4765,4780,4705,7346
10/27/2015,4770,4755,4780,4755,4292
10/26/2015,4780,4780,4820,4775,5064
10/23/2015,4795,4800,4805,4770,3422
10/22/2015,4810,4815,4815,4795,2884
10/21/2015,4805,4855,4855,4795,4806
10/20/2015,4860,4840,4865,4830,1572
10/19/2015,4855,4855,4870,4840,3310
10/16/2015,4910,4915,4930,4905,2876
10/15/2015,4930,4915,4945,4915,4572
10/14/2015,4920,4935,4945,4910,4706
10/13/2015,4945,4935,4960,4935,3696
10/12/2015,4980,4975,5000,4960,5804
10/9/2015,4990,4945,5030,4910,10684
10/1/2015,4890,4895,4910,4875,0
9/30/2015,4895,4895,4910,4875,2282
9/29/2015,4890,4905,4920,4885,4226
9/28/2015,4925,4890,4930,4875,7206
9/25/2015,4895,4930,4935,4895,3482
9/24/2015,4925,4935,4935,4900,4608
9/23/2015,4910,4900,4920,4865,6684
9/22/2015,4905,4940,4950,4900,6526
9/21/2015,4930,4910,4945,4890,11046
9/18/2015,4965,4960,4980,4940,5878
9/17/2015,4960,5025,5025,4955,4964
9/16/2015,4980,4980,4995,4950,8790
9/15/2015,4965,5030,5040,4945,10706
9/14/2015,5030,5030,5055,5025,2718
9/11/2015,5040,5050,5070,5030,4690
9/10/2015,5040,5025,5050,5020,5558
9/9/2015,5040,5055,5105,5035,6606
9/8/2015,5045,5025,5055,5005,5402
9/7/2015,5020,5200,5290,5020,278
9/3/2015,5045,5060,5070,5025,0
9/2/2015,5045,5060,5070,5025,3590
9/1/2015,5090,5125,5125,5060,5460
8/31/2015,5075,5130,5130,5065,5992
8/28/2015,5115,5230,5230,5115,16092
8/27/2015,5090,5000,5095,4990,8780
8/26/2015,4995,5035,5035,4990,4328
8/25/2015,4985,4980,5050,4945,8156
8/24/2015,4990,5070,5080,4930,13702
8/21/2015,5105,5140,5165,5100,4088
8/20/2015,5145,5090,5155,5085,3408
8/19/2015,5170,5165,5200,5140,4150
8/18/2015,5160,5150,5195,5150,4558
8/17/2015,5170,5260,5260,5170,5506
8/14/2015,5250,5220,5265,5210,6262
8/13/2015,5240,5215,5245,5140,5976
8/12/2015,5165,5095,5175,5090,4788
8/11/2015,5380,5325,5420,5325,10824
8/10/2015,5300,5310,5330,5290,3346
8/7/2015,5330,5300,5330,5280,4296
8/6/2015,5315,5275,5325,5275,3982
8/5/2015,5290,5290,5320,5260,3030
8/4/2015,5285,5150,5315,5150,6604
8/3/2015,5265,5250,5330,5230,7500
7/31/2015,5300,5220,5310,5220,2776
7/30/2015,5260,5290,5335,5260,3490
7/29/2015,5275,5225,5400,5225,6336
7/28/2015,5220,5145,5260,5130,5872
7/27/2015,5180,5255,5275,5115,18658
7/24/2015,5260,5265,5300,5260,4510
7/23/2015,5305,5315,5325,5290,3894
7/22/2015,5310,5315,5330,5285,4632
7/21/2015,5310,5295,5320,5190,8610
7/20/2015,5300,5335,5335,5300,1954
7/17/2015,5320,5330,5340,5275,3838
7/16/2015,5340,5280,5350,5245,8838
7/15/2015,5300,5335,5360,5285,3402
7/14/2015,5305,5315,5340,5290,4278
7/13/2015,5275,5290,5320,5270,4896
7/10/2015,5305,5320,5400,5260,14396
7/9/2015,5305,5160,5325,5135,18056
7/8/2015,5060,5150,5215,5060,15340
7/7/2015,5305,5455,5465,5305,17822
7/6/2015,5475,5600,5620,5425,20520
7/3/2015,5565,5550,5565,5550,4
7/1/2015,5640,5580,5645,5575,19204
6/30/2015,5560,5490,5560,5480,14908
6/29/2015,5510,5510,5545,5510,8900
6/26/2015,5515,5520,5520,5495,9462
6/25/2015,5515,5505,5525,5500,3922
6/24/2015,5525,5540,5540,5515,3936
6/19/2015,5505,5520,5525,5490,5342
6/18/2015,5515,5475,5525,5455,6562
6/17/2015,5480,5530,5530,5465,11642
6/16/2015,5515,5530,5580,5510,13078
6/15/2015,5515,5555,5565,5485,14898
6/12/2015,5550,5595,5595,5540,10516
6/11/2015,5595,5590,5620,5585,7762
6/10/2015,5595,5605,5610,5575,9178
6/9/2015,5580,5540,5595,5535,6172
6/8/2015,5555,5590,5595,5550,10878
6/5/2015,5585,5670,5685,5575,10558
6/4/2015,5690,5655,5695,5645,7304
6/3/2015,5680,5730,5755,5680,7412
6/2/2015,5720,5690,5735,5670,6258
6/1/2015,5690,5690,5720,5670,9242
5/29/2015,5655,5645,5665,5625,9320
5/28/2015,5625,5670,5680,5600,14344
5/27/2015,5655,5665,5685,5635,16446
5/26/2015,5670,5760,5770,5655,22128
5/25/2015,5725,5775,5780,5720,14748
5/22/2015,5795,5820,5850,5770,16260
5/21/2015,5790,5735,5815,5715,20310
5/20/2015,5730,5750,5790,5685,34764
5/19/2015,5825,5885,5920,5800,20148
5/18/2015,5900,5835,5910,5835,13320
5/15/2015,5860,5810,5870,5790,9700
5/14/2015,5810,5825,5830,5760,12008
5/13/2015,5860,5870,5905,5820,13210
5/12/2015,5840,5770,5845,5750,15504
5/11/2015,5770,5770,5795,5745,9060
5/8/2015,5740,5800,5815,5735,12766
5/7/2015,5830,5850,5865,5780,13052
5/6/2015,5885,5900,5935,5875,22532
5/5/2015,5840,5865,5895,5830,13840
5/4/2015,5875,5905,5905,5830,17856
4/30/2015,5825,5840,5840,5770,12696
4/29/2015,5765,5815,5845,5715,26724
4/28/2015,5795,5780,5810,5750,15204
4/27/2015,5770,5680,5790,5670,24238
4/24/2015,5655,5605,5685,5605,19962
4/23/2015,5570,5625,5630,5530,17252
4/22/2015,5605,5590,5640,5580,15530
4/21/2015,5605,5620,5625,5560,17246
4/20/2015,5620,5650,5680,5600,12856
4/17/2015,5625,5650,5685,5600,15268
4/16/2015,5670,5615,5730,5600,22724
4/15/2015,5565,5580,5600,5535,10360
4/14/2015,5560,5650,5655,5520,25376
4/13/2015,5630,5710,5745,5625,13090
4/10/2015,5700,5700,5710,5635,18426
4/9/2015,5700,5775,5790,5680,20420
4/8/2015,5800,5895,5905,5800,18794
4/7/2015,5855,5765,5880,5735,17274
4/3/2015,5715,5805,5805,5605,22372
4/2/2015,5810,5840,5840,5775,9674
4/1/2015,5760,5740,5775,5700,14058
3/31/2015,5755,5685,5790,5670,18664
3/30/2015,5675,5585,5680,5550,8310
3/27/2015,5610,5660,5695,5555,12714
3/26/2015,5645,5590,5675,5580,12828
3/25/2015,5555,5570,5580,5525,4532
3/24/2015,5580,5645,5645,5555,9126
3/23/2015,5600,5500,5630,5475,11782
3/20/2015,5465,5375,5520,5375,15324
3/19/2015,5375,5360,5380,5345,9282
3/18/2015,5335,5305,5350,5295,10208
3/17/2015,5310,5260,5310,5255,6936
3/16/2015,5260,5220,5265,5200,6618
3/13/2015,5250,5215,5265,5215,4660
3/12/2015,5235,5205,5250,5200,6012
3/11/2015,5205,5270,5305,5190,10514
3/10/2015,5285,5300,5335,5265,5012
3/9/2015,5300,5280,5320,5250,9418
3/6/2015,5325,5345,5350,5315,5588
3/5/2015,5345,5350,5370,5280,12736
3/4/2015,5360,5360,5385,5315,6162
3/3/2015,5365,5345,5370,5295,8608
3/2/2015,5330,5220,5345,5210,11314
2/27/2015,5205,5195,5205,5150,5922
2/26/2015,5205,5185,5215,5170,5306
2/25/2015,5155,5150,5195,5125,2216
2/17/2015,5230,5240,5255,5195,4170
2/16/2015,5245,5225,5280,5215,3970
2/13/2015,5235,5205,5250,5185,8694
2/12/2015,5175,5165,5175,5140,2564
2/11/2015,5165,5105,5170,5100,2996
2/10/2015,5125,5150,5170,5115,3440
2/9/2015,5150,5190,5195,5145,2650
2/6/2015,5175,5155,5185,5120,10166
2/5/2015,5110,5080,5135,5075,6080
2/4/2015,5125,5170,5245,5110,18022
2/3/2015,5140,5020,5140,5000,18808
2/2/2015,5000,4975,5065,4970,12886
1/30/2015,4940,4980,4980,4925,5788
1/29/2015,4975,4935,4975,4925,6760
1/28/2015,4945,4940,4965,4935,7352
1/27/2015,4940,4920,4955,4915,5614
1/26/2015,4940,4990,5000,4930,13804
1/23/2015,5010,4975,5020,4955,11166
1/22/2015,4980,4980,5005,4970,8730
1/21/2015,4955,4935,5010,4925,16664
1/20/2015,4955,5005,5045,4955,12426
1/19/2015,5020,5065,5090,5005,10288
1/16/2015,5020,4995,5070,4915,30766
1/15/2015,5035,5100,5110,5030,20474
1/14/2015,5050,5090,5120,5025,21798
1/13/2015,5070,5110,5120,5030,17830
1/12/2015,5135,5170,5200,5125,9862
1/9/2015,5185,5305,5325,5160,23146
1/8/2015,5320,5350,5375,5310,5770
1/7/2015,5335,5380,5395,5330,7238
1/6/2015,5400,5350,5405,5345,5172
1/5/2015,5385,5445,5445,5370,6052
12/31/2014,5445,5500,5500,5410,7690
12/30/2014,5485,5415,5565,5395,21968
12/29/2014,5395,5330,5395,5330,5460
12/26/2014,5335,5315,5350,5310,5692
12/25/2014,5315,5350,5365,5305,6402
12/24/2014,5345,5335,5365,5320,7084
12/23/2014,5315,5320,5375,5290,11256
12/22/2014,5360,5340,5400,5335,13022
12/19/2014,5410,5435,5455,5400,2494
12/18/2014,5455,5460,5480,5440,5282
12/17/2014,5450,5445,5475,5425,8458
12/16/2014,5465,5450,5465,5420,3826
12/15/2014,5470,5470,5480,5420,6178
12/12/2014,5445,5405,5460,5405,3434
12/11/2014,5445,5415,5445,5405,4652
12/10/2014,5445,5450,5495,5430,5426
12/9/2014,5430,5475,5475,5385,17772
12/8/2014,5500,5540,5550,5500,5020
12/5/2014,5550,5525,5555,5510,3776
12/4/2014,5530,5490,5530,5480,4164
12/3/2014,5495,5485,5535,5480,7618
12/2/2014,5520,5485,5620,5480,17350
12/1/2014,5410,5500,5500,5390,22536
11/28/2014,5545,5535,5565,5505,10546
11/27/2014,5580,5560,5590,5560,4878
11/26/2014,5575,5560,5580,5555,3232
11/25/2014,5565,5575,5590,5540,7800
11/24/2014,5590,5575,5605,5555,6388
11/21/2014,5555,5585,5590,5535,5812
11/20/2014,5580,5595,5605,5570,3284
11/19/2014,5585,5565,5630,5565,4922
11/18/2014,5580,5620,5620,5550,5034
11/17/2014,5615,5635,5640,5610,4330
11/14/2014,5610,5575,5635,5575,5744
11/13/2014,5615,5575,5620,5575,4412
11/12/2014,5590,5570,5600,5570,1716
11/11/2014,5580,5595,5605,5570,2354
11/10/2014,5610,5580,5615,5535,4604
11/7/2014,5575,5545,5580,5525,1588
11/6/2014,5560,5545,5570,5540,2650
11/5/2014,5535,5510,5540,5495,3330
11/4/2014,5530,5540,5560,5485,4398
11/3/2014,5555,5580,5590,5550,2042
10/31/2014,5735,5785,5785,5685,17416
10/30/2014,5770,5805,5850,5740,20478
10/29/2014,5795,5750,5795,5735,21842
10/28/2014,5740,5725,5760,5705,28800
10/27/2014,5735,5700,5800,5695,93954
10/24/2014,5695,5695,5695,5630,117378
10/23/2014,5695,5510,5705,5350,292966
10/22/2014,5540,5625,5630,5505,36382
10/21/2014,5605,5760,5760,5590,35986
10/20/2014,5740,5770,5830,5680,22584
10/17/2014,5780,5690,5795,5685,22078
10/16/2014,5665,5670,5690,5640,6518
10/15/2014,5695,5695,5720,5665,6658
10/14/2014,5725,5680,5735,5680,8578
10/13/2014,5685,5645,5720,5605,8206
10/10/2014,5640,5690,5700,5600,19814
10/9/2014,5725,5730,5750,5710,6394
9/30/2014,5775,5850,5850,5775,2612
9/29/2014,5850,5845,5870,5800,5568
9/26/2014,5835,5775,5835,5770,5776
9/25/2014,5785,5775,5790,5725,4046
9/24/2014,5770,5765,5820,5710,5850
9/23/2014,5770,5725,5780,5720,6656
9/22/2014,5725,5815,5820,5660,11574
9/19/2014,5830,5865,5880,5820,7644
9/18/2014,5875,5890,5890,5845,8474
9/17/2014,5885,5890,5895,5875,3934
9/16/2014,5875,5955,5960,5845,17194
9/15/2014,5950,5935,5975,5920,7184
9/12/2014,5940,5935,5940,5905,5496
9/11/2014,5935,5935,5960,5930,4230
9/10/2014,5950,6000,6030,5940,8534
9/9/2014,6010,6035,6035,5990,3070
9/5/2014,6025,6015,6040,5990,4734
9/4/2014,6045,6055,6075,6040,5364
9/3/2014,6050,6030,6100,6025,8938
9/2/2014,6040,5990,6045,5975,8976
9/1/2014,5980,5975,5990,5955,4926
8/29/2014,5960,5915,5975,5900,6358
8/28/2014,5925,5940,5940,5925,1238
8/27/2014,5940,5935,5950,5930,614
8/26/2014,5930,5925,5940,5905,636
8/25/2014,5930,5925,5940,5905,1360
8/22/2014,5930,5935,5940,5905,972
8/21/2014,5935,5920,5950,5910,2078
8/20/2014,5905,5925,5935,5900,1594
8/19/2014,5925,5900,5930,5900,1668
8/18/2014,5910,5910,5920,5900,2292
8/15/2014,5910,5900,5930,5880,2266
8/14/2014,5895,5955,5955,5890,9516
8/13/2014,5950,5930,5960,5925,1566
8/12/2014,5950,5965,5970,5945,2672
8/11/2014,5965,5970,5980,5955,1594
8/8/2014,5965,5990,5995,5940,3374
8/7/2014,5980,6000,6015,5970,2450
8/6/2014,6005,6035,6035,5995,3094
8/5/2014,6025,5990,6040,5975,6036
8/4/2014,5990,5980,5995,5970,1070
8/1/2014,6065,6055,6075,6055,768
7/31/2014,6065,6060,6080,6055,1012
7/30/2014,6075,6065,6080,6050,2848
7/29/2014,6065,6045,6085,6035,5940
7/28/2014,6045,6050,6055,6020,1792
7/25/2014,6040,6015,6040,6000,3332
7/24/2014,6020,6010,6030,6000,1166
7/23/2014,6005,6050,6050,6000,2742
7/22/2014,6050,6025,6060,6015,3962
7/21/2014,6025,5985,6030,5985,2080
7/18/2014,6005,6015,6030,5970,4416
7/17/2014,6000,6045,6045,6000,6960
7/16/2014,6035,6050,6060,6030,7580
7/15/2014,6050,6100,6105,6050,5012
7/14/2014,6090,6070,6100,6060,3760
7/11/2014,6070,6050,6075,6045,2388
7/10/2014,6050,6045,6075,6040,4694
7/9/2014,6050,6080,6085,6050,4482
7/8/2014,6080,6075,6080,6055,2982
7/7/2014,6070,6055,6090,6050,6662
7/4/2014,6055,6045,6070,6035,2764
7/3/2014,6055,6070,6080,6050,3070
7/2/2014,6070,6075,6110,6045,6772
7/1/2014,6080,6100,6110,6075,5110
6/30/2014,6090,6095,6105,6080,5226
6/27/2014,6100,6130,6130,6090,6838
6/26/2014,6120,6120,6130,6100,7918
6/25/2014,6115,6100,6120,6070,8384
6/24/2014,6085,6100,6150,6080,17576
6/23/2014,6100,6110,6140,6085,12536
6/20/2014,6095,6065,6110,6055,7340
6/19/2014,6060,6055,6075,6040,5880
6/18/2014,6055,6070,6085,6035,6602
6/17/2014,6065,6100,6130,6050,18798
6/16/2014,6100,6100,6135,6085,14344
6/13/2014,6090,6015,6155,6005,25354
6/12/2014,6010,5990,6020,5985,5996
6/11/2014,6000,6030,6035,6000,9658
6/10/2014,6025,6005,6030,5985,7738
6/9/2014,5995,6040,6040,5985,19550
6/6/2014,6040,6100,6100,6030,8160
6/5/2014,6090,6070,6105,6050,8958
6/4/2014,6085,6075,6115,6075,4046
6/3/2014,6080,6115,6125,6080,6854
5/30/2014,6125,6135,6140,6100,9138
5/29/2014,6135,6150,6165,6125,12744
5/28/2014,6160,6120,6165,6090,16606
5/27/2014,6110,6070,6140,6055,10926
5/26/2014,6075,6125,6125,6075,10016
5/23/2014,6120,6110,6150,6105,7856
5/22/2014,6110,6080,6110,6075,6882
5/21/2014,6070,6030,6085,6030,7486
5/20/2014,6040,6060,6075,6040,5660
5/19/2014,6060,6080,6125,6050,9334
5/16/2014,6080,6100,6100,6070,3912
5/15/2014,6105,6135,6135,6100,4034
5/14/2014,6125,6105,6160,6100,7422
5/13/2014,6095,6060,6110,6060,6114
5/12/2014,6080,6075,6090,6060,5496
5/9/2014,6065,6050,6080,6015,8068
5/8/2014,6065,6095,6115,6055,5436
5/7/2014,6095,6080,6110,6070,6304
5/6/2014,6090,6120,6135,6070,7118
5/5/2014,6120,6085,6245,6070,12170
4/30/2014,6100,6070,6110,6065,7658
4/29/2014,6075,6080,6110,6055,11570
4/28/2014,6090,6140,6145,6070,12576
4/25/2014,6145,6165,6175,6145,3906
4/24/2014,6170,6130,6175,6130,3650
4/23/2014,6140,6130,6150,6115,5802
4/22/2014,6140,6125,6165,6110,9304
4/21/2014,6135,6150,6165,6115,9550
4/18/2014,6155,6250,6255,6140,17680
4/17/2014,6255,6265,6285,6250,7112
4/16/2014,6255,6270,6290,6230,10152
4/15/2014,6280,6265,6310,6260,9210
4/14/2014,6265,6265,6275,6235,7286
4/11/2014,6255,6200,6290,6200,15812
4/10/2014,6200,6225,6235,6185,9458
4/9/2014,6225,6170,6240,6170,15834
4/8/2014,6185,6120,6190,6120,7002
4/4/2014,6140,6125,6165,6115,6524
4/3/2014,6110,6105,6130,6080,6208
4/2/2014,6110,6150,6195,6105,7034
4/1/2014,6165,6115,6170,6100,6780
3/31/2014,6115,6135,6140,6110,6326
3/28/2014,6130,6170,6170,6115,7130
3/27/2014,6150,6175,6180,6140,6250
3/26/2014,6065,6000,6080,5985,8790
3/25/2014,5990,5940,6025,5925,8910
3/24/2014,5955,5855,5980,5855,13936
3/21/2014,5850,5830,5865,5815,4672
3/20/2014,5825,5830,5845,5810,8110
3/19/2014,5790,5890,5895,5725,25386
3/18/2014,5880,5885,5910,5870,5162
3/17/2014,5880,5890,5900,5845,3760
3/14/2014,5885,5920,5940,5870,6350
3/12/2014,5930,5875,5935,5835,8562
3/11/2014,5895,5895,5975,5840,14656
3/10/2014,5845,5900,5915,5810,20384
3/6/2014,6015,6045,6050,5995,8236
3/5/2014,6055,6085,6085,6020,13462
3/4/2014,6070,6120,6130,6065,10348
3/3/2014,6125,6140,6160,6105,6628
2/28/2014,6145,6175,6180,6145,3910
2/27/2014,6180,6165,6190,6135,7686
2/26/2014,6165,6180,6185,6160,4240
2/25/2014,6185,6180,6195,6170,4742
2/24/2014,6175,6215,6215,6155,8800
2/21/2014,6210,6220,6230,6180,12930
2/20/2014,6220,6235,6245,6220,5330
2/19/2014,6235,6245,6255,6225,2914
2/18/2014,6230,6255,6255,6230,4816
2/17/2014,6250,6215,6255,6210,7826
2/14/2014,6215,6240,6245,6215,4008
2/13/2014,6230,6255,6260,6220,5392
2/12/2014,6255,6225,6260,6225,4684
2/11/2014,6225,6265,6265,6225,4176
2/10/2014,6260,6240,6270,6205,13592
2/7/2014,6230,6230,6250,6165,25836
1/30/2014,6220,6340,6350,6220,11808
1/29/2014,6350,6330,6355,6325,2138
1/28/2014,6325,6335,6345,6320,2560
1/27/2014,6340,6350,6350,6330,1330
1/24/2014,6345,6340,6380,6340,3982
1/23/2014,6335,6330,6350,6325,3220
1/22/2014,6325,6360,6365,6305,6868
1/21/2014,6360,6375,6380,6355,3600
1/20/2014,6375,6340,6385,6335,5542
1/17/2014,6335,6350,6365,6325,8058
1/15/2014,6395,6420,6420,6385,6034
1/14/2014,6415,6375,6415,6365,5798
1/13/2014,6375,6380,6385,6365,2602
1/10/2014,6380,6380,6390,6350,5660
1/9/2014,6385,6325,6535,6300,13742
1/8/2014,6335,6320,6355,6315,4594
1/7/2014,6330,6390,6390,6325,7848
1/6/2014,6385,6375,6400,6355,6242
1/3/2014,6380,6380,6400,6350,6326
1/2/2014,6380,6410,6425,6355,11698
12/31/2013,6420,6435,6445,6415,4648
12/30/2013,6450,6445,6470,6440,3930
12/27/2013,6455,6455,6460,6430,4772
12/26/2013,6450,6425,6450,6425,5120
12/25/2013,6430,6425,6445,6400,4762
12/24/2013,6415,6420,6420,6395,5508
12/23/2013,6425,6450,6455,6415,12032
12/20/2013,6445,6325,6520,6250,61018
12/19/2013,6340,6430,6435,6340,24280
12/18/2013,6430,6445,6455,6425,4724
12/17/2013,6445,6440,6455,6430,3454
12/16/2013,6435,6430,6450,6425,3484
12/13/2013,6430,6460,6460,6405,8694
12/12/2013,6460,6445,6470,6430,7806
12/11/2013,6445,6460,6475,6435,8112
12/10/2013,6460,6520,6520,6450,5902
12/9/2013,6515,6525,6540,6510,3490
12/6/2013,6525,6515,6530,6510,3598
12/5/2013,6520,6545,6560,6520,3078
12/4/2013,6550,6555,6565,6530,5522
12/3/2013,6320,6330,6330,6310,1048
12/2/2013,6320,6315,6330,6315,1288
11/29/2013,6315,6330,6340,6310,2154
11/28/2013,6325,6335,6340,6320,1794
11/27/2013,6335,6360,6365,6335,2042
11/26/2013,6365,6380,6385,6355,2924
11/25/2013,6370,6360,6390,6355,3130
11/22/2013,6375,6355,6375,6340,6386
11/21/2013,6350,6345,6355,6330,2764
11/19/2013,6325,6310,6330,6305,1558
11/18/2013,6315,6335,6345,6315,3516
11/15/2013,6325,6305,6350,6300,5218
11/14/2013,6300,6345,6360,6295,4992
11/13/2013,6350,6345,6350,6325,2812
11/12/2013,6350,6365,6370,6350,2660
11/11/2013,6365,6355,6370,6355,2250
11/8/2013,6355,6330,6390,6325,9876
11/7/2013,6335,6330,6335,6315,3246
11/6/2013,6325,6350,6350,6320,3704
11/5/2013,6355,6365,6375,6350,3698
11/4/2013,6370,6355,6375,6340,5130
11/1/2013,6360,6370,6395,6355,5966
10/31/2013,6365,6385,6395,6340,6114
10/30/2013,6395,6410,6425,6395,6792
10/29/2013,6420,6410,6425,6390,3722
10/28/2013,6405,6405,6415,6390,1796
10/25/2013,6405,6425,6470,6375,7948
10/24/2013,6420,6400,6425,6390,3278
10/23/2013,6430,6410,6435,6410,3210
10/22/2013,6425,6495,6510,6410,13546
10/21/2013,6500,6520,6540,6500,7518
10/18/2013,6515,6520,6530,6505,3030
10/17/2013,6515,6545,6560,6515,3530
10/16/2013,6535,6505,6545,6490,2940
10/15/2013,6515,6570,6575,6510,3956
10/14/2013,6560,6535,6560,6530,3424
10/11/2013,6535,6565,6580,6535,7890
10/10/2013,6550,6525,6555,6520,3068
10/9/2013,6535,6535,6545,6530,2454
10/8/2013,6530,6530,6540,6525,2844
9/30/2013,6520,6505,6540,6500,4346
9/27/2013,6520,6515,6535,6510,3632
9/26/2013,6520,6535,6550,6490,10326
9/25/2013,6545,6555,6555,6530,3086
9/24/2013,6555,6580,6595,6550,4268
9/23/2013,6585,6590,6595,6550,5278
9/18/2013,6580,6610,6615,6580,4012
9/17/2013,6615,6610,6630,6605,5920
9/16/2013,6615,6625,6645,6595,4750
9/13/2013,6635,6650,6675,6635,5436
9/12/2013,6645,6665,6665,6640,1896
9/11/2013,6670,6620,6675,6615,4888
9/10/2013,6635,6640,6665,6630,5626
9/9/2013,6660,6680,6690,6660,4342
9/6/2013,6670,6685,6695,6655,5224
9/5/2013,6680,6650,6690,6640,5104
9/4/2013,6650,6660,6665,6630,2940
9/3/2013,6660,6660,6675,6635,3478
9/2/2013,6655,6640,6670,6635,4562
8/30/2013,6640,6650,6690,6615,7456
8/29/2013,6665,6700,6700,6640,11804
8/28/2013,6675,6725,6820,6660,68892
8/27/2013,6700,6705,6710,6680,7802
8/26/2013,6700,6675,6730,6670,12200
8/23/2013,6660,6670,6675,6630,6498
8/22/2013,6655,6660,6680,6650,6374
8/21/2013,6675,6695,6695,6660,4524
8/20/2013,6680,6710,6710,6500,20358
8/19/2013,6715,6720,6755,6710,6142
8/16/2013,6720,6725,6770,6710,10966
8/15/2013,6715,6755,6775,6710,11766
8/14/2013,6755,6855,6860,6755,18262
8/13/2013,6845,6815,6850,6795,16114
8/12/2013,6805,6820,6820,6780,3934
8/9/2013,6805,6815,6825,6780,6988
8/8/2013,6815,6780,6825,6775,7308
8/7/2013,6780,6760,6795,6750,4700
8/6/2013,6785,6800,6805,6765,4724
8/5/2013,6810,6770,6815,6745,6436
8/2/2013,6780,6785,6790,6760,5354
8/1/2013,6765,6695,6775,6695,9662
7/31/2013,6680,6635,6685,6635,4278
7/30/2013,6645,6660,6670,6630,6108
7/29/2013,6650,6735,6735,6650,10490
7/26/2013,6725,6835,6860,6710,10820
7/25/2013,6815,6815,6835,6795,2718
7/24/2013,6830,6835,6845,6805,3476
7/23/2013,6830,6830,6845,6820,3012
7/22/2013,6835,6815,6845,6810,5990
7/19/2013,6805,6850,6875,6800,7492
7/18/2013,6830,6810,6840,6800,4186
7/17/2013,6800,6730,6825,6725,14188
7/16/2013,6685,6690,6695,6665,2450
7/15/2013,6685,6635,6685,6635,2336
7/12/2013,6655,6650,6685,6640,3646
7/11/2013,6660,6635,6680,6610,8442
7/10/2013,6625,6570,6650,6560,6100
7/9/2013,6570,6595,6605,6545,5394
7/8/2013,6590,6630,6640,6590,4264
7/5/2013,6630,6610,6630,6610,1660
7/4/2013,6610,6625,6625,6610,1304
7/3/2013,6610,6590,6660,6590,6910
7/2/2013,6580,6580,6590,6570,3182
7/1/2013,6580,6520,6585,6495,10864
6/28/2013,6535,6550,6565,6525,3490
6/27/2013,6550,6535,6560,6535,2324
6/26/2013,6530,6565,6565,6510,7362
6/25/2013,6550,6495,6555,6490,8988
6/24/2013,6485,6535,6555,6480,19138
6/21/2013,6530,6620,6620,6530,18780
6/20/2013,6645,6670,6675,6630,10796
6/19/2013,6685,6655,6695,6655,7008
6/18/2013,6650,6680,6680,6630,6468
6/17/2013,6680,6695,6695,6660,10724
6/14/2013,6670,6630,6675,6625,10594
6/13/2013,6620,6635,6650,6610,6568
6/7/2013,6645,6625,6645,6615,7656
6/6/2013,6620,6650,6650,6615,7732
6/5/2013,6635,6615,6650,6615,10520
6/4/2013,6605,6610,6630,6600,9924
6/3/2013,6610,6590,6610,6570,7768
5/31/2013,6595,6590,6600,6580,4872
5/30/2013,6590,6535,6590,6530,7876
5/29/2013,6555,6555,6590,6550,8170
5/28/2013,6545,6555,6565,6535,7176
5/27/2013,6555,6570,6575,6550,6578
5/24/2013,6585,6570,6590,6565,6558
5/23/2013,6560,6620,6625,6560,11228
5/22/2013,6630,6585,6635,6585,13126
5/21/2013,6605,6600,6610,6555,7018
5/20/2013,6595,6575,6625,6565,7698
5/17/2013,6575,6540,6590,6530,9170
5/16/2013,6535,6545,6555,6520,13124
5/15/2013,6545,6620,6640,6535,13794
5/14/2013,6630,6635,6650,6615,5238
5/13/2013,6645,6645,6650,6620,10712
5/10/2013,6645,6600,6650,6575,11334
5/9/2013,6595,6635,6635,6595,7620
5/8/2013,6630,6610,6630,6595,9098
5/7/2013,6610,6630,6630,6580,12874
5/6/2013,6595,6590,6615,6565,14256
5/3/2013,6540,6515,6555,6515,13370
5/2/2013,6500,6480,6515,6460,11576
4/26/2013,6515,6555,6580,6515,11230
4/25/2013,6540,6530,6555,6520,12222
4/24/2013,6515,6480,6530,6470,10870
4/23/2013,6475,6495,6500,6455,13042
4/22/2013,6500,6535,6535,6485,8182
4/19/2013,6515,6510,6535,6480,19170
4/18/2013,6485,6420,6500,6410,28308
4/17/2013,6495,6500,6530,6450,21344
4/16/2013,6485,6490,6545,6435,31490
4/15/2013,6520,6595,6600,6515,34966
4/12/2013,6630,6635,6645,6605,18014
4/11/2013,6645,6670,6690,6635,17194
4/10/2013,6665,6660,6700,6645,23994
4/9/2013,6650,6645,6680,6605,21248
4/8/2013,6645,6560,6650,6560,17304
4/3/2013,6590,6560,6600,6560,8956
4/2/2013,6570,6565,6575,6515,12168
4/1/2013,6560,6590,6600,6550,10472
3/29/2013,6610,6560,6610,6550,13916
3/28/2013,6575,6615,6620,6570,12692
3/27/2013,6610,6630,6640,6605,8524
3/26/2013,6620,6640,6640,6595,18162
3/25/2013,6635,6650,6685,6630,12982
3/22/2013,6635,6660,6680,6635,15892
3/21/2013,6680,6675,6695,6665,9200
3/20/2013,6675,6635,6695,6615,18594
3/19/2013,6470,6445,6480,6440,2772
3/18/2013,6440,6435,6445,6410,1854
3/15/2013,6455,6430,6465,6430,3750
3/14/2013,6430,6420,6435,6385,4746
3/13/2013,6430,6475,6475,6430,2004
3/12/2013,6445,6500,6510,6445,3232
3/11/2013,6505,6530,6530,6495,3450
3/8/2013,6515,6535,6540,6515,1842
3/7/2013,6515,6535,6535,6510,4404
3/6/2013,6540,6545,6550,6535,3080
3/5/2013,6545,6520,6545,6520,3552
3/4/2013,6520,6545,6545,6510,8030
3/1/2013,6545,6555,6565,6535,4780
2/28/2013,6570,6550,6575,6545,6070
2/27/2013,6540,6560,6565,6530,9394
2/26/2013,6550,6560,6580,6550,8524
2/25/2013,6575,6620,6620,6565,10382
2/22/2013,6605,6600,6620,6595,10466
2/21/2013,6600,6635,6640,6595,30828
2/20/2013,6665,6660,6685,6640,15890
2/19/2013,6650,6645,6680,6635,15456
2/18/2013,6650,6645,6680,6640,18184
2/8/2013,6640,6650,6665,6620,18656
2/7/2013,6655,6685,6690,6650,26196
2/6/2013,6685,6745,6745,6680,38728
2/5/2013,6730,6750,6755,6725,29580
2/4/2013,6755,6730,6805,6730,85180
2/1/2013,6725,6730,6740,6705,27564
1/31/2013,6735,6755,6760,6725,28626
1/30/2013,6745,6720,6770,6715,69766
1/29/2013,6710,6725,6725,6690,28602
1/28/2013,6710,6690,6715,6680,34608
1/25/2013,6690,6680,6710,6665,30608
1/24/2013,6665,6670,6735,6655,75046
1/23/2013,6680,6685,6690,6655,18292
1/22/2013,6675,6675,6685,6655,15478
1/21/2013,6670,6680,6700,6660,22932
1/18/2013,6680,6635,6690,6630,45142
1/17/2013,6620,6630,6640,6605,16168
1/16/2013,6620,6630,6640,6595,34716
1/15/2013,6635,6670,6685,6635,26042
1/14/2013,6670,6655,6690,6615,36394
1/11/2013,6645,6715,6725,6640,38106
1/10/2013,6705,6710,6745,6675,41620
1/9/2013,6700,6685,6730,6655,59306
1/8/2013,6685,6715,6720,6680,34692
1/7/2013,6705,6695,6755,6695,78732
1/4/2013,6690,6630,6740,6630,76066
12/31/2012,6620,6600,6645,6590,30120
12/28/2012,6605,6595,6615,6595,15814
12/27/2012,6605,6615,6630,6600,28712
12/26/2012,6600,6600,6610,6590,22656
12/25/2012,6590,6575,6620,6565,37564
12/24/2012,6570,6555,6580,6555,16186
12/21/2012,6555,6570,6605,6550,40344
12/20/2012,6585,6625,6625,6580,42180
12/19/2012,6615,6575,6665,6565,113726
12/18/2012,6570,6590,6605,6560,31426
12/17/2012,6590,6565,6615,6550,63870
12/14/2012,6560,6515,6560,6515,20624
12/13/2012,6525,6565,6565,6520,16100
12/12/2012,6550,6530,6555,6525,17168
12/11/2012,6535,6565,6575,6530,22436
12/10/2012,6575,6540,6590,6535,55416
12/7/2012,6540,6525,6545,6515,20556
12/6/2012,6535,6540,6580,6530,41444
12/5/2012,6545,6495,6555,6495,32930
12/4/2012,6500,6520,6520,6475,25450
12/3/2012,6530,6510,6575,6490,86188
11/30/2012,6495,6470,6495,6460,17686
11/29/2012,6455,6440,6470,6435,9642
11/28/2012,6435,6450,6465,6435,11366
11/27/2012,6455,6475,6490,6455,12946
11/26/2012,6475,6485,6500,6460,21198
11/23/2012,6475,6425,6480,6425,20790
11/22/2012,6445,6435,6450,6420,14974
11/21/2012,6430,6440,6440,6400,33268
11/20/2012,6445,6480,6485,6440,16144
11/19/2012,6450,6440,6465,6430,21388
11/16/2012,6415,6465,6475,6380,44862
11/15/2012,6475,6490,6495,6470,16152
11/14/2012,6490,6465,6495,6440,26490
11/13/2012,6470,6465,6480,6430,20272
11/12/2012,6470,6475,6515,6440,20446
11/9/2012,6480,6495,6510,6475,17192
11/8/2012,6465,6440,6475,6440,4626
11/7/2012,6480,6480,6500,6450,8034
11/6/2012,6465,6410,6475,6400,16356
11/5/2012,6405,6395,6410,6365,11884
11/2/2012,6415,6430,6435,6380,13772
11/1/2012,6430,6400,6445,6390,23418
10/31/2012,6410,6400,6415,6375,25104
10/30/2012,6395,6355,6415,6340,43480
10/29/2012,6360,6420,6420,6295,84092
10/26/2012,6420,6485,6500,6375,75664
10/25/2012,6490,6520,6520,6480,20796
10/24/2012,6505,6455,6510,6455,38326
10/23/2012,6475,6500,6520,6470,22992
10/22/2012,6515,6450,6520,6450,30864
10/19/2012,6470,6490,6505,6470,29562
10/18/2012,6490,6470,6505,6430,77448
10/17/2012,6470,6555,6575,6470,46612
10/16/2012,6560,6530,6570,6515,24540
10/15/2012,6515,6540,6545,6500,28510
10/12/2012,6565,6575,6620,6540,37526
10/11/2012,6560,6560,6580,6540,25360
10/10/2012,6580,6555,6605,6545,33274
10/9/2012,6555,6515,6580,6505,32604
10/8/2012,6490,6500,6530,6465,24818
9/28/2012,6545,6585,6590,6535,16650
9/27/2012,6545,6575,6580,6510,34436
9/26/2012,6580,6620,6640,6570,25594
9/25/2012,6640,6660,6670,6625,13686
9/24/2012,6655,6660,6685,6635,34472
9/21/2012,6690,6705,6715,6670,23842
9/20/2012,6680,6700,6755,6680,36898
9/19/2012,6765,6745,6770,6735,33126
9/18/2012,6740,6725,6785,6715,53444
9/17/2012,6755,6785,6850,6735,114202
9/14/2012,6785,6700,6810,6670,172392
9/13/2012,6630,6630,6670,6610,69592
9/12/2012,6625,6635,6640,6610,32036
9/11/2012,6620,6585,6635,6580,44974
9/10/2012,6595,6595,6620,6555,54452
9/7/2012,6530,6520,6580,6460,48340
9/6/2012,6530,6520,6560,6480,49116
9/5/2012,6525,6560,6605,6520,44082
9/4/2012,6575,6585,6595,6560,26074
9/3/2012,6580,6550,6610,6525,45366
8/31/2012,6540,6535,6565,6510,29188
8/30/2012,6555,6545,6575,6500,34672
8/29/2012,6545,6540,6570,6460,74182
8/28/2012,6540,6570,6590,6520,49254
8/27/2012,6590,6650,6650,6575,61734
8/24/2012,6615,6600,6650,6565,111566
8/23/2012,6630,6520,6635,6505,98956
8/22/2012,6500,6520,6525,6480,23958
8/21/2012,6500,6515,6520,6475,26608
8/20/2012,6505,6540,6545,6505,12938
8/17/2012,6525,6540,6550,6510,19358
8/16/2012,6510,6505,6545,6490,26104
8/15/2012,6490,6470,6510,6450,24904
8/14/2012,6480,6465,6495,6410,40928
8/13/2012,6465,6495,6510,6460,25040
8/10/2012,6490,6530,6570,6485,34102
8/9/2012,6535,6500,6540,6490,23810
8/8/2012,6485,6520,6535,6480,19786
8/7/2012,6515,6510,6525,6475,26702
8/6/2012,6515,6500,6550,6490,38228
8/3/2012,6465,6415,6465,6400,25970
8/2/2012,6450,6465,6470,6420,33396
8/1/2012,6465,6435,6495,6430,41232
7/31/2012,6470,6470,6475,6355,97526
7/30/2012,6460,6495,6530,6430,43824
7/27/2012,6490,6475,6495,6425,41850
7/26/2012,6450,6435,6505,6415,55496
7/25/2012,6420,6420,6485,6410,38182
7/24/2012,6450,6400,6495,6375,57924
7/23/2012,6440,6585,6595,6400,120614
7/20/2012,6630,6705,6720,6590,71716
7/19/2012,6690,6695,6785,6680,130844
7/18/2012,6665,6580,6675,6580,74508
7/17/2012,6605,6700,6705,6590,45044
7/16/2012,6670,6600,6685,6590,57564
7/13/2012,6600,6540,6600,6480,52936
7/12/2012,6535,6560,6575,6510,32388
7/11/2012,6420,6450,6460,6390,8648
7/10/2012,6460,6525,6540,6460,10086
7/9/2012,6520,6550,6560,6515,15348
7/6/2012,6570,6560,6580,6535,17922
7/5/2012,6585,6515,6585,6505,33876
7/4/2012,6515,6570,6575,6490,37302
7/3/2012,6520,6430,6565,6415,62254
7/2/2012,6430,6480,6480,6400,39242
6/29/2012,6380,6300,6390,6250,57730
6/28/2012,6335,6355,6355,6300,38344
6/27/2012,6310,6405,6410,6250,79836
6/26/2012,6395,6445,6470,6385,25710
6/25/2012,6440,6410,6475,6345,26606
6/21/2012,6435,6500,6505,6425,38458
6/20/2012,6550,6545,6560,6500,35436
6/19/2012,6525,6570,6590,6525,27782
6/18/2012,6580,6590,6615,6560,37160
6/15/2012,6560,6550,6565,6515,40526
6/14/2012,6515,6465,6550,6450,56120
6/13/2012,6485,6430,6485,6415,29936
6/12/2012,6425,6400,6435,6385,45900
6/11/2012,6465,6445,6540,6430,57786
6/8/2012,6370,6390,6425,6330,49108
6/7/2012,6415,6450,6465,6390,44070
6/6/2012,6405,6410,6465,6360,42198
6/5/2012,6415,6410,6480,6400,44826
6/4/2012,6360,6520,6535,6360,125936
6/1/2012,6605,6620,6645,6600,33110
5/31/2012,6635,6625,6655,6595,31840
5/30/2012,6680,6650,6685,6645,29744
5/29/2012,6680,6610,6685,6600,40054
5/28/2012,6630,6595,6640,6565,42258
5/25/2012,6590,6605,6605,6550,31570
5/24/2012,6605,6575,6610,6550,35056
5/23/2012,6590,6610,6625,6540,45268
5/22/2012,6660,6690,6710,6630,34710
5/21/2012,6670,6650,6695,6615,45078
5/18/2012,6630,6690,6705,6580,57476
5/17/2012,6730,6695,6730,6685,33618
5/16/2012,6675,6710,6720,6670,31640
5/15/2012,6735,6670,6740,6645,50612
5/14/2012,6695,6780,6785,6685,57474
5/11/2012,6755,6865,6880,6755,51268
5/10/2012,6875,6855,6885,6845,25516
5/9/2012,6855,6850,6880,6840,32342
5/8/2012,6870,6915,6920,6865,27948
5/7/2012,6905,6900,6930,6855,74992
5/4/2012,6960,6945,6970,6920,34544
5/3/2012,6960,7005,7015,6940,52318
5/2/2012,7020,7015,7030,7010,21582
4/27/2012,6990,7045,7045,6990,30560
4/26/2012,7015,6970,7015,6965,36184
4/25/2012,6965,6985,6990,6960,28344
4/24/2012,6975,6995,7010,6955,53390
4/23/2012,6990,7045,7050,6985,55134
4/20/2012,7035,7025,7065,7020,87372
4/19/2012,7030,7015,7035,6990,44778
4/18/2012,7030,7000,7045,6990,74598
4/17/2012,6975,7045,7045,6970,52048
4/16/2012,7020,6990,7025,6970,49600
4/13/2012,7020,7100,7100,7020,70254
4/12/2012,7070,7020,7085,7020,75652
4/11/2012,7005,6995,7030,6970,64010
4/10/2012,7035,7005,7065,7000,81170
4/9/2012,7005,7040,7075,6990,77484
4/6/2012,7050,7045,7055,6985,72646
4/5/2012,7025,6885,7025,6860,72866
3/30/2012,6920,6960,6975,6905,45490
3/29/2012,6955,6980,7005,6930,95490
3/28/2012,6990,7065,7075,6970,112272
3/27/2012,7085,7150,7155,7080,62120
3/26/2012,7120,7130,7150,7115,42804
3/23/2012,7115,7130,7150,7090,37148
3/22/2012,7130,7150,7160,7105,42082
3/21/2012,7140,7090,7155,7085,37550
3/20/2012,7120,7120,7150,7080,62216
3/19/2012,7105,7135,7160,7055,52124
3/16/2012,6860,6935,6945,6830,71784
3/15/2012,6920,6960,6975,6885,67628
3/14/2012,6970,7050,7060,6960,67920
3/13/2012,7040,7010,7045,7010,47494
3/12/2012,7010,7020,7040,6995,48106
3/9/2012,7015,6955,7020,6950,84476
3/8/2012,6945,6950,6980,6935,47162
3/7/2012,6935,6945,6975,6920,71856
3/6/2012,7015,7050,7070,7005,85020
3/5/2012,7040,7060,7105,7015,80804
3/2/2012,7075,7045,7085,7020,105992
3/1/2012,7005,6935,7070,6930,174702
2/29/2012,6965,6965,6980,6945,60994
2/28/2012,6980,6930,6985,6925,97904
2/27/2012,6935,6910,6970,6900,111830
2/24/2012,6880,6925,6940,6870,92072
2/23/2012,6910,6900,6950,6885,86598
2/22/2012,6945,6940,6970,6915,96324
2/21/2012,6920,6845,6930,6830,101536
2/20/2012,6845,6940,6945,6820,108012
2/17/2012,6885,6905,6925,6870,70062
2/16/2012,6875,7000,7000,6855,139810
2/15/2012,6955,7040,7050,6950,150122
2/14/2012,7025,7095,7105,7020,75066
2/13/2012,7090,7035,7115,7030,110028
2/10/2012,7050,7070,7085,7025,79632
2/9/2012,7065,7150,7160,7055,114174
2/8/2012,7170,7130,7175,7090,114034
2/7/2012,7095,7175,7190,7070,141306
2/6/2012,7170,7220,7240,7145,162048
2/3/2012,7180,7035,7200,7030,231202
2/2/2012,7045,7040,7065,7010,41226
2/1/2012,7020,7030,7075,7015,67462
1/31/2012,7040,7050,7070,7010,58198
1/30/2012,7045,7050,7125,7040,81626
1/20/2012,7050,6985,7075,6960,45744
1/19/2012,6965,7000,7050,6935,55076
1/18/2012,6990,6990,7030,6980,67012
1/17/2012,6985,6865,7005,6850,62452
1/16/2012,6850,6900,6925,6850,32120
1/13/2012,6925,6930,6955,6920,27772
1/12/2012,6955,6930,6980,6930,25792
1/11/2012,6950,6970,6975,6930,23584
1/10/2012,6970,6960,6980,6935,37574
1/9/2012,6960,6940,7035,6930,72538
1/6/2012,6940,6920,6955,6920,21422
1/5/2012,6950,6900,6965,6900,36696
1/4/2012,6910,6980,6980,6905,34210
12/30/2011,6910,6840,6915,6840,30160
12/29/2011,6830,6815,6860,6810,18106
12/28/2011,6870,6860,6885,6845,20408
12/27/2011,6850,6820,6875,6815,20612
12/26/2011,6830,6900,6905,6825,24726
12/23/2011,6900,6855,6900,6855,26016
12/22/2011,6860,6870,6875,6835,24938
12/21/2011,6870,6850,6880,6840,33068
12/20/2011,6815,6810,6820,6785,22162
12/19/2011,6800,6815,6820,6750,24106
12/16/2011,6830,6740,6830,6740,32140
12/15/2011,6730,6690,6785,6660,50502
12/14/2011,6805,6800,6830,6785,25732
12/13/2011,6800,6760,6825,6735,38654
12/12/2011,6790,6920,6920,6780,49688
12/9/2011,6880,6900,6950,6875,45828
12/8/2011,6955,6920,6985,6890,69720
12/7/2011,6945,6920,6950,6900,41102
12/6/2011,6900,6910,6920,6865,43428
12/5/2011,6920,6965,6970,6890,77428
12/1/2011,6840,6890,7000,6785,80634
11/30/2011,6670,6740,6750,6635,31860
11/29/2011,6730,6710,6740,6670,27988
11/28/2011,6705,6645,6720,6640,48454
11/25/2011,6595,6575,6620,6540,57746
11/24/2011,6605,6580,6650,6495,70808
11/23/2011,6600,6750,6755,6585,87838
11/22/2011,6745,6735,6785,6720,33402
11/21/2011,6755,6775,6815,6745,24494
11/18/2011,6805,6710,6825,6690,55346
11/17/2011,6860,6820,6910,6780,46278
11/16/2011,6780,6935,6945,6770,39714
11/15/2011,6885,6855,6895,6825,29484
11/14/2011,6905,6815,6980,6765,77146
11/11/2011,6735,6635,6830,6635,57864
11/10/2011,6635,6800,6800,6635,43320
11/9/2011,6905,6995,7070,6875,44236
11/8/2011,6970,6955,6985,6915,28324
11/7/2011,6930,6985,6990,6885,29864
11/4/2011,6695,6610,6700,6605,38180
11/3/2011,6565,6630,6635,6550,34214
11/2/2011,6645,6550,6650,6490,53688
11/1/2011,6630,6650,6700,6595,45120
10/31/2011,6635,6730,6730,6610,46808
10/28/2011,6715,6785,6880,6705,60146
10/27/2011,6670,6600,6690,6580,70002
10/26/2011,6610,6630,6750,6515,125366
10/25/2011,6675,6660,6780,6510,172286
10/24/2011,6590,6395,6650,6320,90970
10/21/2011,6315,6350,6380,6280,67040
10/20/2011,6310,6500,6500,6310,78532
10/19/2011,6590,6700,6730,6555,52696
10/18/2011,6670,6810,6815,6650,47308
10/17/2011,6830,6860,6895,6825,42496
10/14/2011,6840,6770,6845,6750,39682
10/13/2011,6775,6810,6825,6755,49916
10/12/2011,6825,6810,6845,6715,76144
10/11/2011,6805,6950,6950,6795,62330
10/10/2011,6835,6950,6965,6825,36174
9/30/2011,6930,6920,6945,6850,44414
9/29/2011,6910,6850,6945,6780,39738
9/28/2011,7055,7185,7185,6955,60510
9/27/2011,7150,7100,7190,7060,60878
9/26/2011,6945,7160,7250,6820,81522
9/23/2011,7175,7075,7250,7050,90776
9/22/2011,7255,7410,7415,7200,50720
9/21/2011,7510,7500,7540,7375,50494
9/20/2011,7500,7470,7525,7465,33600
9/19/2011,7460,7730,7730,7415,61782
9/16/2011,7760,7790,7795,7730,18316
9/15/2011,7770,7795,7810,7770,11094
9/14/2011,7780,7850,7860,7755,15160
9/13/2011,7835,7845,7850,7800,12802
9/9/2011,7855,7850,7865,7825,13890
9/8/2011,7850,7910,7925,7840,16978
9/7/2011,7885,7860,7885,7830,16972
9/6/2011,7830,7785,7835,7765,19566
9/5/2011,7810,7810,7870,7810,13800
9/2/2011,7855,7865,7880,7845,14004
9/1/2011,7860,7940,7950,7860,19198
8/31/2011,7945,7975,7980,7930,14590
8/30/2011,7950,7935,7975,7920,27650
8/29/2011,7910,7910,7920,7885,14364
8/26/2011,7900,7900,7915,7875,24064
8/25/2011,7885,7895,7930,7860,24664
8/24/2011,7885,7910,7920,7870,21388
8/23/2011,7895,7855,7900,7840,29084
8/22/2011,7795,7820,7875,7795,27464
8/19/2011,7820,7700,7825,7680,51878
8/18/2011,7885,7950,7960,7880,40478
8/17/2011,7940,7895,7955,7865,44866
8/16/2011,7880,7985,8005,7810,53442
8/15/2011,7935,7995,8025,7935,34832
8/12/2011,7925,7990,8045,7920,42068
8/11/2011,7930,7855,7940,7820,49908
8/10/2011,7875,7850,7915,7820,61244
8/9/2011,7760,7655,7805,7640,101642
8/8/2011,8000,7985,8125,7955,83580
8/5/2011,8065,8250,8265,8035,132020
8/4/2011,8390,8445,8510,8370,110236
8/3/2011,8440,8415,8465,8365,63038
8/2/2011,8425,8505,8530,8395,60120
8/1/2011,8525,8550,8575,8490,77054
7/29/2011,8525,8425,8575,8420,142556
7/28/2011,8420,8405,8470,8380,39058
7/27/2011,8445,8445,8480,8420,39390
7/26/2011,8445,8320,8450,8320,43758
7/25/2011,8345,8410,8430,8325,35554
7/22/2011,8435,8355,8470,8335,50854
7/21/2011,8340,8380,8395,8305,18026
7/20/2011,8365,8450,8450,8360,14806
7/19/2011,8385,8395,8420,8350,15084
7/18/2011,8390,8375,8500,8375,32326
7/15/2011,8035,8040,8055,8005,16642
7/14/2011,8065,8090,8120,8040,17320
7/13/2011,8100,8050,8110,8045,32802
7/12/2011,8030,8050,8050,8005,19892
7/11/2011,8050,8065,8095,8040,23454
7/8/2011,8095,8145,8150,8070,28020
7/7/2011,8115,8140,8160,8100,18550
7/6/2011,8145,8150,8170,8125,16916
7/5/2011,8130,8150,8150,8100,28460
7/4/2011,8145,8030,8255,8015,70968
7/1/2011,8000,7960,8010,7945,29204
6/30/2011,7970,7920,7975,7900,31318
6/29/2011,7895,7910,7920,7870,29288
6/28/2011,7875,7920,7920,7865,26942
6/27/2011,7880,7935,7935,7865,36072
6/24/2011,7915,7885,7920,7855,38094
6/23/2011,7905,7930,7955,7865,44040
6/22/2011,7950,7950,7995,7935,39948
6/21/2011,7960,7955,7970,7880,48912
6/20/2011,7925,8015,8035,7910,64822
6/17/2011,8035,8020,8080,8005,47076
6/16/2011,8015,8000,8045,8000,30882
6/15/2011,8060,8075,8075,8040,34436
6/14/2011,8045,7965,8055,7965,50934
6/13/2011,8005,8005,8045,7990,45342
6/10/2011,8035,8110,8135,8000,66344
6/9/2011,8110,8170,8185,8095,41666
6/8/2011,8150,8160,8190,8100,66738
6/7/2011,8150,8110,8235,8105,87378
6/3/2011,8170,8125,8170,8110,65914
6/2/2011,8105,8180,8205,8065,79022
6/1/2011,8225,8280,8290,8205,48986
5/31/2011,8255,8135,8270,8125,134026
5/30/2011,8105,8145,8165,8105,32778
5/27/2011,8145,8100,8145,8080,42296
5/26/2011,8115,8030,8150,8015,72758
5/25/2011,7975,7960,7985,7915,57186
5/24/2011,7960,7910,7975,7900,55812
5/23/2011,7910,8040,8060,7900,76288
5/20/2011,8035,8000,8040,7950,61872
5/19/2011,8010,8120,8150,8005,64944
5/18/2011,8065,8080,8115,8050,50958
5/17/2011,8050,8065,8080,7950,103708
5/16/2011,8070,8110,8140,8070,63134
5/13/2011,8150,8055,8185,8030,116752
5/12/2011,8000,8105,8200,7935,260158
5/11/2011,8180,8325,8360,8175,214072
5/10/2011,8305,8375,8380,8280,94532
5/9/2011,8360,8350,8390,8315,70016
5/6/2011,8310,8400,8420,8250,168754
5/5/2011,8545,8545,8580,8450,122726
5/4/2011,8565,8590,8620,8515,89568
5/3/2011,8615,8645,8680,8590,98704
4/29/2011,8635,8605,8665,8580,158934
4/28/2011,8645,8470,8645,8460,169430
4/27/2011,8430,8445,8495,8420,72102
4/26/2011,8425,8380,8465,8370,51148
4/25/2011,8430,8470,8515,8410,75106
4/22/2011,8445,8450,8470,8390,67268
4/21/2011,8425,8350,8430,8340,45502
4/20/2011,8305,8260,8310,8250,23486
4/19/2011,8235,8300,8325,8220,34072
4/18/2011,8335,8285,8360,8260,35068
4/15/2011,8300,8385,8410,8280,43066
4/14/2011,8370,8445,8480,8370,62388
4/13/2011,8460,8360,8485,8335,51186
4/12/2011,8410,8385,8450,8370,38962
4/11/2011,8430,8460,8490,8405,44444
4/8/2011,8430,8345,8435,8310,41884
4/7/2011,8315,8250,8325,8250,32676
4/6/2011,8260,8200,8270,8160,30372
4/1/2011,8180,8295,8315,8165,42974
3/31/2011,8265,8285,8310,8260,23688
3/30/2011,8285,8350,8360,8270,31534
3/29/2011,8345,8405,8430,8330,26584
3/28/2011,8435,8540,8555,8400,25302
3/25/2011,8535,8530,8565,8510,28304
3/24/2011,8120,8140,8175,8100,21570
3/23/2011,8145,8100,8150,8085,39438
3/22/2011,8085,8030,8090,7990,43884
3/21/2011,8025,8050,8060,8005,34046
3/18/2011,8015,8050,8050,7990,51500
3/17/2011,7965,7950,7990,7910,67342
3/16/2011,7985,8060,8080,7880,122982
3/15/2011,8085,8145,8145,8055,86536
3/14/2011,8120,8085,8170,8030,120056
3/11/2011,8080,8060,8110,8030,79988
3/10/2011,8085,8135,8170,8050,137726
3/9/2011,8170,8190,8230,8160,126782
3/8/2011,8155,8180,8270,8120,283038
3/7/2011,8240,8225,8275,8155,225326
3/4/2011,8190,8300,8325,8075,354598
3/3/2011,8280,8400,8480,8270,379730
3/2/2011,8395,8535,8535,8390,309462
3/1/2011,8480,8600,8660,8460,434054
2/28/2011,8630,8675,8695,8545,498098
2/25/2011,8630,8600,8715,8435,697560
2/24/2011,8590,8490,8595,8370,332998
2/23/2011,8410,8420,8590,8310,266490
2/22/2011,8470,8670,8680,8325,205222
2/21/2011,8585,8400,8650,8390,277556
2/18/2011,8385,8455,8525,8375,107822
2/17/2011,8410,8470,8515,8390,74206
2/16/2011,8440,8400,8450,8360,63848
2/15/2011,8440,8470,8550,8415,108228
2/14/2011,8485,8490,8510,8365,86466
2/11/2011,8450,8550,8555,8440,95832
2/10/2011,8525,8310,8580,8305,145406
2/9/2011,8305,8310,8355,8220,38578
2/1/2011,8310,8305,8340,8270,30922
1/31/2011,8265,8300,8320,8220,66562
1/28/2011,8215,8110,8220,8100,53470
1/27/2011,8155,8180,8215,8105,64190
1/26/2011,8145,7990,8165,7980,90370
1/25/2011,8055,8160,8170,8050,68330
1/24/2011,8195,8115,8300,8115,87132
1/21/2011,8110,8055,8150,8055,48132
1/20/2011,8145,8200,8295,8125,80836
1/19/2011,8240,8165,8255,8145,71170
1/18/2011,8145,8060,8175,8020,81402
1/17/2011,8060,8195,8205,8050,64060
1/14/2011,8170,8130,8195,8110,44708
1/13/2011,8175,8250,8255,8170,61980
1/12/2011,8175,8185,8240,8125,85388
1/11/2011,8145,8150,8180,8080,71430
1/10/2011,8120,8210,8240,8110,71472
1/7/2011,8150,8440,8460,8005,111126
1/6/2011,8525,8490,8565,8470,101524
1/5/2011,8420,8440,8475,8405,54866
1/4/2011,8515,8420,8530,8420,100120
1/3/2011,8375,8375,8375,8375,0
12/31/2010,8375,8470,8485,8375,88864
12/30/2010,8515,8480,8535,8410,101710
12/29/2010,8495,8515,8585,8420,130282
12/28/2010,8490,8525,8580,8455,90364
12/27/2010,8530,8445,8560,8380,171276
12/24/2010,8490,8395,8495,8335,144248
12/23/2010,8355,8295,8360,8290,62092
12/22/2010,8275,8360,8400,8265,67288
12/21/2010,8350,8360,8370,8295,69060
12/20/2010,8305,8350,8440,8210,138098
12/17/2010,8305,8280,8355,8270,98792
12/16/2010,8270,8230,8355,8230,113354
12/15/2010,8230,8320,8385,8210,137740
12/14/2010,8350,8320,8390,8235,219484
12/13/2010,8310,8065,8450,8060,233252
12/10/2010,8095,8115,8120,8055,89918
12/9/2010,8120,8090,8165,8055,162888
12/8/2010,8005,7950,8130,7945,194344
12/7/2010,8060,8150,8150,7900,193272
12/6/2010,8170,8215,8285,8160,94964
12/3/2010,8155,8200,8260,8135,106428
12/2/2010,8190,8190,8275,8145,119300
12/1/2010,8095,8020,8140,7990,121516
11/30/2010,8095,8290,8300,7970,132826
11/29/2010,8255,8200,8315,8185,75760
11/26/2010,8240,8500,8500,8155,144322
11/25/2010,8460,8580,8600,8455,84770
11/24/2010,8505,8500,8545,8400,108908
11/23/2010,8445,8735,8820,8390,230750
11/22/2010,8730,8580,8820,8560,156172
11/19/2010,8660,8765,8780,8505,111634
11/18/2010,8620,8500,8770,8310,202022
11/17/2010,8320,8300,8475,8300,147338
11/16/2010,8580,8670,8895,8525,238524
11/15/2010,8580,8415,8900,8410,222976
11/12/2010,8355,8500,8640,8355,23410
11/11/2010,9100,9650,9650,9100,202448
11/10/2010,9520,9450,9720,9360,233236
11/9/2010,9430,8950,9430,8830,104688
11/8/2010,8610,8515,8875,8395,60234
11/5/2010,8580,8305,8600,8305,33080
11/4/2010,8265,8120,8270,8085,39820
11/3/2010,8065,8060,8135,8055,20860
11/2/2010,8050,8065,8090,8005,26336
11/1/2010,8040,8000,8080,7985,35098
10/29/2010,7970,7980,8060,7920,47708
10/28/2010,8015,7980,8085,7970,47506
10/27/2010,7960,8065,8135,7910,94382
10/26/2010,8040,7950,8080,7895,97414
10/25/2010,7940,7910,7975,7855,45082
10/22/2010,7850,7765,7890,7745,45070
10/21/2010,7790,7820,7850,7770,29780
10/20/2010,7770,7690,7785,7650,36406
10/19/2010,7825,7850,7880,7740,37908
10/18/2010,7785,7850,7880,7700,46204
10/15/2010,7955,8055,8055,7930,45192
10/14/2010,8065,8095,8145,8020,50264
10/13/2010,8035,8030,8110,8005,53786
10/12/2010,7980,8080,8095,7965,53456
10/11/2010,8130,7995,8190,7995,112334
10/8/2010,7945,7920,8000,7920,44920
9/30/2010,7920,7940,7945,7870,35778
9/29/2010,7930,7980,8000,7820,50714
9/28/2010,7970,7960,8040,7950,38446
9/27/2010,8000,7980,8015,7920,50780
9/21/2010,7835,7840,7880,7785,56758
9/20/2010,7810,7805,7855,7790,54324
9/17/2010,7765,7790,7845,7755,119924
9/16/2010,7795,7685,7795,7685,127450
9/15/2010,7690,7680,7750,7680,69196
9/14/2010,7670,7720,7745,7665,45098
9/13/2010,7715,7700,7770,7675,114390
9/10/2010,7640,7540,7660,7540,43268
9/9/2010,7565,7700,7720,7450,66330
9/8/2010,7665,7655,7730,7650,74808
9/7/2010,7645,7590,7705,7560,121026
9/6/2010,7600,7490,7620,7490,52348
9/3/2010,7485,7550,7555,7450,24870
9/2/2010,7530,7510,7545,7475,33786
9/1/2010,7475,7410,7495,7410,23206
8/31/2010,7410,7490,7490,7400,31132
8/30/2010,7530,7570,7600,7525,44864
8/27/2010,7515,7520,7525,7470,27088
8/26/2010,7520,7540,7540,7470,44860
8/25/2010,7505,7360,7515,7355,57172
8/24/2010,7365,7350,7405,7295,29678
8/23/2010,7375,7440,7445,7355,24172
8/20/2010,7425,7530,7550,7410,33302
8/19/2010,7560,7500,7570,7480,37000
8/18/2010,7485,7540,7580,7470,35890
8/17/2010,7525,7540,7550,7490,30826
8/16/2010,7535,7440,7555,7375,45548
8/13/2010,7445,7360,7450,7350,16088
8/12/2010,7365,7405,7405,7330,20244
8/11/2010,7450,7450,7490,7435,24362
8/10/2010,7470,7500,7530,7450,19520
8/9/2010,7510,7385,7520,7385,31750
8/6/2010,7410,7360,7410,7340,13002
8/5/2010,7350,7440,7460,7335,31490
8/4/2010,7425,7420,7435,7330,34002
8/3/2010,7425,7540,7550,7415,16290
8/2/2010,7490,7440,7515,7440,16712
7/30/2010,7430,7375,7430,7345,9518
7/29/2010,7175,7195,7195,7125,10566
7/28/2010,7170,7060,7180,7060,15980
7/27/2010,7105,7160,7165,7095,13586
7/26/2010,7160,7130,7170,7115,19698
7/23/2010,7125,7050,7145,7030,36876
7/22/2010,6990,6930,7000,6930,21762
7/21/2010,6955,6970,6985,6935,17026
7/20/2010,6965,6870,6965,6855,40430
7/19/2010,6860,6820,6865,6790,18576
7/16/2010,6835,6850,6875,6810,16856
7/15/2010,6845,6905,6910,6830,28246
7/14/2010,6920,6960,6960,6910,14004
7/13/2010,6905,6930,6945,6900,19200
7/12/2010,6935,6950,7000,6930,29194
7/9/2010,6945,6920,6965,6915,25212
7/8/2010,6915,7005,7020,6880,39764
7/7/2010,6925,6960,6975,6920,21428
7/6/2010,6980,7000,7000,6930,36998
7/5/2010,7030,7040,7050,7015,30740
7/2/2010,7040,6950,7045,6950,34726
7/1/2010,6980,7040,7060,6980,31428
6/30/2010,7050,7000,7065,7000,34938
6/29/2010,7065,7110,7150,7015,43290
6/28/2010,7145,7210,7220,7140,46806
6/25/2010,7165,7210,7220,7150,32540
6/24/2010,7205,7170,7270,7170,53862
6/23/2010,7190,7200,7240,7150,44028
6/22/2010,7235,7260,7265,7210,46550
6/21/2010,7305,7180,7395,7150,84634
6/18/2010,7110,7190,7205,7105,57868
6/17/2010,7180,7240,7255,7155,34572
6/11/2010,7160,7200,7225,7145,36116
6/10/2010,7155,7175,7215,7105,64910
6/9/2010,7165,7135,7175,7065,87868
6/8/2010,7115,6970,7135,6970,104268
6/7/2010,6935,7120,7120,6900,148920
6/4/2010,7280,7290,7295,7220,41540
6/3/2010,7290,7300,7315,7255,49112
6/2/2010,7240,7300,7320,7155,84124
6/1/2010,7275,7460,7465,7270,81312
5/31/2010,7465,7510,7510,7455,34362
5/28/2010,7520,7560,7590,7500,51394
5/27/2010,7520,7465,7520,7420,55806
5/26/2010,7440,7460,7475,7380,69776
5/25/2010,7415,7450,7505,7395,102062
5/24/2010,7485,7385,7490,7365,67834
5/21/2010,7355,7310,7415,7255,84074
5/20/2010,7375,7340,7395,7315,52546
5/19/2010,7295,7200,7355,7155,68410
5/18/2010,7285,7190,7305,7100,81974
5/17/2010,7175,7405,7420,7135,96652
5/14/2010,7470,7510,7565,7460,64032
5/13/2010,7555,7560,7565,7510,74668
5/12/2010,7540,7630,7680,7535,103552
5/11/2010,7640,7720,7750,7640,69376
5/10/2010,7725,7775,7785,7650,74418
5/7/2010,7720,7650,7775,7605,139966
5/6/2010,7680,7695,7720,7675,20938
5/5/2010,7715,7650,7715,7630,29756
5/4/2010,7730,7745,7745,7690,20728
4/30/2010,7745,7765,7770,7715,17748
4/29/2010,7715,7740,7770,7710,31208
4/28/2010,7730,7700,7740,7660,35632
4/27/2010,7770,7860,7870,7750,62302
4/26/2010,7890,7910,7930,7875,29838
4/23/2010,7885,7865,7905,7855,34030
4/22/2010,7855,7900,7900,7840,50066
4/21/2010,7915,7990,7990,7900,59624
4/20/2010,7970,7970,7990,7950,50828
4/19/2010,7935,7920,7975,7905,81360
4/16/2010,8005,8080,8085,7995,92202
4/15/2010,8065,7990,8090,7965,177738
4/14/2010,7965,7950,7995,7920,63816
4/13/2010,7930,7970,7995,7915,48752
4/12/2010,7965,7990,8025,7940,70412
4/9/2010,7955,7900,7960,7900,71104
4/8/2010,7880,7900,7945,7860,45648
4/7/2010,7905,7850,7935,7835,79974
4/6/2010,7835,7830,7870,7800,46056
4/2/2010,7780,7840,7850,7760,30228
4/1/2010,7800,7810,7840,7790,15112
3/31/2010,7790,7880,7890,7790,32172
3/30/2010,7870,7940,7975,7855,30704
3/29/2010,7915,7875,7925,7865,20900
3/26/2010,7570,7515,7580,7515,16484
3/25/2010,7525,7520,7550,7510,10960
3/24/2010,7545,7570,7585,7530,17916
3/23/2010,7570,7600,7620,7560,26778
3/22/2010,7585,7560,7585,7540,34244
3/19/2010,7590,7485,7595,7480,50060
3/18/2010,7490,7495,7530,7465,26220
3/17/2010,7495,7440,7510,7405,41986
3/16/2010,7395,7350,7405,7330,30708
3/15/2010,7380,7455,7490,7355,45812
3/12/2010,7480,7460,7495,7440,25188
3/11/2010,7455,7510,7570,7430,59106
3/10/2010,7500,7500,7580,7475,37128
3/9/2010,7515,7500,7535,7490,25456
3/8/2010,7525,7455,7540,7440,51846
3/5/2010,7445,7480,7490,7410,26134
3/4/2010,7470,7575,7600,7450,35904
3/3/2010,7560,7575,7580,7510,28846
3/2/2010,7530,7555,7610,7525,33588
3/1/2010,7580,7610,7665,7535,27448
2/26/2010,7580,7605,7630,7550,20262
2/25/2010,7615,7750,7750,7600,28074
2/24/2010,7680,7670,7690,7660,24284
2/23/2010,7700,7660,7715,7660,28258
2/22/2010,7710,7800,7800,7655,36694
2/12/2010,7610,7550,7615,7530,19096
2/11/2010,7535,7505,7560,7490,26682
2/10/2010,7495,7485,7525,7455,34464
2/9/2010,7465,7440,7490,7400,33772
2/8/2010,7440,7345,7470,7340,45848
2/5/2010,7380,7320,7390,7310,39624
2/4/2010,7445,7400,7470,7385,56098
2/3/2010,7470,7360,7495,7315,61714
2/2/2010,7310,7350,7385,7255,34876
2/1/2010,7290,7350,7385,7275,31670
1/29/2010,7350,7380,7410,7320,52396
1/28/2010,7420,7540,7545,7400,58568
1/27/2010,7560,7630,7645,7530,49618
1/26/2010,7605,7735,7740,7600,56266
1/25/2010,7715,7730,7770,7705,48942
1/22/2010,7750,7680,7815,7660,113656
1/21/2010,7770,7700,7770,7690,43328
1/20/2010,7740,7820,7835,7725,58454
1/19/2010,7775,7800,7845,7750,54326
1/18/2010,7795,7690,7810,7680,49064
1/15/2010,7770,7820,7890,7740,69250
1/14/2010,7840,7840,7860,7790,43272
1/13/2010,7780,7870,7895,7750,65206
1/12/2010,8035,8030,8080,7990,68886
1/11/2010,8070,7950,8095,7950,72862
1/8/2010,7470,7600,7600,7415,59946
1/7/2010,7560,7695,7725,7340,121086
1/6/2010,7655,7690,7750,7645,102842
1/5/2010,7700,7685,7815,7655,227562
1/4/2010,7635,7720,7730,7630,147506
12/31/2009,7665,7700,7725,7645,118246
12/30/2009,7675,7600,7745,7590,281238
12/29/2009,7605,7645,7695,7600,124294
12/28/2009,7645,7620,7695,7610,202706
12/25/2009,7600,7630,7675,7575,213452
12/24/2009,7595,7595,7625,7535,263344
12/23/2009,7530,7505,7600,7430,391526
12/22/2009,7465,7500,7555,7455,195630
12/21/2009,7520,7555,7645,7475,377512
12/18/2009,7530,7585,7675,7515,274322
12/17/2009,7610,7700,7790,7585,457842
12/16/2009,7650,7610,7675,7580,293602
12/15/2009,7575,7700,7700,7550,360190
12/14/2009,7655,7485,7695,7470,681278
12/11/2009,7510,7565,7585,7475,336572
12/10/2009,7515,7535,7680,7410,680590
12/9/2009,7570,7620,7715,7550,753862
12/8/2009,7655,7360,7705,7310,588740
12/7/2009,7360,7380,7445,7300,157300
12/4/2009,7375,7320,7425,7320,180712
12/3/2009,7345,7270,7350,7260,144332
12/2/2009,7290,7245,7310,7215,133620
12/1/2009,7190,7195,7225,7105,106052
11/30/2009,6905,6885,6975,6850,99570
11/27/2009,6820,7080,7080,6750,154908
11/26/2009,7095,7190,7190,7035,139330
11/25/2009,7125,7105,7150,7075,134576
11/24/2009,7085,7120,7260,7050,333542
11/23/2009,7175,7100,7200,7100,198134
11/20/2009,7075,7090,7110,7020,144532
11/19/2009,7090,7150,7185,7080,153382
11/18/2009,7150,7100,7220,7090,343496
11/17/2009,7065,7100,7140,7040,207586
11/16/2009,7055,7090,7185,7055,246598
11/13/2009,7040,6980,7080,6950,250136
11/12/2009,7050,7020,7100,6990,315944
11/11/2009,6995,6995,7040,6955,349692
11/10/2009,6960,6795,6980,6760,392892
11/9/2009,6755,6730,6765,6715,64086
11/6/2009,6735,6700,6740,6675,56316
11/5/2009,6690,6735,6735,6665,60116
11/4/2009,6730,6760,6780,6705,48630
11/3/2009,6725,6740,6780,6715,51182
11/2/2009,6740,6690,6760,6660,68760
10/30/2009,6765,6795,6830,6750,76580
10/29/2009,6715,6760,6795,6705,97706
10/28/2009,6845,6865,6940,6810,114228
10/27/2009,6870,6860,6905,6840,93006
10/26/2009,6915,6820,6940,6770,144134
10/23/2009,6845,6810,6860,6800,109312
10/22/2009,6780,6840,6900,6720,119970
10/21/2009,6740,6840,6840,6710,110814
10/20/2009,6870,6855,6945,6840,136752
10/19/2009,6825,6730,6890,6725,147458
10/16/2009,6745,6825,6830,6705,97120
10/15/2009,6755,6730,6855,6725,231692
10/14/2009,6705,6745,6770,6695,109566
10/13/2009,6700,6745,6790,6645,103962
10/12/2009,6770,6600,6810,6580,132654
10/9/2009,6575,6620,6745,6575,41640
9/30/2009,6395,6305,6400,6245,32726
9/29/2009,6280,6330,6335,6240,37304
9/28/2009,6290,6430,6445,6160,79236
9/25/2009,6440,6480,6480,6415,46150
9/24/2009,6520,6600,6610,6500,61052
9/23/2009,6620,6720,6720,6595,54998
9/22/2009,6690,6710,6715,6675,36446
9/21/2009,6720,6680,6745,6660,43394
9/18/2009,6695,6750,6775,6685,49482
9/17/2009,6760,6820,6830,6745,60082
9/16/2009,6780,6805,6850,6760,62208
9/15/2009,6770,6750,6775,6715,62972
9/14/2009,6715,6690,6795,6605,151142
9/11/2009,6915,6950,6980,6910,73170
9/10/2009,6930,6950,6985,6905,81348
9/9/2009,6970,6950,7015,6915,131388
9/8/2009,6895,6935,6950,6825,154176
9/7/2009,6955,7010,7050,6945,143148
9/4/2009,7015,6985,7065,6955,141990
9/3/2009,7015,6945,7045,6865,178940
9/2/2009,6925,7000,7000,6820,212986
9/1/2009,7035,7125,7140,6980,176330
8/31/2009,7120,7295,7295,7100,165344
8/28/2009,7265,7300,7325,7240,150384
8/27/2009,7235,7220,7305,7180,190010
8/26/2009,7230,7170,7295,7160,147828
8/25/2009,7230,7310,7360,7185,232694
8/24/2009,7380,7440,7510,7240,254770
8/21/2009,7255,7200,7380,7170,321852
8/20/2009,7260,7290,7315,7130,296564
8/19/2009,7155,7420,7425,7015,328990
8/18/2009,7330,7345,7410,7255,366852
8/17/2009,7345,7505,7540,7345,202266
8/14/2009,7670,7920,7950,7635,604792
8/13/2009,7875,7900,7990,7815,443842
8/12/2009,7785,7930,8035,7765,601154
8/11/2009,7930,7645,8025,7635,878176
8/10/2009,7675,7575,7740,7555,519024
8/7/2009,7570,7705,7825,7540,598962
8/6/2009,7735,7550,7785,7505,624918
8/5/2009,7520,7600,7670,7460,314518
8/4/2009,7520,7755,7815,7390,460706
8/3/2009,7740,7745,7865,7550,427592
7/31/2009,7660,7560,7750,7520,302370
7/30/2009,7490,7200,7495,7185,368264
7/29/2009,7220,7250,7360,7155,123436
7/28/2009,7270,7245,7340,7195,110316
7/27/2009,7245,7075,7260,7050,87918
7/24/2009,6905,6900,6935,6880,27964
7/23/2009,6895,6900,6915,6845,31614
7/22/2009,6875,6905,6945,6865,38210
7/21/2009,6905,7010,7010,6860,55648
7/20/2009,7005,7030,7075,6990,73896
7/17/2009,7000,6945,7030,6930,105350
7/16/2009,6930,6955,7000,6890,55580
7/15/2009,6930,6870,6950,6850,58720
7/14/2009,6860,6870,6880,6840,22902
7/13/2009,6845,6905,6910,6840,40486
7/10/2009,6880,6880,6985,6865,86988
7/9/2009,6865,6840,6870,6815,27212
7/8/2009,6870,6890,6905,6845,27928
7/7/2009,6925,6890,6930,6880,39946
7/6/2009,6870,6850,6955,6840,87866
7/3/2009,6855,6800,6880,6770,59916
7/2/2009,6830,6830,6895,6815,45880
7/1/2009,6855,6855,6905,6820,46090
6/30/2009,6885,6820,6915,6800,69850
6/29/2009,6775,6865,6865,6770,37896
6/26/2009,6885,6880,6920,6825,55012
6/25/2009,6830,6770,6865,6750,70950
6/24/2009,6770,6795,6795,6715,48840
6/23/2009,6770,6755,6810,6715,87904
6/22/2009,6815,6850,6930,6815,97436
6/19/2009,6915,6970,7015,6890,112430
6/18/2009,6945,6965,7085,6910,220516
6/17/2009,6940,6830,6990,6800,203342
6/16/2009,6850,6805,6890,6800,63206
6/15/2009,6855,6800,6910,6755,109950
6/12/2009,6820,6955,6970,6790,142654
6/11/2009,6930,7025,7050,6930,104918
6/10/2009,6990,7120,7130,6955,212152
6/9/2009,7040,7020,7160,6910,354866
6/8/2009,6970,6650,6970,6620,107348
6/5/2009,6655,6590,6695,6575,19864
6/4/2009,6635,6620,6905,6605,12580
6/3/2009,6580,6565,6595,6550,14680
6/2/2009,6555,6590,6590,6545,13496
6/1/2009,6570,6555,6595,6520,26178
5/27/2009,6485,6500,6535,6460,34002
5/26/2009,6460,6485,6540,6445,38290
5/25/2009,6490,6575,6630,6435,107764
