5/13/2016,270.1,268.25,270.7,267.3,309730
5/12/2016,268.1,269.45,270,267.65,195620
5/11/2016,268.9,267.25,269.45,265.35,252092
5/10/2016,267.6,268.75,268.95,266.2,269504
5/9/2016,270.05,272.8,273.45,269.7,364526
5/6/2016,270.75,271.75,272,267.65,257778
5/5/2016,270.25,271.55,272.7,269.3,168280
5/4/2016,270.65,273.65,273.65,270.3,166064
5/3/2016,274.45,273,274.45,272.4,64
4/29/2016,266.45,262.15,267.85,261.75,347256
4/28/2016,262.25,261.9,262.75,259.3,342874
4/27/2016,261.3,258.55,261.45,258.25,253034
4/26/2016,258.1,258.75,260,258,172382
4/25/2016,258.65,260.7,261.3,256.95,372910
4/22/2016,260.6,265.7,266.5,260,401306
4/21/2016,264,261,264.1,260,350660
4/20/2016,260.65,261,262.45,259.65,325448
4/19/2016,259.85,258.55,260,256.55,239320
4/18/2016,257.35,257.15,258.7,256.2,217164
4/15/2016,257.2,257.6,258.25,256.05,236076
4/14/2016,257.8,260.5,261.05,257,273610
4/13/2016,260.4,262.05,262.65,260.05,268234
4/12/2016,261.8,260.95,262,260.4,189268
4/11/2016,260.55,257.7,261.1,257.4,245542
4/8/2016,258,258.4,259.35,257.65,257602
4/7/2016,256.45,255.2,257.05,255,227246
4/6/2016,256.75,257.5,257.7,256.1,194794
4/5/2016,258.9,258.9,258.9,245.65,16
4/1/2016,257.2,257.5,257.8,256.1,232786
3/31/2016,256.15,258,258.1,255.35,269920
3/30/2016,258.6,256.15,259.8,255.85,378770
3/29/2016,255.75,255.75,256.6,255.25,185942
3/28/2016,255.05,255.95,256.65,254,147416
3/25/2016,256.1,256.3,256.75,255.65,164146
3/24/2016,255.1,256.35,256.85,255,380646
3/23/2016,258.35,262.4,262.95,258.15,331106
3/22/2016,261.4,259.6,261.45,259.25,263124
3/21/2016,259.7,261.1,262.5,259.2,340072
3/18/2016,263.35,263.8,264.85,262.6,403442
3/17/2016,263.3,258.75,264.35,257.65,500638
3/16/2016,259.45,259.15,259.55,257.35,402560
3/15/2016,257.85,263,263.75,257.05,586332
3/14/2016,262.5,265.3,265.9,262.1,544586
3/11/2016,265.75,261,268.85,260.15,868980
3/10/2016,261.9,263.95,264.35,261.1,530230
3/9/2016,264.05,267.65,267.95,263,513264
3/8/2016,266.7,267.25,267.8,265.2,535820
3/7/2016,265.65,265.95,268.7,263.25,896440
3/4/2016,265.6,262.7,265.95,261.6,627072
3/3/2016,262.05,260.5,262.55,259.7,520756
3/2/2016,259.85,263,263.9,259.1,637386
3/1/2016,263.05,260.1,263.65,259,552970
2/29/2016,259.4,261.65,261.7,256.25,756284
2/26/2016,261.85,261.3,262.5,259.15,608646
2/25/2016,261.5,260.25,264.6,259.4,797662
2/24/2016,258.45,256.95,259.25,256.6,449322
2/23/2016,256.3,254.35,257,254.35,374288
2/22/2016,256.2,258.95,259.6,255.9,468326
2/19/2016,258,254.5,259.5,254.3,369542
2/18/2016,254.85,255,255.75,253.8,310824
2/17/2016,255.05,255.4,255.85,252.15,397254
2/16/2016,253.1,254.8,255.3,251.5,309996
2/15/2016,256.15,258.5,259.9,255.6,190718
2/5/2016,245.9,244.6,246.25,244.4,225544
2/4/2016,243.95,242,244.2,240.8,268622
2/3/2016,241.45,240.55,241.85,240.2,197552
2/2/2016,240.55,240.25,241.35,239.4,184274
2/1/2016,239.9,238.4,240.1,237.5,199550
1/29/2016,238.3,239.1,239.75,237.8,232398
1/28/2016,238.8,239.4,240.1,238.65,201368
1/27/2016,239.35,238.3,240.1,237.8,238910
1/26/2016,238.9,236.25,239.05,236,248890
1/25/2016,235.8,235.1,236.15,234.55,199426
1/22/2016,235.2,235.5,235.85,234.35,239830
1/21/2016,236.25,235.8,237.25,235,299478
1/20/2016,233.8,232.5,234.1,232.35,178390
1/19/2016,233.2,233.55,234,232.5,148870
1/18/2016,233.5,232.8,234.75,232.75,334226
1/15/2016,232.6,233.05,233.8,231.2,263662
1/14/2016,234.05,232,234.8,231.35,316336
1/13/2016,232.25,232.85,233.25,232.05,237332
1/12/2016,234.6,236.6,236.95,233.95,295580
1/11/2016,237.45,236.8,238.3,235,353852
1/8/2016,236.8,236.7,238.15,235.95,378540
1/7/2016,236.6,233.05,237.4,231.65,475962
1/6/2016,231.4,230.5,231.75,229.05,269668
1/5/2016,230.3,229.05,230.85,228.45,262396
1/4/2016,228.2,226.7,228.5,226.2,115918
12/31/2015,226.05,227.35,227.8,225.65,167370
12/30/2015,228.15,227.8,228.9,227.35,128336
12/29/2015,228.3,227.5,228.4,226.9,105574
12/28/2015,227.65,228.35,228.85,227.05,64944
12/25/2015,228.35,227.95,228.65,227.6,86556
12/24/2015,227.95,227.55,228.1,227.05,125158
12/23/2015,227.7,228.4,229.3,227.4,179424
12/22/2015,228.75,226.95,229.4,226.55,275796
12/21/2015,227.25,224.6,227.5,223.9,275556
12/18/2015,224.2,225.65,226.25,223,337284
12/17/2015,225.85,225.55,227.4,225.05,261370
12/16/2015,225.25,225.2,226,224.2,186970
12/15/2015,224.85,225.9,227.8,224.8,253672
12/14/2015,226.95,224.45,228.5,224.05,353682
12/11/2015,225.95,225.65,226,224.1,209364
12/10/2015,225.7,226.85,228.7,225.15,324392
12/9/2015,226.3,224.6,226.75,223.8,220362
12/8/2015,225.3,227.05,227.35,224.05,239974
12/7/2015,227.55,221.85,228.05,221.5,532342
12/4/2015,221.95,220.55,227.35,220.05,287942
12/3/2015,220,222.7,222.7,218.55,254426
12/2/2015,222.9,223.45,224.35,222.3,163072
12/1/2015,224.15,219.6,224.5,219.4,293192
11/30/2015,219.15,222.5,222.55,218.8,342424
11/27/2015,222.95,223.4,223.9,222.2,139772
11/26/2015,223.55,224,224.3,222.6,218074
11/25/2015,224.95,224,225.75,223.7,257482
11/24/2015,223.1,222.9,223.85,221.75,180118
11/23/2015,222.95,225.65,226.65,222.3,192624
11/20/2015,225.9,223.35,226.3,222.5,174986
11/19/2015,224.4,222.85,224.6,222,133616
11/18/2015,223.1,224.5,225.55,221.35,187126
11/17/2015,224.5,227.95,228,223.9,145864
11/16/2015,228.75,225.3,228.85,224.85,121480
11/13/2015,225.3,225.35,226.4,223.6,121770
11/12/2015,226.35,227.05,227.05,226,46310
11/11/2015,227.2,226.95,227.7,225.65,67062
11/10/2015,224.8,224.7,225.15,223.65,103676
11/9/2015,224.65,227.7,228.2,223.3,196986
11/6/2015,227.8,227.2,228.2,226.85,111246
11/5/2015,227.4,228.55,229.65,227.2,157222
11/4/2015,229.25,231.7,231.85,228.2,144696
11/3/2015,232.55,233.05,233.25,232.1,93756
11/2/2015,233.5,233.3,233.95,232.25,139320
10/30/2015,234.85,236.6,237.1,234.45,195092
10/29/2015,237.75,241.15,242.9,237.15,301848
10/28/2015,240.45,238.45,240.9,238.3,164766
10/27/2015,238.95,239,239.9,238.5,127366
10/26/2015,238.7,241.5,241.5,237.8,210274
10/23/2015,240.9,238.75,241,238.4,197752
10/22/2015,239.4,240.65,240.8,238.3,193706
10/21/2015,240.2,240.15,241.55,239.55,215012
10/20/2015,239.95,240.8,241.2,238.75,183632
10/19/2015,240.2,242,242.4,239.6,219320
10/16/2015,240.95,241,243.1,240.2,277960
10/15/2015,241.65,240.2,242.85,239.95,232528
10/14/2015,240.35,237.35,240.6,236.9,229870
10/13/2015,236.45,238.3,238.4,235.4,180082
10/12/2015,238.25,237.1,238.55,235.65,198656
10/9/2015,235.05,234,236.5,233.9,137844
10/8/2015,234.9,235.35,235.8,234.6,63344
10/1/2015,231.9,232.7,233.15,230.7,0
9/30/2015,231,232.7,233.15,230.7,113082
9/29/2015,232.25,233.05,234.5,231.7,143358
9/28/2015,234.75,237,237.2,234.65,68928
9/25/2015,237.2,235.95,239.35,235.8,290832
9/24/2015,235.5,234,235.7,233.95,126276
9/23/2015,233.6,232.95,233.6,232.25,115666
9/22/2015,234.45,234.7,234.95,234.15,86282
9/21/2015,235.7,235.6,235.95,234.55,178226
9/18/2015,233.3,231.2,234.6,231.05,234892
9/17/2015,231.95,231.05,233.15,230.5,247974
9/16/2015,229.3,229.05,229.55,228.65,116810
9/15/2015,229.3,228.8,230.15,228.3,148064
9/14/2015,229.25,229.1,229.65,227.55,232764
9/11/2015,229.6,230.45,230.7,229,238658
9/10/2015,229.8,232.1,232.1,228.55,281406
9/9/2015,232.9,232.7,233.85,232.5,207002
9/8/2015,232.25,232.5,232.65,231.4,131530
9/7/2015,233.25,232.85,234.4,232.85,26
9/3/2015,236.2,236.65,238.75,235,0
9/2/2015,236.6,236.65,238.75,235,248968
9/1/2015,236.75,234.05,237.1,233.4,242728
8/31/2015,235.55,234.7,237.2,233.7,344230
8/28/2015,235.25,233.6,235.85,233,391728
8/27/2015,234.75,234.8,235.3,232.5,367310
8/26/2015,236.8,240.05,240.45,235.8,518780
8/25/2015,239.5,240.4,244.2,238.1,664454
8/24/2015,240,240.3,242.5,238.85,590824
8/21/2015,240.8,237.15,243.55,237.15,450916
8/20/2015,236.95,233.4,237.9,233.05,323534
8/19/2015,233.55,232.1,233.75,230.35,235948
8/18/2015,232.45,233.1,233.45,232.05,165702
8/17/2015,232.85,233,233.65,230,230864
8/14/2015,232.85,233.15,233.85,231.15,228462
8/13/2015,234.25,235.35,236.65,232.95,416448
8/12/2015,235.45,227.9,235.55,227.5,503090
8/11/2015,226.3,220.95,227.3,220.95,464794
8/10/2015,221.55,218.8,222,218.6,251200
8/7/2015,221.2,218.7,221.5,218.45,218824
8/6/2015,218.7,219.55,219.8,218.15,175434
8/5/2015,219.15,220.05,220.45,218.55,143808
8/4/2015,219.3,220.1,220.85,217.7,209816
8/3/2015,221.6,219.9,222.95,219.65,272524
7/31/2015,218.15,219.45,221.35,218.05,289880
7/30/2015,219.05,221.4,223.1,218.15,320076
7/29/2015,221.85,221.3,222.4,221.2,143350
7/28/2015,221.75,221.5,223.35,220.7,208244
7/27/2015,223.7,219,223.7,218.1,318958
7/24/2015,219.3,221,221.8,216.8,303596
7/23/2015,221.1,219.9,222.25,219.25,278334
7/22/2015,220.65,222.7,224.2,219.55,283762
7/21/2015,223.05,224.6,225,222.3,264440
7/20/2015,225.65,230,230.1,220.15,384974
7/17/2015,231.3,230.25,231.75,230.25,98002
7/16/2015,231.5,232.8,232.9,230.65,173142
7/15/2015,233.5,233.8,234.7,233.3,81074
7/14/2015,233.3,233.75,234.65,233,133862
7/13/2015,235.15,235.2,236.15,234.65,90552
7/10/2015,235.2,235.85,236.5,234.2,112944
7/9/2015,235.4,232.7,244.25,232.3,241776
7/8/2015,231.7,235.45,235.5,226.05,490996
7/7/2015,236.9,236.2,238.15,235.65,89786
7/6/2015,236.35,236.9,237.5,236.2,80562
7/3/2015,236.7,236.2,237,235.6,112654
7/2/2015,235.9,237.7,237.7,235.65,129988
7/1/2015,237.7,237.1,238.75,236.25,130804
6/30/2015,238.05,239.5,239.55,237.7,108750
6/29/2015,239.25,237.15,240.45,236.5,102474
6/26/2015,237.35,237.7,238.05,237.1,70318
6/25/2015,238.25,238,238.5,237.35,94536
6/24/2015,238.6,238.2,238.85,238,86736
6/23/2015,237.85,239.35,239.35,234.45,70
6/19/2015,242.55,242.95,243.5,242.1,134734
6/18/2015,240.3,238.65,240.8,237.85,130180
6/17/2015,238.65,239.9,240,238.3,112048
6/16/2015,240.55,238.85,241.1,238.65,116438
6/15/2015,239.75,238.75,239.85,238.45,81150
6/12/2015,239.5,239.7,240,238.7,91472
6/11/2015,240.1,241.1,241.8,239.85,90162
6/10/2015,239.65,239,239.8,238.2,95576
6/9/2015,238.6,237.35,238.65,237.15,88838
6/8/2015,237.7,236.25,238.65,235.5,171370
6/5/2015,238.35,238.7,238.85,237.3,153790
6/4/2015,239.2,240.85,241.45,238.4,140880
6/3/2015,241.15,241.15,242.15,240.95,115948
6/2/2015,240.85,240.65,243.95,240.3,181356
6/1/2015,240.55,241.45,242,240.5,103334
5/29/2015,240.8,240.8,241.5,239,121018
5/28/2015,241.05,240.5,241.5,240.4,98436
5/27/2015,241.1,240.2,241.6,240.2,143194
5/26/2015,242.5,244,245.3,242.15,104142
5/25/2015,244.2,244,244.6,243.05,96058
5/22/2015,244.6,243.75,244.95,243.3,93404
5/21/2015,245.1,245,246.05,244.6,95594
5/20/2015,244.25,246,246.65,243.6,157826
5/19/2015,247.75,249,249.55,247.25,117590
5/18/2015,249.2,246.55,250.15,246.3,148128
5/15/2015,247.45,247.5,248.8,246.55,146534
5/14/2015,247.15,244.6,247.45,244.15,155688
5/13/2015,242.7,243.2,243.3,241.35,59310
5/12/2015,240.6,241.65,242.2,239.5,48302
5/11/2015,241.15,241.8,242.4,240.5,49412
5/8/2015,241.05,240,241.5,239.25,42984
5/7/2015,240.05,243.4,243.6,240.05,45224
5/6/2015,239.75,240.5,240.65,239,103940
5/5/2015,238.5,237.65,240,237.65,107084
5/4/2015,237.55,236.55,237.95,236,60848
4/30/2015,241.2,242.3,243.15,240.5,179948
4/29/2015,242.45,241.5,243.65,240.85,191776
4/28/2015,240.75,237.65,242.5,237.35,264478
4/27/2015,236.55,237.6,238.1,235.5,211312
4/24/2015,238.9,237.65,239.4,237.2,156290
4/23/2015,237.4,240.4,240.45,236.95,275116
4/22/2015,241.2,241.05,241.65,240,139054
4/21/2015,239.9,240.45,241.2,239.45,167564
4/20/2015,242.75,241.3,242.9,240.95,141530
4/17/2015,240.85,242.05,242.15,239.85,162154
4/16/2015,241.75,240.1,242.6,239.8,162448
4/15/2015,240.1,239.2,242.7,239.05,159376
4/14/2015,240.15,242.65,243.05,239.15,172328
4/13/2015,242.6,242.4,243.6,242,163286
4/10/2015,240.25,240.9,241.2,239.5,134150
4/9/2015,240.5,243,243.65,239.7,185616
4/8/2015,243.75,243.5,244.2,242.65,123654
4/7/2015,243.9,243.15,244.1,243.15,48968
4/3/2015,241.75,242.4,242.65,240.2,173668
4/2/2015,242.95,239.95,243.05,239.5,244050
4/1/2015,238.35,239.3,239.65,237.75,165432
3/31/2015,237.85,239.3,239.9,237.85,175542
3/30/2015,240.4,242.8,243.15,240.3,199746
3/27/2015,243.25,243.85,244.25,242.75,156580
3/26/2015,243.9,243,243.95,242.1,169740
3/25/2015,241.15,241.85,242.55,240.5,262864
3/24/2015,241.1,240.2,241.9,239.8,167166
3/23/2015,239.75,236.95,241.1,236.95,219436
3/20/2015,237.4,235.75,238.15,235.75,176958
3/19/2015,237.75,233.3,239.55,233.3,228062
3/18/2015,233.65,235.1,241.35,224.5,334944
3/17/2015,236.25,236.4,237.25,235.65,155364
3/16/2015,238,237.5,238.3,236.05,152944
3/13/2015,237.2,236.85,237.9,235.75,145612
3/12/2015,238.4,237.45,238.8,235.05,251356
3/11/2015,238.25,238.7,239.4,237.2,175340
3/10/2015,237.5,239.65,240.3,237.1,153080
3/9/2015,239.9,244.65,244.85,238.25,327884
3/6/2015,245,245.4,246.9,244.4,147354
3/5/2015,245.65,246.35,246.9,245,162428
3/4/2015,246.7,247.4,248.35,245.75,198668
3/3/2015,247.05,248.4,249.05,243.85,234398
3/2/2015,249.3,246.3,249.75,246.3,206588
2/27/2015,246.65,247.5,248.15,245.7,137716
2/26/2015,246.45,245.85,246.75,244.1,127444
2/25/2015,245.1,244.6,247.85,244.15,10
2/17/2015,249,250.15,250.75,248.8,70090
2/16/2015,250.3,248.55,250.75,248.45,142798
2/13/2015,249.45,248.25,249.65,247.55,179138
2/12/2015,247.85,250.7,250.85,247.35,204948
2/11/2015,250.8,251.15,251.45,250,163350
2/10/2015,252.05,251.45,252.4,250.6,140404
2/9/2015,251.4,256.25,260.25,249.7,419660
2/6/2015,256.7,256.05,256.85,255,178268
2/5/2015,257.5,257,258.3,255.3,232176
2/4/2015,256.35,258,258.2,254.9,288614
2/3/2015,259.4,258,259.6,256.75,212940
2/2/2015,259.1,255.8,260,254.6,291006
1/30/2015,255.05,256.55,257.7,252.75,332588
1/29/2015,259.3,261.2,261.75,258.6,204518
1/28/2015,260.8,259.75,261.95,259.05,219708
1/27/2015,259.9,259.85,260.6,258.3,225122
1/26/2015,261.6,261.6,262.55,259.25,237780
1/23/2015,261.4,259.55,262.85,258.95,380550
1/22/2015,259.05,262.15,263.2,258.05,349310
1/21/2015,262.2,260.55,263,259.15,294908
1/20/2015,257.65,258,258.3,256.85,139018
1/19/2015,257.85,253.8,259,253.5,381174
1/16/2015,253.65,251.85,253.75,251,403772
1/15/2015,246.75,248,250.1,246.35,288116
1/14/2015,247.9,249.5,250.5,246.3,249476
1/13/2015,249,246.35,250,246,197054
1/12/2015,247.75,244.7,248.7,243.95,271728
1/9/2015,245.15,245,246.15,244.55,148366
1/8/2015,244.5,245.2,246.2,244.3,176986
1/7/2015,245.25,244.7,247.3,243.8,237538
1/6/2015,244.45,240.95,245,240.35,237512
1/5/2015,242.15,240,242.5,240,61846
12/31/2014,241.65,239.25,244.8,239.25,232960
12/30/2014,240,241.1,241.65,238.8,161936
12/29/2014,241.6,241.6,242.1,240.4,144430
12/26/2014,239.5,238.3,240,237.7,79378
12/25/2014,238.05,238.1,238.4,237.4,85694
12/24/2014,238.5,238.45,239,237.4,182810
12/23/2014,238.55,241.15,242.05,237.35,213230
12/22/2014,242.15,242.1,242.7,241.8,126462
12/19/2014,242.2,242.6,243.4,240.65,208832
12/18/2014,241.7,240.65,242.4,238.95,284400
12/17/2014,240.7,244.4,245,237.95,458098
12/16/2014,240.6,242.95,244.35,239.55,286078
12/15/2014,244.95,245.6,246.35,243.35,296532
12/12/2014,244.8,245.2,247.2,243.85,246862
12/11/2014,245.4,247.2,248,244.8,316142
12/10/2014,248.05,243,249.8,242.95,567346
12/9/2014,242,238.55,242.1,238.2,204642
12/8/2014,238.15,240,241.25,237,328006
12/5/2014,240.3,240.45,242.3,239.7,289044
12/4/2014,240.65,239.9,242.35,239.6,260480
12/3/2014,239.5,237.9,240.4,237.65,324594
12/2/2014,240.35,233.5,242.95,233.5,540948
12/1/2014,229.35,235.7,236.5,227.35,383938
11/28/2014,236.05,237.35,237.8,235.2,169358
11/27/2014,237.85,237.7,238.4,236.5,221970
11/26/2014,238.3,238.45,239.35,235.4,293758
11/25/2014,238.6,237.65,239,237.3,190204
11/24/2014,238.4,237.35,239.85,236.3,342456
11/21/2014,236.6,236.25,236.9,235.1,232652
11/20/2014,234.3,236.9,238.2,232.65,444058
11/19/2014,236.8,237.8,237.9,235.95,228922
11/18/2014,236.05,235.95,237,235,240332
11/17/2014,236,228.3,237.9,227,623698
11/14/2014,228.65,230.75,231.7,227.35,276634
11/13/2014,230.25,230.85,232.15,229.55,177500
11/12/2014,231.75,228.8,234.55,228.5,237752
11/11/2014,228.1,230.6,231.45,227.75,179758
11/10/2014,232.05,226.8,235,226.6,354332
11/7/2014,226.5,225.65,227.2,223.65,206300
11/6/2014,225.9,224,227,223.6,146924
11/5/2014,225.5,230.55,231.2,225.15,139648
11/4/2014,230.85,231.1,231.4,230.1,53094
11/3/2014,229.9,229.1,230.9,227.85,238672
10/31/2014,233.45,237.9,238.5,232.45,327624
10/30/2014,238.1,241.5,242.45,237.55,237888
10/29/2014,242.95,243.25,244.15,242.7,103664
10/28/2014,242.55,243.35,243.45,242.3,104240
10/27/2014,243.2,243.6,244,243.15,86954
10/24/2014,243.8,244.8,244.8,243.05,145710
10/23/2014,245.95,245.45,246.7,245.4,110200
10/22/2014,246.95,247.5,248.1,246.7,118338
10/21/2014,247,246.6,247.3,246.1,117982
10/20/2014,245.8,245.6,246.1,244.4,132482
10/17/2014,245.8,245.3,246.45,245.05,163722
10/16/2014,245.6,245.7,247.6,244.8,298144
10/15/2014,243.2,245.15,245.45,243.1,143484
10/14/2014,244.9,244.4,245.8,243.95,100376
10/13/2014,245.15,242.85,246.2,242.5,173238
10/10/2014,243,244.15,244.5,242.8,173212
10/9/2014,243.95,242.5,244.35,240.2,217558
10/8/2014,239,239,240.25,239,6
9/30/2014,242.85,243.35,243.8,242.6,69364
9/29/2014,242.9,241.95,244,241.5,113038
9/26/2014,244.2,241,245.6,240.25,226368
9/25/2014,240.65,242.85,243.5,240.15,190080
9/24/2014,243.6,243.65,244.1,242.4,148156
9/23/2014,241.8,241.2,242.7,240.7,159356
9/22/2014,241.3,244.4,244.4,239.35,281546
9/19/2014,243.7,243.7,245.25,243.1,217886
9/18/2014,244.3,246.75,247.3,243.8,140466
9/17/2014,246.85,246.2,247.7,245.6,144234
9/16/2014,246.45,245.8,247.05,245.35,119940
9/15/2014,245.7,245.5,245.85,244.05,162102
9/12/2014,246.25,247.3,247.85,244.85,198534
9/11/2014,248.15,248,249,247.2,145674
9/10/2014,249.55,249.3,249.9,247.7,135338
9/9/2014,249.65,250,250.45,249.35,59662
9/5/2014,251.4,252.1,254.15,251,163662
9/4/2014,252.45,251.9,253.25,251.75,78672
9/3/2014,252.3,252.35,252.7,251.4,128502
9/2/2014,253.75,256,256.05,253.5,93350
9/1/2014,256.15,256.15,256.85,255.65,85460
8/29/2014,256.75,257.2,257.3,256.05,94176
8/28/2014,256.3,256.05,256.7,255.1,107500
8/27/2014,255.95,256.85,256.85,255.5,100634
8/26/2014,257,254.8,257.25,254.35,119032
8/25/2014,254.55,254.65,255.55,254.25,127490
8/22/2014,255.1,253.9,255.35,253.6,144324
8/21/2014,254.55,257.7,258.1,254.45,182704
8/20/2014,257.75,258.1,258.35,257.05,122570
8/19/2014,258.15,258.3,258.7,257.85,96908
8/18/2014,258.9,258.2,261,257.45,242636
8/15/2014,261.4,261.95,261.95,260.9,105380
8/14/2014,261.65,261.55,262,260.75,132548
8/13/2014,261.05,262.1,262.5,260.65,134404
8/12/2014,261,260.75,261.1,260.4,86940
8/11/2014,260.55,261,262,260.1,142758
8/8/2014,262.85,260.2,263.5,259.8,221156
8/7/2014,260.5,259.9,261,259.85,155574
8/6/2014,257.9,257.6,258.8,256.5,124514
8/5/2014,258.1,258.5,259.1,257.4,96448
8/4/2014,258.9,257.4,259.55,257.3,132296
8/1/2014,256.6,257.4,257.95,256.25,141776
7/31/2014,259,259.7,259.75,258.05,126390
7/30/2014,259.75,262,262.15,259.2,118494
7/29/2014,260.95,260.8,261.4,259.95,86192
7/28/2014,260.9,258.8,261.45,258.55,142462
7/25/2014,258.5,260.2,260.4,257.75,180196
7/24/2014,260,262.4,262.4,259.15,143250
7/23/2014,261.9,263.1,263.3,261.3,117582
7/22/2014,262.1,263.45,263.6,261.55,110756
7/21/2014,263.3,262.35,263.3,261.45,128894
7/18/2014,263.25,261.7,266.45,261,217794
7/17/2014,261.5,260.5,262.35,260.1,121844
7/16/2014,260,262.2,263.2,259,173478
7/15/2014,262.45,263.1,263.1,261.2,151358
7/14/2014,264.3,268.55,268.9,264,150374
7/11/2014,268.4,268.25,269.35,268.05,137356
7/10/2014,266.05,265.5,266.65,264.55,151388
7/9/2014,265.25,264.65,265.45,262.9,161800
7/8/2014,264.15,263.35,264.4,262.4,93344
7/7/2014,262.9,265.5,265.55,262.5,106164
7/4/2014,265.35,264,265.6,263.8,134650
7/3/2014,265.2,266.1,267.1,264.65,140656
7/2/2014,265.95,265.85,266.8,265.3,132040
7/1/2014,265.6,263.8,269.1,263.6,151054
6/30/2014,263.9,264.55,265.2,263.8,111866
6/27/2014,265.15,264.25,265.65,263.4,160444
6/26/2014,264.3,265.2,266.25,264.2,153746
6/25/2014,264.5,266.2,266.6,263.35,180112
6/24/2014,265.3,265.8,265.9,264.8,131144
6/23/2014,265.8,264.65,266.3,264.1,193844
6/20/2014,264.55,259,267,258.85,364114
6/19/2014,257.85,255.65,258.1,255.05,144764
6/18/2014,255,254.2,255.95,254.05,128858
6/17/2014,254.65,257.6,257.6,254.4,152206
6/16/2014,257.9,255.45,258.15,255.3,126882
6/13/2014,255.75,254.45,256.35,254.15,176702
6/12/2014,253.7,254.35,254.4,253.45,76428
6/11/2014,254.2,253.6,254.3,253.35,94510
6/10/2014,252.6,252.8,253.2,252.5,90714
6/9/2014,252.8,252.8,253,252.5,49084
6/6/2014,252.8,253.55,253.75,251.75,139004
6/5/2014,253.35,252.9,253.5,252.05,130146
6/4/2014,251.1,251.5,251.8,250.9,74696
6/3/2014,250.95,251,251.15,250.15,91544
5/30/2014,253.3,252.9,253.85,252.4,171250
5/29/2014,253.1,252.9,253.75,252.4,107278
5/28/2014,254.35,255.6,255.6,253.7,134952
5/27/2014,255.6,257.5,257.9,255.25,186548
5/26/2014,260.35,260.65,260.85,260.3,15726
5/23/2014,260.65,260.45,261.05,260.3,54530
5/22/2014,260.8,262,262,260.45,88844
5/21/2014,260.15,259.65,260.35,258.8,113276
5/20/2014,260.95,259.65,261.35,259.3,100392
5/19/2014,260.65,262.5,262.55,260.4,77264
5/16/2014,260.25,259.85,260.8,259.6,70228
5/15/2014,260.65,260.3,261.85,260.25,106768
5/14/2014,262.3,263.2,263.2,261.6,92128
5/13/2014,260.7,261.5,261.6,260.6,55952
5/12/2014,261.2,262.2,262.7,261.2,45136
5/9/2014,259.3,259.65,260.2,258.8,33646
5/8/2014,259.9,259.6,260.25,259.15,31110
5/7/2014,260.65,262.75,263.05,259.9,40154
5/6/2014,264,263.95,264.2,263.4,12152
5/5/2014,264.75,265.75,265.9,264.6,29116
4/30/2014,260.35,260.3,261.5,260.05,131958
4/29/2014,260.55,260.3,261.5,260.3,90860
4/28/2014,261,262,262.25,260.05,132586
4/25/2014,261.3,260.15,262.1,259.9,162938
4/24/2014,259.25,254.6,268.95,254.35,274654
4/23/2014,256.75,257,257.25,255.95,106398
4/22/2014,256.55,257.35,257.4,255.25,139940
4/21/2014,256.6,256.5,257.35,255.6,105098
4/18/2014,258.25,258.05,258.3,257.9,7488
4/17/2014,257.65,259.35,259.6,257.6,122746
4/16/2014,259.5,260.1,260.35,259.1,102944
4/15/2014,259.85,258.2,260.15,258.1,185394
4/14/2014,264.7,264.4,265.55,264.3,87376
4/11/2014,263.1,262.9,263.6,262.65,97000
4/10/2014,263.4,263.05,263.7,262.6,113828
4/9/2014,262.45,260.5,262.7,259.9,103580
4/8/2014,262.15,262.5,262.65,261.55,82924
4/4/2014,257.95,257.5,258,256.75,134654
4/3/2014,257.4,257.5,257.95,256.75,102910
4/2/2014,258.25,258.7,259.1,258.05,108840
4/1/2014,256.05,257,257.5,256,104632
3/31/2014,257.15,258.15,258.95,256.7,151676
3/28/2014,259.05,258,259.65,257.2,183584
3/27/2014,258,257.85,259,257.35,144104
3/26/2014,259.3,261,261,258.8,168122
3/25/2014,260.65,260.05,261.5,260,123454
3/24/2014,260.6,261.5,262.3,260.25,168332
3/21/2014,265.6,265.95,266.35,265.25,109062
3/20/2014,265,263.4,265.2,263.3,145454
3/19/2014,264.9,265.45,267,264.75,275072
3/18/2014,268.35,266.35,268.6,266.2,143460
3/17/2014,269.65,272,272.45,269.15,170740
3/14/2014,271.3,272.2,273.4,270.3,207528
3/13/2014,270.15,268.65,270.5,268.5,140764
3/12/2014,269.35,268.45,269.95,267.85,173054
3/11/2014,264.8,265,265.45,262.2,174420
3/10/2014,262.6,262.45,263.3,261.9,119480
3/7/2014,262.35,265.3,266.55,261,279296
3/6/2014,265.7,262.65,265.9,262.6,171878
3/5/2014,263.8,263.3,264.5,263.05,125974
3/4/2014,263.7,263.2,264.1,262.65,132780
3/3/2014,266.8,265.8,267.5,265.6,140238
2/28/2014,261,262.95,263.35,260.9,143302
2/27/2014,262.25,262.25,263.25,261.9,134574
2/26/2014,261.85,263.1,263.6,260.9,211488
2/25/2014,264.75,263,265.05,262.75,161588
2/24/2014,263.35,262.5,263.35,261.45,141558
2/21/2014,260.4,260.1,261,259.55,93100
2/20/2014,258.95,258,259.5,257.6,115054
2/19/2014,259.7,259.2,260.1,259.15,86916
2/18/2014,260.4,258.4,260.4,258.1,122708
2/17/2014,261.2,261.05,261.5,260.45,73664
2/14/2014,259.05,258.4,259.3,258,136280
2/13/2014,255.1,254,255.1,253.7,137880
2/12/2014,254.25,253.7,254.4,253.05,126894
2/11/2014,253.4,253.35,254,251.2,198946
2/10/2014,251.15,251.3,251.9,250.95,89240
2/7/2014,249.15,248.75,250.8,247.4,132672
1/30/2014,247.95,248.6,249.45,247.8,117008
1/29/2014,248.7,248.6,249.45,248.15,80892
1/28/2014,246.55,247.6,248.7,245.9,95810
1/27/2014,248.5,248.95,249.25,247.7,122142
1/24/2014,248.85,249.8,250.55,248.3,142558
1/23/2014,248.05,246.55,248.8,246.25,166792
1/22/2014,244.7,245.15,245.5,244.65,57644
1/21/2014,245.4,245.75,245.95,244.25,109440
1/20/2014,247.5,248.05,248.25,247.25,45102
1/17/2014,247.3,245.5,247.6,245.4,112272
1/16/2014,245.35,245.05,246.4,244.75,105210
1/15/2014,245.25,244.8,245.9,244.4,116510
1/14/2014,246.5,246.9,248.05,245.85,139274
1/13/2014,247.85,247,248.35,246.3,98840
1/10/2014,247.45,244.95,247.7,243.7,173946
1/9/2014,244,244.35,244.45,242.85,134338
1/8/2014,243.6,244.55,244.95,242.3,177540
1/7/2014,244.7,246,246.6,243.6,168184
1/6/2014,246.6,246.4,248.35,245.95,193522
1/3/2014,246.8,245.5,247.1,244.65,138198
1/2/2014,244.55,242.95,244.7,242.8,140182
12/31/2013,239.4,240.55,241.8,238.6,153486
12/30/2013,240.9,240.55,241.8,240.45,82516
12/27/2013,243.2,242.5,243.85,242.3,89900
12/26/2013,242.15,240.65,242.95,240.6,113070
12/25/2013,240.65,240.95,241.05,240.5,14066
12/24/2013,240.25,239.5,240.6,239.2,64112
12/23/2013,238.9,239.55,240.35,238.9,113762
12/20/2013,240.15,238.8,240.95,237.9,190494
12/19/2013,238.75,240.3,240.9,238.7,225764
12/18/2013,246.3,245.75,246.85,245.25,127664
12/17/2013,245.55,246.35,247.9,245.1,208786
12/16/2013,247.85,245.8,249.45,245.7,198000
12/13/2013,245.75,245.2,246.35,244.8,116564
12/12/2013,244.65,246.75,247.15,244.65,182040
12/11/2013,250.85,250.3,251.9,250.2,155638
12/10/2013,251.35,249.8,252.15,249.55,194482
12/9/2013,247.55,246.8,248.1,246.7,112636
12/6/2013,246.9,246,249.25,242.4,336676
12/5/2013,247.2,246.5,247.6,244.55,226162
12/4/2013,249.75,245.4,250.3,244.05,222322
12/3/2013,245.15,245.35,245.6,244.4,113776
12/2/2013,245.95,247.2,247.7,245.8,142042
11/29/2013,249.9,250.35,250.35,249.75,70656
11/28/2013,248.65,248.35,248.8,248.2,41358
11/27/2013,247.6,249.45,250.4,247.5,147948
11/26/2013,248.2,249,249.35,247.8,101426
11/25/2013,248,246.1,248.15,245.15,128800
11/22/2013,248.55,249.1,249.35,248.3,57102
11/21/2013,248.6,248.85,249.1,247.15,122520
11/20/2013,252,251.35,253,250.85,112724
11/19/2013,253.35,253.95,254.15,253.15,41634
11/18/2013,253.45,255,255.7,253,47386
11/15/2013,256.3,255.4,256.55,255.25,29268
11/14/2013,256.3,254.7,257.3,254.6,57176
11/13/2013,253.2,254.5,254.75,253.05,34230
11/12/2013,253.8,254.95,255.85,253.65,32828
11/11/2013,255.35,255.75,255.8,255.25,11088
11/8/2013,256.25,260.2,261,255.7,36042
11/7/2013,260.5,263.05,263.45,258.35,33762
11/6/2013,262.15,262.2,262.6,261.6,15420
11/5/2013,260.65,262.1,262.5,260.3,12046
11/4/2013,261.95,262.85,263.3,261.6,9482
11/1/2013,261.75,261.9,262.55,260.1,11698
10/31/2013,261.55,261.45,262.5,260.6,140848
10/30/2013,263.7,266.55,267.75,263.3,167842
10/29/2013,264.75,265.15,265.95,264.5,135004
10/28/2013,266.6,266.2,267.5,265.55,145982
10/25/2013,265.9,264.9,267,264.25,123802
10/24/2013,266,265.7,266.6,265.45,122988
10/23/2013,264.75,264.9,265.35,264.25,100300
10/22/2013,266.3,264.3,266.85,264.15,167346
10/21/2013,262.1,262.25,262.85,262,90928
10/18/2013,261.9,262.3,262.7,261.5,109590
10/17/2013,262.9,261.7,262.95,261.7,209658
10/16/2013,256.35,256.05,256.55,254,273234
10/15/2013,256.4,252.5,256.45,252.25,213778
10/14/2013,255.4,256.7,257.25,255.25,126724
10/11/2013,253.55,253.95,254.8,253,187938
10/10/2013,259.5,259.6,260.5,259.2,141728
10/9/2013,260.85,261.2,262.8,259.4,162196
10/8/2013,264.25,263.9,265.65,263.9,122956
10/1/2013,267.4,267.4,267.4,267.4,120910
9/30/2013,267.4,266.5,267.75,266,120910
9/27/2013,267.05,266.5,267.75,266,87268
9/26/2013,264.15,266.15,266.45,263.35,121096
9/25/2013,266.3,263.7,266.95,263.45,149754
9/24/2013,264.2,261,264.55,260.5,141764
9/23/2013,264.35,263.85,265.35,263,124752
9/19/2013,260.4,260.4,260.4,260.4,289294
9/18/2013,260.4,262.2,262.55,257.6,289294
9/17/2013,261.5,262.2,262.55,260.6,134698
9/16/2013,262.7,262,264.5,261.85,146492
9/13/2013,262.7,263.2,263.9,261.05,171666
9/12/2013,265.5,265.6,266.2,264.25,181692
9/11/2013,272.2,271.85,272.55,271.6,89972
9/10/2013,272.45,272.25,272.55,271.05,159802
9/9/2013,276.55,276.9,277.25,276.2,105374
9/6/2013,277,276.3,277.3,275.75,225262
9/5/2013,273.55,277.1,277.5,272.4,308582
9/4/2013,277.1,277.6,277.95,276.35,188214
9/3/2013,281.7,279.45,282.65,279.15,229504
9/2/2013,277.55,277.85,278.9,277.2,112292
8/30/2013,278.2,277.85,279.9,277.3,202988
8/29/2013,281.05,281.85,281.85,279.45,190224
8/28/2013,282.9,284.45,284.9,281.6,260168
8/27/2013,282.5,282.65,283.6,281.75,194064
8/26/2013,278.05,278.35,279.2,277.3,169478
8/23/2013,278.7,273.7,278.9,273.6,295686
8/22/2013,273.5,274.35,275.2,273,226654
8/21/2013,273.2,273,274.25,272,268302
8/20/2013,273.85,273.2,274.75,272.65,204624
8/19/2013,273.1,274.1,274.35,272.3,250596
8/16/2013,274.8,272.65,275.7,271,300730
8/15/2013,272.55,264.1,273.9,263.85,472528
8/14/2013,266.35,264.8,266.75,263.75,286220
8/13/2013,264.95,266.75,267.25,263.8,293614
8/12/2013,267.35,265.8,268.5,265.7,231448
8/9/2013,261.85,261.1,262.7,260.95,286386
8/8/2013,261.8,258.65,262.05,258.2,378430
8/7/2013,257.25,256.1,257.4,255.8,239454
8/6/2013,256.75,258,258,256.05,268984
8/5/2013,260.75,260.8,261.75,260,214848
8/2/2013,261.55,263,263,261.15,248000
8/1/2013,261.95,264.25,264.3,261.5,283752
7/31/2013,262.85,263.9,264.1,260.7,445550
7/30/2013,263.7,263.85,264.05,262.6,211900
7/29/2013,264.35,264.1,264.6,263.75,157984
7/26/2013,263.75,263.95,265.15,262,319018
7/25/2013,265.05,264.7,265.55,264.25,189842
7/24/2013,263.8,266.1,267.15,263.05,320044
7/23/2013,267.85,266.1,268,265.65,171626
7/22/2013,267.4,265,267.95,264.8,271428
7/19/2013,259.4,259,259.95,258.7,188036
7/18/2013,257.95,258.15,258.65,257,273246
7/17/2013,256.6,260.35,261.5,255.1,465196
7/16/2013,260.35,260.1,261,259.45,226664
7/15/2013,258.85,258.6,259.4,258.3,188014
7/12/2013,258.3,256.95,258.5,256.65,300382
7/11/2013,258.95,259.4,259.7,258.05,279720
7/10/2013,253.85,253,254.75,251.65,386576
7/9/2013,251.5,252.4,253.55,250.8,290672
7/8/2013,253.35,248.65,254.5,248,376336
7/5/2013,245.45,247.45,247.45,244.15,224320
7/4/2013,253.45,254,255.2,252.35,52880
7/3/2013,252.35,251.95,252.85,251.35,76396
7/2/2013,254.8,253.75,255.3,253.15,106224
7/1/2013,252.4,248.55,252.8,247.3,160940
6/28/2013,243.8,240.1,245.15,238.9,177536
6/27/2013,250.5,248.35,251.4,248.3,136470
6/26/2013,251.05,256.6,257,249.3,176738
6/25/2013,257.9,257.85,259.55,256.7,97416
6/24/2013,256.9,260.75,261.9,256.35,117220
6/21/2013,261.3,255.59,261.32,255.59,153406
6/20/2013,266.94,269.1,270.12,266.72,87300
6/19/2013,274.48,274.16,274.68,273.26,56836
6/18/2013,275.97,277.02,277.58,275.51,47930
6/17/2013,277.58,278.03,278.55,277.53,31652
6/14/2013,277.15,278,278.13,276.68,44294
6/13/2013,278.24,276.61,279.18,276.6,58694
6/7/2013,281.82,283.09,283.16,281.7,53088
6/6/2013,279.01,280.47,280.68,278.66,52378
6/5/2013,280.62,279.96,281.58,279.3,65502
6/4/2013,281.26,283.4,283.44,281.06,63018
6/3/2013,279.52,279.62,280.13,278.81,61714
5/31/2013,283.57,283.11,284.68,282.88,66136
5/30/2013,281.88,278.5,282.52,278.11,112980
5/29/2013,277.46,277.79,278.79,276.65,84464
5/28/2013,278.44,278.36,279.2,277.82,63016
5/27/2013,279.32,277.04,279.55,277.04,57426
5/24/2013,278.36,279.02,279.88,277.91,94582
5/23/2013,276.23,273.52,276.62,272.4,127236
5/22/2013,278.86,276.6,279.1,276.27,89024
5/21/2013,279.51,279.99,280.88,276.66,146816
5/20/2013,269.5,269.7,270.93,268.4,155846
5/17/2013,275.11,278.14,279.28,274.65,147690
5/16/2013,278.18,278.02,280,277.53,104736
5/15/2013,281.82,283.98,285.24,281.51,96854
5/14/2013,286.31,286.68,288.48,286,75890
5/13/2013,285.43,286.68,287.63,283.9,142078
5/10/2013,291.6,289.14,291.6,288.64,82266
5/9/2013,292.87,293.19,294.4,292.58,75494
5/8/2013,290.27,289,290.8,287.2,124912
5/7/2013,289.98,293.67,293.95,289.84,116040
5/6/2013,294.15,295.41,296.5,294.15,70272
5/3/2013,295.41,293.21,295.59,293.14,61436
5/2/2013,290.9,292,292,289.74,65746
4/26/2013,296.15,297.54,299.77,295.78,82926
4/25/2013,290.35,287.96,292,287,56874
4/24/2013,286.49,284.5,287.9,284.3,73846
4/23/2013,283.31,286.77,287.19,281.43,90224
4/22/2013,285.6,284.46,287.1,284.46,58128
4/19/2013,282.28,277,285.01,275.92,121000
4/18/2013,275.78,271.93,276.42,264.59,157854
4/17/2013,275.09,276,277.09,272.84,107104
4/16/2013,276.38,275.03,298.93,275.03,74334
4/15/2013,298.93,299,299,298.93,4482
4/12/2013,314.49,314.91,315.85,314.21,22016
4/11/2013,314.35,314.06,314.98,313.7,36508
4/10/2013,320.25,320.97,321,320.01,19836
4/9/2013,318.82,317.79,318.99,317.79,25110
4/8/2013,319.29,318.47,320.01,318.24,34714
4/3/2013,316.24,319,319.1,315.69,48494
4/2/2013,323.73,324.25,324.77,323.36,21740
4/1/2013,322.98,323.82,324.97,322.88,23182
3/29/2013,323.45,323,323.66,322.2,17616
3/28/2013,325.03,325.05,325.53,324.93,23738
3/27/2013,322.97,324.54,324.69,322.92,29518
3/26/2013,324.57,324.76,325.2,324.02,28382
3/25/2013,325.58,324.94,326.64,324.94,24792
3/22/2013,326.33,327,327.15,326.08,23060
3/21/2013,325.8,325.19,326,325.02,13868
3/20/2013,326.88,326.64,327.15,326.2,26116
3/19/2013,325.73,325.19,325.95,324.5,34172
3/18/2013,324.21,325.82,325.97,323.02,44560
3/15/2013,324.19,323.66,324.19,323.43,24082
3/14/2013,322.95,322.82,323.49,322.02,33144
3/13/2013,324.3,324.54,324.66,323,29128
3/12/2013,322.11,321.72,322.83,321.72,27724
3/11/2013,322.74,321.5,322.88,321.44,35484
3/8/2013,321.3,322.18,322.66,321.02,44658
3/7/2013,323.05,323.16,323.59,322.58,40758
3/6/2013,322.33,322.68,323.06,322,33756
3/5/2013,323.47,322.4,323.82,322.22,35010
3/4/2013,322.56,323.4,324.14,322.26,38268
3/1/2013,323.1,323.63,323.63,322.51,32316
2/28/2013,326.4,325.8,327.19,325.4,33604
2/27/2013,328.09,328.99,328.99,328,41952
2/26/2013,324.54,326.31,326.45,324.32,38824
2/25/2013,324.04,322.88,324.81,322.8,37884
2/22/2013,324.32,322.52,324.76,322.52,32438
2/21/2013,320.84,321.3,321.58,318,64880
2/20/2013,328.97,328.7,329.12,328.44,23096
2/19/2013,329.73,329.5,330.12,329.5,24126
2/18/2013,329.76,329.7,330.32,329.26,42594
2/8/2013,341.09,339.78,341.3,339.78,17576
2/7/2013,341.73,341.88,342.41,341.41,19554
2/6/2013,340.83,340.9,341.19,340.11,24604
2/5/2013,341.85,340.88,341.95,340.77,25824
2/4/2013,340.15,339.18,340.74,338.86,31138
2/1/2013,338.67,338.2,338.78,337.94,24454
1/31/2013,341.3,341.76,342.03,341.18,25778
1/30/2013,339.5,339.34,339.82,338.89,22760
1/29/2013,339.07,338,339.2,337.8,27830
1/28/2013,338.47,337.78,338.65,337.77,27998
1/25/2013,340.1,338.5,340.2,338.5,28120
1/24/2013,341.73,342,342.68,341.12,38244
1/23/2013,344.81,345.11,345.39,344.42,20290
1/22/2013,345.5,344.2,345.6,344.1,28632
1/21/2013,344.06,343.7,344.4,343.7,20808
1/18/2013,344.28,344,344.49,343.81,28408
1/17/2013,342.45,342.53,342.86,341.68,33988
1/16/2013,343.5,343.5,343.6,342.6,38706
1/15/2013,340.9,340.66,341.8,339.9,46930
1/14/2013,340.35,339.02,340.43,339.02,28512
1/11/2013,341.39,341.72,341.92,340.81,36272
1/10/2013,338.68,337.51,339.09,337.28,29456
1/9/2013,339.32,338.53,339.55,338.24,37642
1/8/2013,336.53,337,337.3,336.2,32290
1/7/2013,338.54,338.02,339.52,338,44956
1/4/2013,336.84,337.19,337.2,335.38,63218
12/31/2012,340.29,338.68,340.6,338.29,35982
12/28/2012,339.2,339.2,340.12,339.05,36610
12/27/2012,337.96,337.01,339,336.8,36670
12/26/2012,337.38,336.73,337.77,336.6,26366
12/25/2012,337.24,337.28,338.8,337.11,34366
12/24/2012,338.81,337.2,339.26,336.63,45938
12/21/2012,335.92,336.03,336.42,333.53,63190
12/20/2012,340.76,340.12,341.1,339.72,40542
12/19/2012,341.84,341.52,342,340.89,53100
12/18/2012,347.37,345.45,348.09,345.43,60964
12/17/2012,343.89,343.89,344.56,343.38,44610
12/14/2012,345.43,344.31,345.84,344.3,41032
12/13/2012,344.99,347,347,344,61082
12/12/2012,348.47,347.79,348.66,347.58,29736
12/11/2012,347.69,347.4,347.86,347.08,30292
12/10/2012,347.27,347.1,347.6,346.67,30042
12/7/2012,346.28,346.11,346.59,345.77,38824
12/6/2012,343.6,344.35,344.9,342.91,54296
12/5/2012,346.47,344.41,346.56,344.32,42400
12/4/2012,345.53,348.3,348.44,344.67,55020
12/3/2012,349.3,349.76,350,348.52,39828
11/30/2012,352.08,351.3,352.29,350.88,31988
11/29/2012,349.92,350.82,351.08,349.8,35450
11/28/2012,354.18,355.01,355.3,353.8,32820
11/27/2012,356.55,357.2,357.43,356.51,24790
11/26/2012,356.83,357.11,357.39,356.51,33728
11/23/2012,353.5,352.65,353.58,352.44,21982
11/22/2012,352.64,353.14,353.47,352.64,24618
11/21/2012,351.55,352.13,352.36,350.04,25722
11/20/2012,353.25,353.12,353.92,353.12,31524
11/19/2012,351.33,350.21,351.6,350.1,33922
11/16/2012,348.95,349.88,350.09,348.58,35678
11/15/2012,351.25,351.5,352.07,351.06,25480
11/14/2012,352.38,352.25,352.88,351.77,29840
11/13/2012,351.53,351.3,351.98,350.58,35172
11/12/2012,353.82,354.3,354.58,353.08,32046
11/9/2012,354.54,353.16,355,353.16,44824
11/8/2012,350.68,349.34,350.99,349.33,36982
11/7/2012,351.98,348.5,352.5,347.99,62586
11/6/2012,343.9,342.79,344.38,342.79,26644
11/5/2012,342.02,343,343.06,341.71,31182
11/2/2012,347.9,350.36,350.59,347.17,38870
11/1/2012,352,351.18,352.36,350.93,22920
10/31/2012,349.89,349.62,350.23,349.23,15164
10/30/2012,347.28,346.7,347.28,346.24,28720
10/29/2012,347.57,347,348.4,346.54,32072
10/26/2012,345,347.72,347.9,344.23,33532
10/25/2012,347.7,346.84,348.33,345.8,41728
10/24/2012,347.3,347.4,349.2,344.43,36934
10/23/2012,349.7,349.75,350.68,349.02,27262
10/22/2012,350.09,349.42,350.1,348.51,19380
10/19/2012,351.67,352.8,353.3,350.53,30012
10/18/2012,354.46,354.79,355.3,354.12,25400
10/17/2012,354.8,355,356.08,354.75,29338
10/16/2012,353.61,352.29,353.75,352.29,26182
10/15/2012,354.19,354.73,354.73,353.23,31996
10/12/2012,359.95,360.18,360.75,359.67,26312
10/11/2012,359.51,358.8,359.99,358.38,29688
10/10/2012,359.5,359,359.85,358.11,32030
10/9/2012,361.8,362.83,363.25,361.77,31770
10/8/2012,361.38,364.22,364.25,360.21,40980
9/28/2012,365.48,365,365.58,364.22,33576
9/27/2012,360.31,359.01,360.9,359.01,38788
9/26/2012,360.86,360,361.44,359.97,30496
9/25/2012,360.86,361.86,361.96,360.3,34250
9/24/2012,360.12,362,362,358.92,55690
9/21/2012,363.67,364.42,364.51,363.2,44594
9/20/2012,361.92,363.98,364.5,361.65,52086
9/19/2012,365.41,363.9,366.2,362.56,71696
9/18/2012,361.87,361.2,362.09,360.62,41878
9/17/2012,364.4,364.94,365.95,364.05,42346
9/14/2012,365.19,365.18,366.3,364.88,85294
9/13/2012,356.13,357.49,357.49,356.01,34780
9/12/2012,357.89,358.71,358.71,357.5,36160
9/11/2012,357.78,357.2,358,356.6,41632
9/10/2012,358.23,358.37,359.59,358,52414
9/7/2012,349.61,350.99,351.37,348.63,66978
9/6/2012,352.6,350.17,354,350.17,77258
9/5/2012,350.16,350,350.61,349.67,31656
9/4/2012,350.3,351.3,351.85,350.16,45698
9/3/2012,349.71,349.76,350.76,349.52,54018
8/31/2012,343.39,342.97,343.6,342.21,39098
8/30/2012,343.38,342.63,343.94,342.5,37766
8/29/2012,345.5,344.34,345.85,344.34,38508
8/28/2012,343.93,343.72,343.99,343.13,35934
8/27/2012,346.63,346.8,348.28,346.34,46782
8/24/2012,344.79,345.98,346,344.36,50894
8/23/2012,345.99,342.5,346.36,342.48,86310
8/22/2012,339.51,338.82,339.8,338.8,38854
8/21/2012,336.3,335.28,336.4,335.28,30532
8/20/2012,335.13,334.74,335.43,334.41,25632
8/17/2012,335.34,334.7,335.49,334.43,31248
8/16/2012,331.71,332.47,332.84,331.51,33088
8/15/2012,331.2,331.28,331.91,330.9,33816
8/14/2012,334.03,333.74,334.28,333.33,39790
8/13/2012,336.02,335.08,336.49,334.95,50630
8/10/2012,334,334.39,334.53,333.4,31950
8/9/2012,334.81,333.82,335,333.8,37382
8/8/2012,332.55,333.42,333.8,332.45,31298
8/7/2012,333.68,333.75,333.95,333.06,29604
8/6/2012,332.79,332.1,333.28,332.04,35680
8/3/2012,329.85,329,329.96,329,31712
8/2/2012,331.48,331,331.98,330.55,37200
8/1/2012,334.12,333.27,334.36,332.86,36476
7/31/2012,335.58,334.97,336.26,334.92,46586
7/30/2012,334.45,335.71,335.85,334.01,48702
7/27/2012,335.3,333.88,335.48,333.43,53714
7/26/2012,332.88,331.73,333.19,331.2,65218
7/25/2012,327.49,327,328.64,327,65674
7/24/2012,326.5,326.38,327.28,326,48332
7/23/2012,326.15,326.75,327.22,325.61,49470
7/20/2012,327.5,327.3,327.66,326.94,40692
7/19/2012,326.95,326.17,327.68,326.11,45706
7/18/2012,327.13,328.04,328.34,326.2,44252
7/17/2012,329.64,329.74,330.37,328.73,45130
7/16/2012,328.82,328.23,329.26,325.42,46394
7/13/2012,326.44,324.7,326.99,324.64,49290
7/12/2012,324.7,326,326.08,324.2,49696
7/11/2012,326.12,325,326.35,324.88,40936
7/10/2012,327.3,327.5,328.37,327.08,33144
7/9/2012,326.94,327,327.5,326.5,39632
7/6/2012,330.59,331.76,331.82,330.4,38478
7/5/2012,333.8,333.32,334,332.55,38600
7/4/2012,333.3,333.35,333.87,332.8,35464
7/3/2012,331.78,329.2,331.8,328.89,46312
7/2/2012,328.13,329.2,329.21,327.71,41244
6/29/2012,324.6,321.34,325.13,321.06,57122
6/28/2012,325.38,326.01,326.41,325.08,35236
6/27/2012,324.35,325,325.42,323.82,34948
6/26/2012,326.9,327.6,327.77,326.45,27880
6/25/2012,325.14,325,325.58,324.2,41032
6/21/2012,330.37,329.31,330.7,328.69,45710
6/20/2012,333.49,333.32,334.15,332.9,34266
6/19/2012,335.56,335.56,336.18,335.14,37686
6/18/2012,333.5,335.73,336.45,333.31,58604
6/15/2012,335.31,334.43,335.68,334.37,50412
6/14/2012,333.61,333.4,335.01,333.1,42562
6/13/2012,332.58,331,332.69,330.88,52132
6/12/2012,328.34,328.62,329.2,327.76,47782
6/11/2012,329.88,330.95,331.4,329.13,59312
6/8/2012,324.92,327.03,327.75,322.51,90694
6/7/2012,334.7,335.48,335.6,333.89,66446
6/6/2012,336.4,336.94,337.3,335.57,73350
6/5/2012,334.36,335.12,336.06,333.65,63156
6/4/2012,335.67,333.5,337.04,333.02,107284
6/1/2012,322.63,321.39,322.9,320.7,51008
5/31/2012,323.01,322.64,324.43,322.22,63652
5/30/2012,319.86,320.31,320.8,318.88,62898
5/29/2012,325.5,324.49,325.97,324.16,48716
5/28/2012,326.3,323.77,326.63,323.65,52194
5/25/2012,321.74,320.33,322.78,318.82,77752
5/24/2012,321.4,320.27,322.52,319.3,64848
5/23/2012,320.02,319.62,320.55,318.92,63048
5/22/2012,325.26,326.45,327.03,325.15,41462
5/21/2012,327.63,327,327.99,326.96,49428
5/18/2012,323.19,323,323.78,321.74,74954
5/17/2012,318.31,316.97,318.96,316.55,62388
5/16/2012,313.95,315.8,316.78,313.72,73582
5/15/2012,318.91,318.95,319.28,317.27,70276
5/14/2012,322.89,324.59,324.94,322.58,53216
5/11/2012,324.16,326,326.07,323.9,60604
5/10/2012,326.41,326.37,326.84,325.81,45274
5/9/2012,325.98,328,328.38,325.54,74534
5/8/2012,333.59,334.94,335.29,333.5,44376
5/7/2012,335.39,335.34,335.79,334.2,48066
5/4/2012,334.56,334.51,335.05,334.18,34154
5/3/2012,335.92,337.9,338.09,335.81,33914
5/2/2012,338.15,340,340,337.97,40734
4/27/2012,338.22,339.34,339.44,338.17,36908
4/26/2012,338.03,336.49,338.04,336.48,38702
4/25/2012,336.2,336.48,336.57,335.98,26172
4/24/2012,335.12,335.35,335.98,334.81,41058
4/23/2012,335.92,335.65,336.46,335.65,27114
4/20/2012,336.3,335.8,337.08,335.8,34880
4/19/2012,336.01,336,336.1,335,39990
4/18/2012,338.46,337.62,338.65,337.19,41382
4/17/2012,336.3,337.64,337.7,336.3,32514
4/16/2012,335.8,338.45,338.45,335.6,47934
4/13/2012,342.62,343,343.1,342.13,28896
4/12/2012,339.4,339.77,339.92,338.99,26934
4/11/2012,340.23,339.11,340.25,338.7,36306
4/10/2012,337.7,337,339.9,337,42800
4/9/2012,336.42,335.63,336.8,334.8,31908
4/6/2012,334.4,334,334.4,332.8,22144
4/5/2012,333.06,332.1,333.47,332.06,32836
3/30/2012,340.2,340.07,340.38,339.65,27388
3/29/2012,339.97,340,340.18,338.63,35732
3/28/2012,342.4,344.11,344.2,342.3,31972
3/27/2012,345.84,345.78,345.99,345.08,37540
3/26/2012,340.78,340.86,342.16,340.09,36238
3/23/2012,337.21,337.51,338.08,336.21,49178
3/22/2012,337.99,338.4,339.2,337.29,44366
3/21/2012,338.6,338.78,339.41,337.56,46036
3/20/2012,338.52,341,341.24,338.36,53172
3/19/2012,340.92,340.29,341.3,340.06,35598
3/16/2012,340.7,339.36,340.98,339.11,48050
3/15/2012,337.36,335.23,338.07,335.08,69306
3/14/2012,341.39,342.57,343.29,341.1,67038
3/13/2012,347.55,347.37,348.13,347.3,34830
3/12/2012,347.96,349.18,349.64,347.26,49552
3/9/2012,347.67,346.7,348.22,346.25,44950
3/8/2012,344.61,343.61,344.68,343.29,34218
3/7/2012,341.28,341.92,342.58,341.2,53896
3/6/2012,346.76,348.4,348.89,346.7,49458
3/5/2012,348.82,349.55,350.39,348.6,50688
3/2/2012,350.49,350.85,351.68,350.4,46134
3/1/2012,349.83,348.83,351.65,348.83,103474
2/29/2012,364.75,364.14,364.9,363.83,36556
2/28/2012,361.92,360.5,361.96,360.24,41098
2/27/2012,360.9,361.51,362.78,360.81,40432
2/24/2012,362.31,362.44,363.09,361.9,43366
2/23/2012,362.47,361.63,362.51,361.34,48592
2/22/2012,358.22,358.31,358.49,357.8,35098
2/21/2012,355.59,353.91,355.8,353.34,51688
2/20/2012,353.73,354.11,354.62,353.71,40452
2/17/2012,353.34,353,354.02,353,55068
2/16/2012,350.81,352.33,352.33,349.99,67264
2/15/2012,352.18,351.2,352.7,351.18,46580
2/14/2012,350.3,351.46,351.85,349.9,45314
2/13/2012,352.56,351.79,353.18,351.34,47128
2/10/2012,353.1,353,354.08,352.79,49510
2/9/2012,355.09,353.4,355.13,352.35,61206
2/8/2012,357.66,356.19,357.82,356.16,56860
2/7/2012,352.63,351.38,352.63,351.08,56500
2/6/2012,353.36,353.26,354.64,353.26,58894
2/3/2012,358.59,358.57,358.88,358.08,43908
2/2/2012,356.84,357.21,357.88,356.08,60364
2/1/2012,354.07,354.88,355.81,353.96,55802
1/31/2012,355.04,354.13,355.7,354.13,53062
1/30/2012,353.21,354,354.78,352.59,58930
1/20/2012,339.57,339.14,339.63,337.9,53370
1/19/2012,340.68,339,341.1,338.9,47288
1/18/2012,338.65,338.33,339.3,336.05,71258
1/17/2012,339.77,336.4,340.15,336.33,68104
1/16/2012,335.15,334.18,336.38,333.61,66672
1/13/2012,336.65,337.23,337.23,333.52,112706
1/12/2012,336.98,336.14,337.6,335.71,55546
1/11/2012,336.2,334.88,336.32,333.84,61456
1/10/2012,332.2,330.18,332.71,329.94,63600
1/9/2012,330.3,330,330.76,328.61,69124
1/6/2012,333.41,331.13,333.66,330.76,94146
1/5/2012,331.95,330,332.1,328.67,81846
1/4/2012,327.33,328.98,328.98,325.67,84528
12/30/2011,319.45,317.8,320.2,317.6,97682
12/29/2011,316,318,318.49,315.93,75388
12/28/2011,324.18,324.6,325.66,323.84,73048
12/27/2011,326.23,327.4,328.33,325.96,70162
12/26/2011,327.35,330.22,330.66,326.44,90440
12/23/2011,330.92,331.19,332.31,330.63,71686
12/22/2011,331.51,332.32,332.48,329.24,99292
12/21/2011,334.48,334,335.13,333.03,67334
12/20/2011,329.7,329.17,329.73,328.24,80518
12/19/2011,328.45,329.5,329.56,326.36,111768
12/16/2011,328.75,325.01,328.89,324.75,104306
12/15/2011,322.33,325.79,325.99,322.33,116566
12/14/2011,337.53,336.39,338.1,336.01,74652
12/13/2011,339.66,342.5,342.8,339.47,92710
12/12/2011,346.96,352.63,352.7,346,80720
12/9/2011,351.35,352.34,352.99,351.24,46260
12/8/2011,357.9,357.85,357.93,357,32000
12/7/2011,356.21,356.17,356.23,355.51,36662
12/6/2011,352.75,354.54,354.88,351.89,56034
12/5/2011,359,360.14,360.14,358.66,38906
12/1/2011,359,360.6,361.98,358.75,65886
11/30/2011,353.22,354.29,355.48,353.2,69898
11/29/2011,352.7,352,353.1,351.31,44094
11/28/2011,351.23,349.23,351.95,349.23,60382
11/25/2011,346.5,348,348.85,346.35,49166
11/24/2011,348.8,348.59,349.38,347.95,53546
11/23/2011,351,349.51,351.61,349.31,57924
11/22/2011,346.59,346,347.8,345.04,62686
11/21/2011,353.71,352.63,354.48,351.9,60016
11/18/2011,353.56,352.67,354.96,351.5,72574
11/17/2011,362.88,362.31,363.29,360.86,55382
11/16/2011,362.82,366.02,366.65,362.06,67142
11/15/2011,363.53,365.9,366.81,362.75,59694
11/14/2011,367.36,367.51,369.28,367.36,58254
11/11/2011,362.9,359.19,363.6,359.11,64932
11/10/2011,360.15,363.21,363.84,359.2,105008
11/9/2011,367.02,368.18,369.1,366.52,57632
11/8/2011,368.18,368.57,369.13,367.79,60424
11/7/2011,364.6,362.09,364.92,362.09,66574
11/4/2011,362.03,361.61,362.99,361,53180
11/3/2011,355.98,356.98,357.16,353.65,67040
11/2/2011,355.8,353.85,357,353.7,71370
11/1/2011,352.66,353.5,355,352.63,44304
10/31/2011,352.62,358.79,359.55,350.6,94220
10/28/2011,357.93,361.81,362.55,357.67,61204
10/27/2011,355.44,355.8,357.16,354.9,49954
10/26/2011,354.14,352.95,355.51,352.1,79682
10/25/2011,341.1,341.9,343.7,340.5,48266
10/24/2011,341.7,339.4,342.54,337.2,82178
10/21/2011,335.25,332.98,337,332.9,78198
10/20/2011,333.28,336,336.51,329.09,162768
10/19/2011,340.53,343.08,345.49,340.33,94936
10/18/2011,343.01,346.75,346.9,343,68924
10/17/2011,347.35,347.01,348.2,346.65,53818
10/14/2011,346.09,344.17,346.12,343.54,62788
10/13/2011,346.42,348,348.7,345.32,80182
10/12/2011,346.83,344.51,346.87,343.59,86014
10/11/2011,345.93,345.8,348.35,345.23,100124
10/10/2011,341.63,341,342.6,340.94,54982
9/30/2011,338.39,334.78,339.6,334.6,113756
9/29/2011,335.09,327.03,336.47,327.02,157916
9/28/2011,341.27,339.99,341.8,337.05,163330
9/27/2011,341.44,338.34,343.56,336.21,238134
9/26/2011,341.94,341.94,344.29,341.94,43018
9/23/2011,361.24,361.48,363.68,355.88,225766
9/22/2011,367.01,368.29,369.44,366.22,201854
9/21/2011,375.2,373.39,375.54,371.73,162338
9/20/2011,368.8,369.08,369.5,366.16,163546
9/19/2011,377.96,376.2,378.03,375.4,170324
9/16/2011,365.71,369,369.5,364.82,210454
9/15/2011,375.54,378.01,378.58,373.1,259918
9/14/2011,378.33,381.97,383.04,376.84,218396
9/13/2011,378.59,378.2,380,376.67,206798
9/9/2011,388.31,384.4,389.28,383.11,291588
9/8/2011,382,378.7,382.1,377.9,296516
9/7/2011,378.7,388.97,389.88,376.82,320426
9/6/2011,395.25,392.06,398.08,391.5,260000
9/5/2011,390.6,389.17,390.66,387.85,159716
9/2/2011,381.24,377.8,381.5,377.61,122968
9/1/2011,376.31,378.89,378.92,376.22,162496
8/31/2011,380.19,378.03,380.26,377.91,139162
8/30/2011,372.3,372.95,373.85,371.2,173142
8/29/2011,376.79,374.5,377.39,373.5,243114
8/26/2011,367.8,366,370.4,364.45,290460
8/25/2011,363.51,363.51,366.62,363.51,162386
8/24/2011,380.9,382,384.49,380.5,222524
8/23/2011,391.69,394.2,394.6,390.9,225334
8/22/2011,392.38,387.71,392.67,384.67,215912
8/19/2011,383.8,379,383.89,378.1,144632
8/18/2011,370.38,368,370.61,367.93,74180
8/17/2011,369.31,368.92,369.76,367.2,83620
8/16/2011,366.46,365.09,366.6,364.04,88014
8/15/2011,360.27,359.6,362.66,359.5,96730
8/12/2011,362.99,363.66,365.75,361.5,138760
8/11/2011,367.43,372.18,374.75,366.66,157554
8/10/2011,361.78,362.03,364.33,360.06,140262
8/9/2011,362.46,358,365.02,358,167118
8/8/2011,354.47,349.6,356.2,349.6,99700
8/5/2011,344.08,341.02,345.47,341.02,65082
8/4/2011,345.62,345,346.99,344.31,64268
8/3/2011,345.3,341,345.8,340.6,60610
8/2/2011,335.58,335,336.06,334.67,21332
8/1/2011,333.51,333.94,334.7,333.07,19386
7/29/2011,334.48,335.4,335.92,334.41,18600
7/28/2011,335.21,334.7,335.75,334.65,15138
7/27/2011,336.62,336.75,337.43,336.2,18812
7/26/2011,335.41,334.92,335.76,334.7,12456
7/25/2011,336.1,335.85,336.29,334.3,19212
7/22/2011,330.2,331.1,331.4,329.83,22248
7/21/2011,333.45,332.78,333.68,332.33,19296
7/20/2011,330.59,330.23,331.64,330.23,20148
7/19/2011,334.11,333.1,334.25,332.61,19188
7/18/2011,332.48,330.99,332.5,330.8,25986
7/15/2011,328.11,329.53,329.9,328,24342
7/14/2011,329.67,330,330.3,328.51,20592
7/13/2011,326.66,325.58,326.95,325.58,22456
7/12/2011,322.07,323.09,323.48,321.9,16038
7/11/2011,321.86,321.41,322.17,321.13,15988
7/8/2011,319.19,319.01,320,319.01,8718
7/7/2011,319.55,318.02,320.11,317.55,16230
7/6/2011,316.56,315,316.63,314.88,18922
7/5/2011,311.24,312.33,312.87,311.16,13566
7/4/2011,311.95,311.38,312.08,310.93,22718
7/1/2011,311.8,312.01,312.44,311.67,14302
6/30/2011,314.18,314.4,314.98,313.9,13118
6/29/2011,313.57,313.3,313.73,313.05,10390
6/28/2011,312.16,313.08,313.35,311.52,13052
6/27/2011,311.52,313.3,313.5,311.52,20898
6/24/2011,316.82,317.5,337.27,316.61,22780
6/23/2011,321.07,321.4,321.5,320.83,10174
6/22/2011,321.2,321.92,322.18,321.2,8226
6/21/2011,321.31,320.97,321.89,320.62,13322
6/20/2011,320.27,319.85,320.88,319.85,12502
6/17/2011,317.66,318.3,318.47,317.61,8938
6/16/2011,318.15,318,318.4,317.81,9804
6/15/2011,317.19,317.87,318.06,317.12,9166
6/14/2011,317.11,316.5,317.19,316.3,11606
6/13/2011,318.5,318.99,319.26,318,12528
6/10/2011,320.56,320.8,321.02,320.43,9854
6/9/2011,319,319.99,320,318.87,11820
6/8/2011,320.05,320.6,320.8,320,13974
6/7/2011,321.3,321.1,321.4,320.55,16658
6/3/2011,319.35,319.4,319.6,319,12096
6/2/2011,320.25,319.19,320.3,319.05,19372
6/1/2011,317.53,319.7,319.7,317.25,18538
5/31/2011,320.01,320.8,321,319.71,11824
5/30/2011,319.49,319.13,319.92,319.13,13096
5/27/2011,317.54,317.78,317.85,317.02,10912
5/26/2011,317.9,318.1,318.5,317.8,11786
5/25/2011,317.23,317.5,317.89,316.6,13878
5/24/2011,317.09,316,317.31,316,15264
5/23/2011,314.14,315.3,315.3,314.06,13246
5/20/2011,313.24,312.4,313.25,312.38,13416
5/19/2011,312.37,312.47,312.9,312,19812
5/18/2011,310.86,311,311.63,310.5,21510
5/17/2011,311.59,310.8,311.82,310.66,19974
5/16/2011,310.9,311.53,311.59,310.71,23312
5/13/2011,314.24,312,314.28,311.98,27546
5/12/2011,310.1,312.18,312.89,309.67,35394
5/11/2011,314.64,313.5,314.65,313.4,20268
5/10/2011,312.09,311,312.64,310.9,23524
5/9/2011,310.9,310,310.99,309.51,21630
5/6/2011,309.38,308.9,310.03,308.1,30998
5/5/2011,313.11,313.39,313.39,312,31644
5/4/2011,314.21,315.98,316.19,314.15,30008
5/3/2011,317.15,318,318.3,316.35,22722
4/29/2011,317.4,318.81,318.92,317.25,18524
4/28/2011,318.1,317.18,318.56,317.12,25064
4/27/2011,313.36,314.2,314.8,313.35,15906
4/26/2011,312.8,313.49,313.51,312.25,28688
4/25/2011,316.69,317.02,317.12,315.53,16162
4/22/2011,315.64,314.77,315.73,314.77,8958
4/21/2011,315.14,316,316.29,314.57,19248
4/20/2011,314.54,312.18,314.68,312.12,20838
4/19/2011,311.25,312.89,313.3,311.1,20332
4/18/2011,312.22,312,312.35,311.11,12530
4/15/2011,310.5,311.32,311.58,310.42,12288
4/14/2011,309,308,309.23,307.66,7296
4/13/2011,307.11,305.97,307.49,305.38,6020
4/12/2011,305.89,305.01,306.36,304.97,9040
4/11/2011,307.47,309.5,309.5,307,9788
4/8/2011,307.8,305.94,307.96,305.93,8812
4/7/2011,305.33,305.87,306.22,305.31,8766
4/6/2011,306.13,304.95,306.17,304.89,15904
4/1/2011,301.89,302.03,302.27,301.32,7342
3/31/2011,301.26,300.8,301.3,300.47,5554
3/30/2011,300.35,299.97,300.5,299.08,7570
3/29/2011,299.82,299.5,300.45,299.38,7600
3/28/2011,299.9,301.28,302.1,299.7,10668
3/25/2011,303.28,302.38,303.3,302.27,7794
3/24/2011,303.3,304,304.08,303.26,9984
3/23/2011,302.42,302,302.75,301.94,8702
3/22/2011,302.29,302.9,303.08,302,11292
3/21/2011,303.1,302.53,303.84,302.23,17756
3/18/2011,299.05,298,299.29,297.98,11818
3/17/2011,295.8,294.76,295.8,294.76,8940
3/16/2011,296.82,296.15,297.1,295.55,13982
3/15/2011,299.38,301.47,301.47,298.36,16504
3/14/2011,301.26,302.6,302.99,300.21,13776
3/11/2011,299.12,299.89,300.69,299.05,16716
3/10/2011,303.17,301.7,303.31,301.49,14034
3/9/2011,301.78,301.56,302.3,300.85,8902
3/8/2011,301.92,302.83,303.32,301.37,16952
3/7/2011,304.33,303.1,304.54,302.86,13578
3/4/2011,299.99,300.98,301.11,299.8,10534
3/3/2011,301.61,304,304.42,301.08,17128
3/2/2011,303.58,304.83,304.97,303.35,17504
3/1/2011,302,300.3,302.1,299.5,15390
2/28/2011,301.28,301.7,301.9,300.51,10578
2/25/2011,299.61,299.6,299.96,284.3,10994
2/24/2011,301.2,302.99,303,300.1,15986
2/23/2011,299.7,298.23,299.75,298.1,9420
2/22/2011,299.5,301.54,302.11,298.9,24686
2/21/2011,299.27,298.79,299.61,298.68,10378
2/18/2011,297.42,297.02,297.77,297.02,9702
2/17/2011,296.06,295.55,296.39,295.53,9196
2/16/2011,295.88,294.78,295.98,294.78,9814
2/15/2011,293.59,293.78,294.48,293.32,9080
2/14/2011,293,292,293.1,291.93,7616
2/11/2011,293.32,293.5,294.18,292.93,10452
2/10/2011,292.7,292.66,293.15,292.56,7068
2/9/2011,292.96,293.9,294.52,292.8,16022
2/1/2011,289.61,288.91,289.61,288.59,14014
1/31/2011,288.35,289.93,289.97,287.94,14784
1/28/2011,284.73,283.5,284.73,283.28,17086
1/27/2011,290.41,290.51,291.37,290.1,12208
1/26/2011,288.95,288.25,297.74,288.13,16580
1/25/2011,287.75,288.28,288.3,287.32,13782
1/24/2011,291.6,290.74,292.38,290.6,15424
1/21/2011,290.2,288.83,290.35,288.83,17514
1/20/2011,293.3,294.37,294.49,293.28,13676
1/19/2011,295.86,295.45,296.06,295.1,11696
1/18/2011,294.33,293.45,294.7,293.12,13558
1/17/2011,292.75,295.46,295.81,292.44,28964
1/14/2011,297.4,298.84,298.84,297,13028
1/13/2011,299.84,301.38,301.38,299.61,14382
1/12/2011,301.06,300.97,301.29,300.41,12006
1/11/2011,299.66,299.22,299.73,298.83,12766
1/10/2011,299.21,298.01,299.47,297.79,16818
1/7/2011,297.01,298,298.4,296.83,26024
1/6/2011,298.91,299.3,299.6,298.82,17494
1/5/2011,299.95,300,300.8,298.88,39874
1/4/2011,307.81,308.79,309.29,307.63,21202
12/31/2010,309.11,306.68,309.13,306.47,18322
12/30/2010,308.37,307.23,309.1,307.23,19304
12/29/2010,307.1,306,307.15,305.5,19566
12/28/2010,303.73,302,304.38,301.86,23022
12/27/2010,301.6,300,301.9,299.4,12198
12/24/2010,301.5,300.38,301.5,300.12,7764
12/23/2010,302.01,302,302.39,301.16,10228
12/22/2010,302.33,302.7,303.09,302.01,13410
12/21/2010,302.38,301.51,302.45,301.35,16924
12/20/2010,302.35,301.55,302.6,301.39,33136
12/17/2010,299.53,298.95,299.8,298.35,17958
12/16/2010,300.25,299.01,300.28,298.69,19962
12/15/2010,301.1,304,304,300.99,27918
12/14/2010,305.95,304.68,306.47,303.75,24984
12/13/2010,302.34,300.22,302.5,299.8,17572
12/10/2010,301.38,300.88,302.19,300.52,16936
12/9/2010,300.35,300.93,301.15,299.66,24922
12/8/2010,301.3,304,304.8,300.66,42622
12/7/2010,309.84,310.02,310.7,308,22966
12/6/2010,308.51,308.98,309.93,307.7,24876
12/3/2010,303.65,304.32,304.8,302.94,20782
12/2/2010,304.96,303,305.01,303,24484
12/1/2010,303.95,300.37,304.27,299.8,34258
11/30/2010,296.31,296.3,296.57,295.61,19932
11/29/2010,294.8,292,295.54,292,24566
11/26/2010,295.21,297.4,297.74,295,31486
11/25/2010,297.45,297.2,297.55,296.3,20838
11/24/2010,298.68,296.85,298.97,296.8,36412
11/23/2010,294.98,295.03,295.38,293.52,29744
11/22/2010,294.31,293.53,295.98,293.18,24038
11/19/2010,294,294.5,294.7,292.71,24500
11/18/2010,292.99,291.44,293.3,291.11,37008
11/17/2010,288.43,288.85,289.71,288.14,52908
11/16/2010,294.55,295.02,295.88,294,34130
11/15/2010,295.9,298,298.7,294.6,47410
11/12/2010,301,306.95,307.31,295.03,92764
11/11/2010,307.16,307.89,309.03,305.96,40290
11/10/2010,305.76,305.19,311.47,304.17,73698
11/9/2010,311.23,304.33,314,304.1,57822
11/8/2010,301.62,302.51,303.4,301.1,25836
11/5/2010,301.24,300,302.98,299.7,28842
11/4/2010,293.67,291.88,307,291.5,24400
11/3/2010,292.39,293.44,293.97,292.1,19246
11/2/2010,294.28,293.33,294.38,293.01,14764
11/1/2010,295.27,293.48,295.4,292.61,24076
10/29/2010,290.01,290,290.39,289.31,22482
10/28/2010,287.55,287.88,287.99,287.08,15034
10/27/2010,287.83,290.89,291,287.5,28762
10/26/2010,289.28,290.9,291.19,289.1,23402
10/25/2010,291.5,288.69,291.5,288.69,26286
10/22/2010,285.97,285.74,286.69,285.58,14690
10/21/2010,286.95,288.6,288.6,286.8,13572
10/20/2010,286.99,286.6,287.6,286.6,30388
10/19/2010,293.34,293.91,294.6,293.03,15402
10/18/2010,292.41,292,292.89,291.26,23972
10/15/2010,297.16,296.13,297.56,295.88,16436
10/14/2010,297.47,296.1,297.83,295.8,25754
10/13/2010,292.47,292,293.2,291.3,24142
10/12/2010,290.09,291,291.59,289.83,21102
10/11/2010,290.85,289.85,291.46,289.8,29380
10/8/2010,285.69,285.1,287.33,285.02,27108
10/7/2010,284.17,282.28,284.49,282.26,1046
9/30/2010,284.11,282.5,284.59,282.1,17228
9/29/2010,283.19,283,283.26,282.22,13600
9/28/2010,279.45,279.5,280.14,279.38,10616
9/27/2010,281.14,281.51,281.6,279.71,16508
9/21/2010,277.4,278.13,278.17,277.3,14914
9/20/2010,279.2,277.5,279.2,277.5,19264
9/17/2010,278.24,277.13,278.35,276.6,22150
9/16/2010,275.95,275.96,276.55,275.56,16342
9/15/2010,276.55,277.1,277.1,276.15,34820
9/14/2010,272.6,272.68,272.71,272.03,13242
9/13/2010,272.08,271.77,272.19,271.65,9122
9/10/2010,272.01,271.68,272.16,271.56,13612
9/9/2010,273.83,273.96,274.32,273.58,23692
9/8/2010,275.33,274.59,275.5,274.53,15884
9/7/2010,273.15,272.96,273.28,272.72,10130
9/6/2010,273.25,272.63,273.46,272.45,11320
9/3/2010,273.72,274.24,274.24,273.5,9532
9/2/2010,273.1,273.11,273.42,272.92,13358
9/1/2010,274.1,272.63,274.29,272.63,21192
8/31/2010,270.28,270.38,271.19,270.01,17014
8/30/2010,270.41,269.82,270.45,269.82,13000
8/27/2010,270.22,270.05,270.55,270.05,11954
8/26/2010,271.11,271.11,271.52,270.73,18426
8/25/2010,269.8,269,269.8,268.83,19852
8/24/2010,266.86,267.08,267.42,266.82,13486
8/23/2010,268.6,268.47,268.96,268.32,12292
8/20/2010,268.78,269.13,269.2,268.61,14916
8/19/2010,268.98,268.83,269.15,268.62,13192
8/18/2010,267.55,268.08,268.26,267.4,14844
8/17/2010,267.8,268.5,268.58,267.53,18196
8/16/2010,267.48,266.86,268.05,266.77,20088
8/13/2010,266.73,265.5,266.96,265.4,23508
8/12/2010,262.88,262.86,262.98,262.3,13234
8/11/2010,262.43,263.15,263.75,262.01,17026
8/10/2010,262,262.98,263.17,262,17080
8/9/2010,264.63,263.79,264.8,263.43,21442
8/6/2010,262.9,261.4,262.9,261.24,14528
8/5/2010,261.4,261.86,261.97,261.17,15292
8/4/2010,261.57,260.7,261.69,260.52,26324
8/3/2010,258.95,259.38,259.45,258.88,16370
8/2/2010,259.25,258.6,259.46,258.5,22792
7/30/2010,255.94,255.61,256.29,255.36,20384
7/29/2010,256.17,255.6,256.2,255.24,22442
7/28/2010,255.18,254.83,255.46,254.68,30888
7/27/2010,259.46,259.48,259.72,259.15,19310
7/26/2010,261.12,260.22,261.28,260.22,17752
7/23/2010,261.46,260.99,261.63,260.71,24718
7/22/2010,258.73,259.1,259.6,258.25,25562
7/21/2010,259.76,260.65,260.65,259.73,21112
7/20/2010,258.85,258.3,259.2,258.25,28818
7/19/2010,260.3,259.9,260.74,259.88,30682
7/16/2010,263.02,264,264.15,263,21536
7/15/2010,263.75,264.09,264.68,263.7,19926
7/14/2010,264.6,264,264.95,263.81,28432
7/13/2010,261.2,261.5,261.98,261.15,24626
7/12/2010,263.3,264,264.04,263.3,21098
7/9/2010,261.36,261.18,261.88,261.12,20958
7/8/2010,263.16,263.02,263.48,262.6,26662
7/7/2010,259.4,260.95,261.27,259.17,37286
7/6/2010,263.01,262.88,264,262.5,25252
7/5/2010,264.26,263.98,264.83,263.7,21122
7/2/2010,263.12,262.53,263.87,261.88,47410
7/1/2010,270.8,271.05,271.6,270.72,25238
6/30/2010,272.04,272.06,272.48,271.56,24188
6/29/2010,270.6,271.99,271.99,270.45,33154
6/28/2010,274.91,276,276.19,274.85,21814
6/25/2010,272.95,272.9,273.58,272.64,25832
6/24/2010,270.75,271.17,271.54,270.61,21380
6/23/2010,272.08,271.36,272.45,271.36,22152
6/22/2010,271.24,271.72,272.19,270.88,43244
6/21/2010,276.98,276.56,277.01,275.86,41182
6/18/2010,273.93,274.09,274.33,273.35,39298
6/17/2010,271.47,271.06,271.8,270.8,22766
6/14/2010,268.44,268,268.69,267.81,23324
6/11/2010,268.44,268,268.69,267.81,23324
6/10/2010,270.24,270.49,271.6,269.25,39270
6/9/2010,271.35,272.24,272.34,271,44988
6/8/2010,272.9,272.32,273,271.9,38104
6/7/2010,267.77,267,268.16,266.82,43016
6/4/2010,264.82,265,265.58,263.64,44450
6/3/2010,269.18,269.09,269.36,268.2,33872
6/2/2010,268.71,269.27,269.8,268.63,42082
6/1/2010,268.59,269,269.35,268.3,46650
5/31/2010,266.54,266.43,267.53,266.17,31608
5/28/2010,267.68,266.5,267.7,265.45,50270
5/27/2010,266.7,266.8,267.98,266.2,48384
5/26/2010,265.8,265,266.25,264.52,44236
5/25/2010,262.17,261.7,263.55,261.5,54428
5/24/2010,262.25,260.84,262.56,260.39,44208
5/21/2010,259.72,260.4,261.2,257.5,73574
5/20/2010,261.27,262,263.8,260.37,64916
5/19/2010,266.29,268.99,269.5,265.61,75546
5/18/2010,267.62,269.86,270,267.3,56578
5/17/2010,271.89,271.32,273.58,271.32,66552
5/14/2010,271.32,271.14,272.3,270.74,40830
5/13/2010,271.14,271.01,271.83,270.91,37740
5/12/2010,270.17,269.7,271.24,269.18,46428
5/11/2010,265.64,264.14,265.75,264.14,33772
5/10/2010,262.75,263.99,264.67,262.64,37106
5/7/2010,264.6,264,264.61,263.31,34792
5/6/2010,258.2,257.86,258.5,257.7,27734
5/5/2010,257.33,257,257.48,255.72,24552
5/4/2010,258.61,260,260.08,258.6,23662
5/3/2010,257.58,257.67,258.38,257.33,20
4/30/2010,258.58,258.86,258.97,257.98,19850
4/29/2010,257.08,256.8,257.32,256.64,16250
4/28/2010,256.8,257.25,257.3,256.5,21458
4/27/2010,254.39,255.1,255.38,254.16,17950
4/26/2010,255.41,254.85,255.85,254.73,18808
4/23/2010,251.26,251.01,251.59,251.01,16646
4/22/2010,252.5,252.8,253.26,252.4,16356
4/21/2010,252.56,251.67,252.83,251.55,19206
4/20/2010,251.07,250.78,251.36,250.56,21060
4/19/2010,249.7,250.53,251.02,249.5,21200
4/16/2010,254.23,254.82,254.87,254.1,9956
4/15/2010,254.16,254.61,255.15,254.1,14914
4/14/2010,254.45,254,255.37,254,21188
4/13/2010,254.35,254.66,254.79,253.8,17326
4/12/2010,256.45,256.97,257.35,256.38,19266
4/9/2010,254.97,253.01,255,252.9,20336
4/8/2010,251.8,252,252.28,251.62,15164
4/7/2010,250.68,250.02,250.68,249.68,15292
4/6/2010,248.7,249,249.2,248.18,11272
4/2/2010,248.03,248.5,248.51,247.72,18890
4/1/2010,245.91,246.69,246.95,245.89,15094
3/31/2010,245.28,245.11,245.56,244.97,14766
3/30/2010,246.46,245.8,246.68,245.6,15366
3/29/2010,246.01,245.3,246.22,244.85,22830
3/26/2010,243.88,242,243.89,241.89,19008
3/25/2010,241.8,241.36,242,241.2,22358
3/24/2010,243.9,244.5,244.86,243.77,22050
3/23/2010,244.5,244.8,245.01,244.42,17904
3/22/2010,244.99,244.7,245.49,244.69,19182
3/19/2010,248.71,248.79,249.09,248.5,14040
3/18/2010,248.53,248.6,248.94,248.27,15000
3/17/2010,250.13,249.48,250.18,249.21,21258
3/16/2010,246.34,245.41,246.78,245.33,17994
3/15/2010,244.99,244.7,244.99,244.26,18538
3/12/2010,246.82,246.49,246.83,245.81,14970
3/11/2010,245.93,245.95,246.46,245.62,22378
3/10/2010,249.44,248.39,249.69,248.36,19254
3/9/2010,248.36,248.99,249.19,248.3,23422
3/8/2010,252.01,251.06,252.16,250.88,23400
3/5/2010,251.28,250.69,251.73,250.41,19616
3/4/2010,251.05,252.19,252.24,250.84,30632
3/3/2010,251.9,251.1,251.99,250.78,32232
3/2/2010,247.38,247.75,248.42,246.77,24652
3/1/2010,247.79,248.87,248.87,247.23,23066
2/26/2010,246.4,245.16,246.6,244.89,32442
2/25/2010,242.28,244,244,241.76,25200
2/24/2010,245.06,245,245.46,244.88,16490
2/23/2010,247.22,246.5,247.45,245.85,19936
2/22/2010,248.33,250.4,251.5,248.33,18470
2/12/2010,242.2,242.16,242.5,241.8,13110
2/11/2010,240.3,239.5,240.8,239.48,11930
2/10/2010,239.85,239.38,239.88,238.85,15046
2/9/2010,238.47,236.3,238.88,236.1,16136
2/8/2010,236.86,236.5,237.18,236.1,18356
2/5/2010,235.77,235,235.9,234.88,35700
2/4/2010,245.11,245,246.06,244.83,20660
2/3/2010,247.24,246.87,247.35,245.93,22686
2/2/2010,244.74,244.81,245.2,243.96,34270
2/1/2010,239.56,240.78,240.8,238.58,27820
1/29/2010,239.36,240.01,240.91,239.3,27932
1/28/2010,241.44,241.6,241.98,239.6,36302
1/27/2010,243.81,244.57,245.15,243.54,28192
1/26/2010,243.1,245.77,246.28,242.72,37918
1/25/2010,245.36,243.32,245.99,243,34950
1/22/2010,243.32,243.05,243.99,242.66,35292
1/21/2010,248.3,247.5,248.31,246.51,38986
1/20/2010,251.38,253.49,253.99,251.2,32490
1/19/2010,252.39,252.4,253,251.89,19448
1/18/2010,251.81,250.5,252.05,249.91,25412
1/15/2010,252.21,253.22,253.55,251.81,25270
1/14/2010,252.97,254.28,254.38,252.41,27014
1/13/2010,250.72,251,251,249.3,49252
1/12/2010,257.14,256.85,257.5,255.38,38234
1/11/2010,256.85,257.5,258.44,256.66,51302
1/8/2010,249.56,251.22,251.22,249,53716
1/7/2010,252.36,255.1,255.5,251.2,86698
1/6/2010,251.1,251.01,253.14,250.59,73904
1/5/2010,253.23,250,253.28,249.71,74798
1/4/2010,245.96,245.38,247.43,244.58,57752
12/31/2009,247.51,243.68,247.58,243.6,52368
12/30/2009,243.39,243,243.97,242.77,44012
12/29/2009,246.4,246.34,246.7,244.78,52070
12/28/2009,247.98,246,249.09,245.6,54726
12/25/2009,246.35,245.5,246.48,244.51,39492
12/24/2009,245.61,242.6,245.96,242,73994
12/23/2009,241.3,241.1,242.16,240.52,56468
12/22/2009,242.43,242.82,243.37,242.34,46622
12/21/2009,246.8,247.01,247.86,246.11,58328
12/18/2009,245.4,245.6,246.1,244.32,76048
12/17/2009,249.73,254,254.26,249.62,92360
12/16/2009,252.1,248.94,252.3,248.6,83472
12/15/2009,248.31,248.95,251.55,248.1,70656
12/14/2009,249.7,247,249.88,246.8,68328
12/11/2009,250.7,250.02,251.29,249.43,53848
12/10/2009,249.27,249.61,250.4,248.11,58438
12/9/2009,248.85,249.05,250.54,248.72,68012
12/8/2009,255.9,257.39,257.39,255.43,66656
12/7/2009,254.81,254,255.87,253.2,102638
12/4/2009,265.8,264.83,266,263.89,82192
12/3/2009,267.55,270.17,270.49,266.66,95160
12/2/2009,267.5,264.6,268.04,264.3,87220
12/1/2009,259.33,259.87,260.1,258.6,40718
11/30/2009,258.23,258.5,260.25,256.1,90894
11/27/2009,257.02,261,262.63,256,102384
11/26/2009,261.92,261.11,263.86,261.1,83696
11/25/2009,259.33,255.99,259.47,255.86,71268
11/24/2009,255.05,254,256.39,253.96,45582
11/23/2009,255.42,253.99,255.58,253.96,37460
11/20/2009,250.92,250.58,251.46,249.57,35088
11/19/2009,250.26,249.8,250.6,249.7,33114
11/18/2009,249.49,249.6,249.9,249.12,25944
11/17/2009,248.48,249.49,249.82,248.04,29234
11/16/2009,247.39,246.18,247.51,246.01,27022
11/13/2009,242.91,241.87,242.97,241.62,28042
11/12/2009,245.56,245,245.7,245,28716
11/11/2009,242.62,242.25,242.83,242.1,25968
11/10/2009,240.84,241.6,241.7,240.34,33316
11/9/2009,242.17,240.5,242.26,240.5,30742
11/6/2009,239.25,238.6,239.36,238.58,18918
11/5/2009,238.12,238.74,238.88,238.1,31746
11/4/2009,238.06,237.59,238.08,237.35,30152
11/3/2009,233.86,234,234.27,233.5,23180
11/2/2009,230.71,230.05,230.73,229.7,15340
10/30/2009,230.68,230,230.95,230,17424
10/29/2009,227.5,227,227.75,226.98,18520
10/28/2009,229,228.8,229.77,228.71,21814
10/27/2009,229.37,228.88,229.52,228.81,19242
10/26/2009,231.98,232.01,232.54,231.5,23838
10/23/2009,233.2,233,234.2,232.92,28920
10/22/2009,231.85,233,233.36,231.78,22524
10/21/2009,232.22,231.7,232.32,231.08,20752
10/20/2009,234.59,233.73,234.86,233.42,33534
10/19/2009,231.7,230.5,231.78,230.17,24824
10/16/2009,230.38,231.2,231.68,229.56,25960
10/15/2009,231.85,233.2,233.68,231.8,27606
10/14/2009,233.85,233,234.74,232.64,34562
10/13/2009,231.59,231.07,231.89,230.8,18944
10/12/2009,230.88,231.01,231.6,230,18524
10/9/2009,228.95,231.88,231.88,228,19046
9/30/2009,218.7,217.78,218.78,217.6,15000
9/29/2009,217.77,217.03,217.81,216.81,13300
9/28/2009,216.83,218.5,218.73,216.4,39468
9/25/2009,218.9,219,219.26,218.45,40506
9/24/2009,223.51,223.06,223.61,222.06,35748
9/23/2009,223.13,223.93,224.49,223.08,51478
9/22/2009,223.3,221.96,223.35,221.71,51320
9/21/2009,221.1,221.01,222.45,220.12,44680
9/18/2009,223.1,224.37,224.42,222.83,40774
9/17/2009,225.96,224.99,227.3,224.39,71664
9/16/2009,225.24,222.5,225.75,222,74634
9/15/2009,219.27,220.27,220.88,219.25,32292
9/14/2009,219.57,220.02,221.75,219.45,50382
9/11/2009,220.27,219,222.2,219,46754
9/10/2009,219.47,219.76,220.18,218.4,33842
9/9/2009,220.65,221.64,222.57,220.3,45092
9/8/2009,222.8,219.47,223.08,218.8,39874
9/7/2009,218.9,217.8,219.09,217.65,30036
9/4/2009,217.39,217.66,218.18,217.23,26326
9/3/2009,215.57,214.3,215.58,214.05,37810
9/2/2009,210,209.32,210.18,209.15,13704
9/1/2009,209.72,210.29,210.37,208.9,11192
8/31/2009,209.29,211,211,209.29,15852
8/28/2009,208.8,209,209.1,208.56,9286
8/27/2009,208,207.5,208.15,207.4,8164
8/26/2009,208.26,207.61,208.46,207.54,7314
8/25/2009,207.65,207.33,207.9,207.33,10426
8/24/2009,209.77,209.88,209.89,209.31,17952
8/21/2009,206.52,206.5,206.95,206.15,6834
8/20/2009,207.51,207,208.05,206.66,11856
8/19/2009,205.54,207,207.05,205.21,15192
8/18/2009,206.5,206.2,206.78,206.05,15478
8/17/2009,207.18,207.35,207.41,206.51,21862
8/14/2009,209.9,210.3,210.43,209.81,13296
8/13/2009,209.58,208.51,209.86,208.51,15998
8/12/2009,207.15,208.35,208.6,207.1,13454
8/11/2009,208.35,208.01,208.41,207.2,13830
8/10/2009,209.78,209.11,210.17,209.11,8766
8/7/2009,210.55,210.88,210.98,210.55,9720
8/6/2009,211.57,211.52,211.68,210.94,10142
8/5/2009,211.38,212,212.2,211.16,16950
8/4/2009,209.66,210.02,210.2,208.96,16070
8/3/2009,209.41,209.71,209.85,209.18,19694
7/31/2009,205.93,205.48,206.6,205.47,17120
7/30/2009,204.5,204.1,204.66,204,9888
7/29/2009,204.9,206.2,206.6,204.48,24984
7/28/2009,209.58,209,209.71,208.6,11716
7/27/2009,210.08,208.26,210.09,208.19,16098
7/24/2009,208.05,207.97,208.1,207.72,10108
7/23/2009,209.16,209,209.35,208.68,10290
7/22/2009,207.94,207.43,208.4,207.43,10702
7/21/2009,207.77,208.04,208.38,207.62,18542
7/20/2009,207.54,206.1,207.65,206.1,18286
7/17/2009,205.34,205.59,205.85,205.16,10586
7/16/2009,205.32,205.93,206.1,205.2,15540
7/15/2009,204.09,203.5,204.24,203.18,12684
7/14/2009,202.35,201.82,202.66,201.62,12674
7/13/2009,200.1,201.13,201.45,199.88,11398
7/10/2009,200.55,200.9,201.41,200.5,10914
7/9/2009,201.06,200.01,201.15,200.01,14952
7/8/2009,202.85,202.74,203.22,201.87,11952
7/7/2009,203.16,203.45,203.65,202.97,13572
7/6/2009,203.41,204.03,204.58,203.26,13208
7/3/2009,205.13,204.9,205.25,204.65,11130
7/2/2009,206.06,206.34,206.7,205.86,13820
7/1/2009,204.45,204.15,204.48,203.77,17094
6/30/2009,207.37,206.32,207.7,206.32,15454
6/29/2009,205.91,206.28,206.28,205.25,13026
6/26/2009,207.11,206.61,207.19,206.36,14748
6/25/2009,205.48,204.53,205.7,204.41,15088
6/24/2009,203.9,202.9,203.9,202.63,16324
6/23/2009,201.6,202.01,202.5,200.9,28548
6/22/2009,205,205,205.49,204.75,13614
6/19/2009,205.04,205.73,205.75,204.9,12756
6/18/2009,206.43,206.52,206.75,205.8,13106
6/17/2009,206.3,204.77,206.38,204.5,17560
6/16/2009,205.34,204.6,205.37,204.6,24762
6/15/2009,204.87,205.1,206,204.61,21978
6/12/2009,208.91,210,210.15,208.56,15106
6/11/2009,209.48,209.01,210.05,208.81,15150
6/10/2009,209.84,209.92,210.59,209.68,19594
6/9/2009,209.12,209.26,209.35,208.08,20136
6/8/2009,209.41,209.25,210.39,209.15,22658
6/5/2009,214.32,214,214.4,213.73,18306
6/4/2009,211.96,211.9,212.21,211.35,22964
6/3/2009,216.18,215.15,216.21,214.68,27090
6/2/2009,212.15,213.5,214.35,212.02,22006
6/1/2009,215.02,214.15,215.37,213.8,21484
5/27/2009,207.98,207.88,208.2,207.2,12912
5/26/2009,208.02,209.03,209.08,208.01,11978
5/25/2009,208.8,209.3,209.5,208.5,15162
5/22/2009,208.38,209.1,209.2,208.07,19752
5/21/2009,206.85,206,207.11,205.91,17934
5/20/2009,203.73,203.32,203.78,203.11,9508
5/19/2009,202.44,202,202.52,202,18764
5/18/2009,204.53,203.84,204.66,203.84,15046
5/15/2009,203.23,203.4,203.58,203.06,9952
5/14/2009,202.72,203.22,203.65,202.72,14108
5/13/2009,203.96,203.74,204.09,203.62,21262
5/12/2009,200.73,201.29,201.29,200.48,16980
5/11/2009,201.83,201.7,202.18,201.03,21098
5/8/2009,201.75,201.33,202.1,201.08,20618
5/7/2009,201.33,200.81,201.48,200.51,25708
5/6/2009,198.99,198.06,199.28,197.88,16660
5/5/2009,199.22,199.29,200.13,198.91,21654
5/4/2009,197.31,196,197.6,195.41,21404
5/1/2009,197.21,197.59,197.59,197.16,10
4/30/2009,198.18,196.83,198.2,196.79,13456
4/29/2009,197.2,196,197.81,195.87,14780
4/28/2009,197.41,197.88,198.36,197.2,17454
4/27/2009,201.43,201.91,201.96,201,17540
4/24/2009,201.15,199.31,201.27,199.1,21460
4/23/2009,196.7,197.27,197.5,196.08,14346
4/22/2009,195.31,195,195.45,194.62,13610
4/21/2009,196.63,195.58,197,195.2,23634
4/20/2009,191.3,190.23,192.99,190.23,13318
4/17/2009,192.41,193.38,193.38,192.08,15186
4/16/2009,196.87,196.28,197.01,195.12,10318
4/15/2009,196.6,196.6,197.2,196.51,6342
4/14/2009,197.95,196.8,198.4,196.75,11630
4/13/2009,195.78,194.99,195.8,194.6,9956
4/10/2009,194.59,193.68,194.65,193.5,7054
4/9/2009,193.76,194.16,194.75,193.5,12082
4/8/2009,195.53,193.98,195.8,193.68,18932
4/7/2009,193.4,192.65,193.66,192.31,20974
4/3/2009,198.94,198.96,199.29,198.51,18048
4/2/2009,202.85,203.68,204.55,202.7,14920
4/1/2009,202.13,202.81,203.15,202,14716
3/31/2009,202.49,201.31,202.8,201.31,14658
3/30/2009,204.15,204.24,204.24,202.32,19058
3/27/2009,205.62,205.36,206.29,204.91,17110
3/26/2009,206.35,205.51,206.55,205.26,16480
3/25/2009,204.4,204.59,205.4,203.9,22924
3/24/2009,206.96,208,208.47,206.81,25720
3/23/2009,211.43,209.63,212.12,209,34262
3/20/2009,210.41,209.02,211.12,208.66,25186
3/19/2009,205.28,204.6,205.68,203.2,32622
3/18/2009,200.57,201.26,201.5,199.8,20440
3/17/2009,202.01,203.37,203.66,201.6,19608
3/16/2009,203.63,203.49,204.28,203.43,14654
3/13/2009,202.75,203.13,203.63,202.71,20588
3/12/2009,201.79,200.65,202.15,200.21,22650
3/11/2009,198.49,197,198.6,196.53,24044
3/10/2009,201.58,202.49,202.7,201.5,23930
3/9/2009,206.06,207.12,207.35,205.81,23438
3/6/2009,207.73,205.6,207.78,205,32018
3/5/2009,202.5,201.09,202.5,200.72,35920
3/4/2009,201.48,201.52,201.59,200.63,21848
3/3/2009,203.96,204.18,204.8,203.5,26320
3/2/2009,209.31,208.68,209.5,208.03,21986
2/27/2009,206.48,206.9,207.44,205.88,24676
2/26/2009,208.23,209,209.29,206.8,30488
2/25/2009,209.63,211.49,211.94,209.41,27128
2/24/2009,216.8,216.21,217.39,215.74,19052
2/23/2009,216.5,217.8,217.84,216,23514
2/20/2009,214.4,213.46,214.45,212.92,17504
2/19/2009,214.01,215.66,215.9,213.69,23434
2/18/2009,213.59,212.1,213.96,211.8,24246
2/17/2009,210.83,206.5,215,206.5,34462
2/16/2009,205.52,205.38,205.68,204.8,13036
2/13/2009,206.08,205.21,206.12,205.21,13728
2/12/2009,205.54,205,205.78,204.65,21010
2/11/2009,199.58,200,200.58,199.35,18014
2/10/2009,195.99,196.78,197.25,195.65,17672
2/9/2009,198.33,198.75,198.98,197.5,18230
2/6/2009,200.31,199.24,200.55,199.22,17328
2/5/2009,198.75,197.6,198.85,197.38,17244
2/4/2009,196.85,197,197.55,196.52,12532
2/3/2009,197.31,197.58,198.5,197,16838
2/2/2009,198.46,200.16,200.16,198.38,19710
1/23/2009,187.51,186.59,188.59,186,7610
1/22/2009,186.61,187,187.38,186,8930
1/21/2009,186.43,185.88,187,185.7,13450
1/20/2009,181.65,181.71,182.2,180.9,13612
1/19/2009,184.12,183.38,184.56,183.11,19250
1/16/2009,180.41,178.5,180.73,178.5,22210
1/15/2009,177.48,178.02,178.28,176,26104
1/14/2009,180.9,179.9,180.99,179.53,20908
1/13/2009,179.2,180.38,181.05,179.02,25170
1/12/2009,185.82,185.7,186.98,185.24,19966
1/9/2009,186.94,185.88,186.97,185.53,17112
1/8/2009,184.79,184.7,185.09,183.98,26624
1/7/2009,187.63,187.01,188.15,186.22,33054
1/6/2009,184.61,185.5,186.88,184.32,35598
1/5/2009,190.25,191.03,192.01,188.3,43542
12/31/2008,189.21,190.75,190.98,188.4,21060
12/30/2008,190.91,191.8,192.5,190.32,22554
12/29/2008,193.87,194.88,194.88,192.6,33046
12/26/2008,185.41,185.51,186.1,185.15,14114
12/25/2008,185.84,184.75,186.16,184.51,16706
12/24/2008,184.22,183.99,184.45,183.69,16578
12/23/2008,185.19,184.07,185.5,183.88,26410
12/22/2008,184.29,184.99,186.1,183.91,46502
12/19/2008,184.98,183.52,185.26,183.11,37076
12/18/2008,186.66,186,188,185.8,46614
12/17/2008,184.28,186.66,186.7,183.9,45270
12/16/2008,183.1,184,184,182.61,40460
12/15/2008,183.61,182,184.38,181.7,46738
12/12/2008,178.02,181,181.88,177.12,62898
12/11/2008,180.8,176.6,180.84,176.6,39022
12/10/2008,173.08,171.85,173.16,171,39572
12/9/2008,170.4,170.25,171.47,169.6,32026
12/8/2008,170.24,166.99,170.4,166.7,47686
12/5/2008,168.69,168,168.77,167.34,50378
12/4/2008,167.82,168.76,169.03,167.01,39078
12/3/2008,169.7,168.5,170.3,168.43,29084
12/2/2008,168.07,168.51,169.58,168.07,32096
12/1/2008,177.33,177.01,178.08,175.88,30958
11/28/2008,177.61,177.4,177.96,176.77,22958
11/27/2008,177.68,177.02,179.47,177.02,32376
11/26/2008,177.4,177.01,177.75,176.7,26038
11/25/2008,177.96,178.85,178.85,176.05,57282
11/24/2008,171.47,171.47,171.47,171.47,5610
11/21/2008,164.88,161.4,165.3,161.22,67320
11/20/2008,161.44,159.69,164,159.69,58262
11/19/2008,160.75,160,160.78,160,19130
11/18/2008,159.55,159.8,160.8,159.5,30262
11/17/2008,160.97,158.6,160.97,158.6,41858
11/14/2008,157.99,158,158.5,157.38,40700
11/13/2008,153.55,155,155.31,153.37,54446
11/12/2008,160.1,158,160.33,157.69,42652
11/11/2008,160.3,161,161.19,159.84,51862
11/10/2008,163.22,162.97,163.88,162.01,46224
11/7/2008,159.3,156.81,159.68,156.01,54380
11/6/2008,159.63,160.5,160.88,159.38,47062
11/5/2008,164.16,166.05,166.05,163.3,55966
11/4/2008,158.41,159.5,159.6,156.51,65148
11/3/2008,160.69,159,161.1,157.97,68360
10/31/2008,159.1,159.1,159.74,159.1,31252
10/30/2008,167.91,168,168.4,165.66,79482
10/29/2008,163.88,163,164.48,161.21,68682
10/28/2008,164.19,159.85,164.32,155.8,86138
10/27/2008,155.84,160.3,160.65,152.13,93960
10/24/2008,148.88,158,159.5,148.88,104556
10/23/2008,159.55,155.44,159.97,155.44,40168
10/22/2008,165.35,169,169.33,165.35,35712
10/21/2008,172.75,176,176.3,172.33,44262
10/20/2008,177.15,175,177.6,172.61,57294
10/17/2008,176.56,176,177.8,173.6,48656
10/16/2008,179.7,184.5,185.49,177.1,71010
10/15/2008,186.71,186.41,187.28,185.5,51620
10/14/2008,186.6,188.7,188.7,185.69,48374
10/13/2008,191.54,191.54,191.96,191.54,17624
10/10/2008,202.75,203.5,204.5,199.1,168896
10/9/2008,194.72,198.1,199.18,193.88,64838
10/8/2008,199.4,194.08,199.98,193.12,51198
10/7/2008,192,188.3,192.09,188,47028
10/6/2008,184.35,184.35,184.68,184.35,7894
9/26/2008,193.69,195,195.46,192.88,23162
9/25/2008,197.28,195,197.48,194.47,28310
9/24/2008,196.28,195,196.66,193.38,36066
9/23/2008,196.3,199.38,199.5,196.25,39760
9/22/2008,191.7,191,191.86,189.5,34970
9/19/2008,187.31,189,189.7,185.8,50720
9/18/2008,182.86,182.86,182.86,182.86,1050
9/17/2008,174.55,174.66,174.88,173.41,22502
9/16/2008,172.97,174.02,174.38,171,44052
9/15/2008,170,168.9,170,168.4,26708
9/12/2008,169.73,168.9,169.8,168.4,25854
9/11/2008,168.93,169.2,169.9,168.5,21558
9/10/2008,173.21,170.81,173.85,170.71,25450
9/9/2008,178.48,179,179.27,177.5,18250
9/8/2008,181.23,181.4,182.09,180.8,17896
9/5/2008,178.08,176.5,178.33,176.3,15300
9/4/2008,180.3,179.8,180.32,179.35,14022
9/3/2008,178.7,180,180.24,178.1,16388
9/2/2008,179.66,180.5,181.4,179.37,17368
9/1/2008,184.91,185,185.18,184.5,8866
8/29/2008,185.45,184.38,185.75,184.35,10890
8/28/2008,185.75,185.11,186.12,184.72,11370
8/27/2008,184.85,184.49,185.34,184.15,12512
8/26/2008,182.3,182.05,183.35,181.56,15318
8/25/2008,182.81,182.51,183.18,181.1,15814
8/22/2008,186.59,187,187.3,186.12,15108
8/21/2008,184.3,183.3,184.55,182.73,17578
8/20/2008,182.41,183.03,183.29,181.86,19694
8/19/2008,176.44,178.28,178.72,176.18,24368
8/18/2008,181.44,179.33,181.52,178.81,22596
8/15/2008,176.1,176.28,177.87,176.1,27944
8/14/2008,186.09,186.6,186.87,184.04,22812
8/13/2008,184.5,180.1,184.6,179.1,38206
8/12/2008,182.82,182.82,182.82,182.82,2062
8/11/2008,191.4,192.31,193.38,191,17024
8/8/2008,194.11,194.5,194.87,193.52,14476
8/7/2008,197.4,196.02,197.49,196.02,9230
8/6/2008,196.91,195.77,196.95,195.1,13228
8/5/2008,196.75,197.8,199.46,195.8,20124
8/4/2008,203.35,201.66,203.38,201.66,10824
8/1/2008,201.6,201.5,201.97,201.31,9420
7/31/2008,202.84,201.27,202.9,201.02,18976
7/30/2008,202.11,202,202.4,201.3,9972
7/29/2008,204.68,205.41,205.7,204.59,8518
7/28/2008,204.3,205,205.2,203.93,9208
7/25/2008,205.22,203.88,205.78,203.88,11112
7/24/2008,203.4,202.29,204.38,200.45,19938
7/23/2008,206.6,209.98,209.98,206.5,23976
7/22/2008,214.11,212.61,214.2,212.5,15318
7/21/2008,211.95,211,212,210.81,14032
7/20/2008,211.36,209.99,211.5,209.52,12658
7/17/2008,211.12,211.5,211.5,210.8,6126
7/16/2008,211.62,211,212.49,211,17956
7/15/2008,213.9,212.88,213.92,212.75,17258
7/14/2008,212.2,212.46,212.5,211.5,15412
7/11/2008,208.41,208.11,208.5,207.85,11740
7/10/2008,205.59,205.8,206.15,204.73,12396
7/9/2008,204.27,203.58,204.58,202.66,11806
7/8/2008,205.75,204.18,206.3,204.18,12188
7/7/2008,203.61,205.88,205.98,203.51,13396
7/4/2008,206.31,206.31,206.88,206.3,11306
7/3/2008,208.3,208.1,208.69,207.65,14756
7/2/2008,208.06,207.95,208.63,207.45,13600
7/1/2008,205.55,204.5,205.75,204.03,12342
6/30/2008,205.71,205.51,205.85,204.7,13176
6/27/2008,202.58,202.99,203.49,202,14240
6/26/2008,197.28,196.88,197.68,196.8,10374
6/25/2008,196.91,196.35,197.4,196.35,6346
6/24/2008,196.59,197,197,196.18,13980
6/23/2008,200.95,200.01,201.24,199.88,12552
6/20/2008,199.88,198.72,200.23,198.3,14702
6/19/2008,198.33,198.02,198.58,197.7,10642
6/18/2008,196.86,197.05,197.45,196.3,9454
6/17/2008,197.61,195.87,197.77,195.72,24332
6/16/2008,193.85,195.5,195.88,193.8,14766
6/13/2008,194.69,194.5,195.3,194.5,13770
6/12/2008,194.13,196.5,196.7,193.61,20576
6/11/2008,195.6,194.99,195.69,194.4,18060
6/10/2008,198.4,198.5,198.85,197.6,14864
6/9/2008,197.28,196.99,197.75,196.36,13188
6/6/2008,197.28,196.99,197.75,196.36,13188
6/5/2008,196.55,195.96,196.55,195.5,13990
6/4/2008,196.15,195.51,196.63,195.33,13168
6/3/2008,199.84,197.61,200.16,197.61,17002
6/2/2008,196.35,197,197.59,196.01,18710
5/30/2008,195.07,196.5,197.3,195.02,17240
5/29/2008,200.33,202.2,202.45,200.09,20840
5/28/2008,203.38,203,203.4,202.61,12250
5/27/2008,206.8,208.11,208.11,206.75,10542
5/26/2008,207.13,206.5,207.58,206.4,8416
5/23/2008,204.7,204.63,204.82,204.08,12752
5/22/2008,208.02,208.16,208.25,207.16,15166
5/21/2008,204.68,204.99,205.74,204.6,17252
5/20/2008,203.33,202.68,203.5,202.01,12260
5/19/2008,203.48,202.11,203.98,202.01,15132
5/16/2008,197.86,197.3,198.1,196.8,13810
5/15/2008,195.3,194.16,195.35,193.5,10946
5/14/2008,194.63,194.8,194.8,194.1,8994
5/13/2008,196.6,197.26,197.49,196.55,8816
5/12/2008,197.38,198.15,198.38,197.03,11010
5/9/2008,197.48,196.5,197.48,196.5,14464
5/8/2008,194.15,194.5,194.5,193.85,10360
5/7/2008,194.96,196.5,196.78,194.8,12972
5/6/2008,196.03,196,196.3,195.51,12532
5/5/2008,194.63,194.99,195.38,194.21,16342
5/2/2008,195.98,195.48,196,194.13,20378
5/1/2008,195.98,195.48,196,194.13,20378
4/30/2008,195.98,195.48,196,194.13,20378
4/29/2008,198.62,199.5,199.75,198.25,9208
4/28/2008,199.94,198.97,200.35,198.8,10840
4/25/2008,198.22,198.5,198.66,197.81,12600
4/24/2008,202.6,201.5,203.45,201.4,11112
4/23/2008,203.4,204.97,204.97,202.5,8056
4/22/2008,203.77,203.5,204.78,203.5,7206
4/21/2008,204.5,206,206.8,204.26,15046
4/18/2008,210.15,209,210.7,209,9282
4/17/2008,210.66,209.8,211.09,209.38,16078
4/16/2008,207.03,206.7,207.5,205.7,16288
4/15/2008,208.62,206.2,208.65,205.8,20794
4/14/2008,205.4,201.5,205.5,201.5,15516
4/11/2008,204.56,206,206,204.16,17082
4/10/2008,207.5,208,208.09,206.86,18414
4/9/2008,203.35,204.82,204.95,202.86,20438
4/8/2008,204.81,206.45,206.99,204.03,22960
4/7/2008,205.36,205,205.5,204.05,14318
4/4/2008,202.35,202,202.45,201.13,19752
4/3/2008,202.35,202,202.45,201.13,19752
4/2/2008,199.13,200.18,202,198.11,36416
4/1/2008,203.22,206.23,206.37,198.88,33934
3/31/2008,208.98,209.02,209.47,208.41,14388
3/28/2008,211.76,213.11,213.28,211.2,13966
3/27/2008,213.3,213.98,214.5,213.1,18126
3/26/2008,211.8,212.97,213.45,211.58,26278
3/25/2008,210.19,209,210.85,208.1,25658
3/24/2008,206.81,209.75,209.99,206.31,26702
3/21/2008,210.11,209.48,210.47,207.58,24388
3/20/2008,214.55,214.55,214.55,214.55,6530
3/19/2008,226.2,225.5,226.29,225.5,18872
3/18/2008,227.58,226,228.19,226,35308
3/17/2008,232.36,231.22,233.59,231.22,42482
3/14/2008,227.87,228,228.6,227.57,23164
3/13/2008,226.48,226.51,226.98,225.35,19782
3/12/2008,224.26,224.97,225.25,223.79,14300
3/11/2008,224.6,225,225.47,224.11,13184
3/10/2008,225.2,226,226,224.63,15138
3/7/2008,227.58,226.5,227.63,226.5,14940
3/6/2008,227.95,227,228.69,227,22082
3/5/2008,224.75,224,224.99,223.5,23908
3/4/2008,227.2,229.02,229.85,226.73,31874
3/3/2008,228.45,226.55,228.99,226.23,41170
2/29/2008,225.43,226,226.5,225.23,31254
2/28/2008,223.5,225,225.5,223.42,22788
2/27/2008,224.68,224.9,226,224.02,37188
2/26/2008,219.43,222.96,222.96,218.92,46998
2/25/2008,225.78,223.6,225.8,223,39612
2/22/2008,222.45,221.5,224.45,221.5,40978
2/21/2008,223.58,221.81,224.1,221.81,50356
2/20/2008,219.81,222,222.25,219.51,50118
2/19/2008,218.38,215.51,218.38,215.5,42656
2/18/2008,215.48,215.2,215.7,214.2,22840
2/15/2008,216.25,216,216.51,215.33,22126
2/14/2008,216.1,214.6,216.18,214.43,29802
2/13/2008,213.69,216.01,216.16,213.5,22060
2/5/2008,215.26,215.5,215.58,214.7,17456
2/4/2008,215.6,216,216.94,215,31388
2/1/2008,218.75,220.61,221,218.56,28726
1/31/2008,219.35,220,221.04,218.22,43002
1/29/2008,222.56,223.6,224.3,222.56,47652
1/28/2008,220.33,219.6,221.97,219.2,62712
1/25/2008,219.8,220.1,221.4,218.32,72624
1/24/2008,216.7,213.02,217.08,212.61,57962
1/23/2008,212.51,212,214.25,210.9,60988
1/22/2008,206.41,208,209.5,204.72,78532
1/21/2008,214.2,214.7,216.33,213.8,43510
1/18/2008,214.7,214,214.9,212.42,58006
1/17/2008,216.47,214.03,216.8,213.5,61962
1/16/2008,215.89,220.6,220.6,215.4,94362
1/15/2008,223.8,220.7,224.6,220.3,88242
1/14/2008,220.1,218.85,220.25,217.6,60776
1/11/2008,218.1,218,219.23,215.5,85418
1/10/2008,215.12,222.5,222.85,213.7,87984
1/9/2008,223.3,230.95,230.99,221.88,103364
