5/13/2016,15020,15180,15275,14730,575576
5/12/2016,15180,15030,15260,14940,488800
5/11/2016,14905,14700,14935,14630,378172
5/10/2016,14715,14780,14795,14515,382792
5/9/2016,14745,14850,15135,14650,549774
5/6/2016,14865,14955,15010,14715,395974
5/5/2016,14900,14960,15080,14885,303390
5/4/2016,14925,15180,15260,14900,213356
5/3/2016,15345,15250,15390,15155,116524
5/2/2016,15185,14935,15360,14935,0
4/29/2016,15290,14930,15320,14890,306392
4/28/2016,14900,14985,15025,14790,275844
4/27/2016,14925,14910,15060,14805,267814
4/26/2016,14790,15080,15115,14775,351856
4/25/2016,15120,15100,15500,14965,490190
4/22/2016,15050,15420,15455,14825,620886
4/21/2016,15325,15200,15460,15040,653826
4/20/2016,15130,15170,15310,15030,532926
4/19/2016,15140,15200,15275,14945,543140
4/18/2016,14990,14900,15315,14815,713690
4/15/2016,14925,14980,15025,14760,485822
4/14/2016,14865,14810,15200,14740,779818
4/13/2016,14775,14280,14775,14235,561464
4/12/2016,14115,14020,14140,14015,243594
4/11/2016,14055,13980,14200,13965,307442
4/8/2016,13955,14050,14085,13900,330896
4/7/2016,14185,14200,14305,14160,235488
4/6/2016,14240,14390,14410,14220,235568
4/5/2016,14350,14380,14430,14345,2290
4/1/2016,14445,14200,14475,14155,242164
3/31/2016,14140,14140,14300,14075,153372
3/30/2016,14140,14250,14275,14080,140428
3/29/2016,14180,14265,14410,14125,91728
3/28/2016,14205,14285,14350,14205,150100
3/25/2016,14250,14120,14250,14060,167050
3/24/2016,14200,14385,14385,14180,336172
3/23/2016,14385,14445,14520,14355,293180
3/22/2016,14440,14450,14585,14400,403238
3/21/2016,14400,14460,14560,14290,448350
3/18/2016,14405,14185,14595,14170,614274
3/17/2016,14170,13930,14185,13920,400660
3/16/2016,13970,13990,14075,13825,518388
3/15/2016,14060,14200,14245,14025,438642
3/14/2016,14180,14115,14335,14100,513666
3/11/2016,14160,14095,14165,13985,449450
3/10/2016,14065,14190,14295,14030,566740
3/9/2016,14090,14355,14370,13785,785172
3/8/2016,14290,14485,14615,14165,850516
3/7/2016,14420,14490,14785,14355,1033434
3/4/2016,14480,14490,14680,14410,627482
3/3/2016,14420,14360,14480,14315,495832
3/2/2016,14370,14215,14430,14120,395026
3/1/2016,14100,14215,14215,13860,352114
2/29/2016,14050,13980,14235,13935,647704
2/26/2016,13945,14120,14140,13815,666318
2/25/2016,14070,13965,14360,13915,602836
2/24/2016,13955,14115,14125,13870,434868
2/23/2016,14140,14270,14320,14060,461744
2/22/2016,14220,13945,14285,13870,446626
2/19/2016,13915,13615,13960,13605,425508
2/18/2016,13615,13580,13650,13535,255860
2/17/2016,13555,13660,13720,13505,288158
2/16/2016,13660,13735,13830,13615,310634
2/15/2016,13815,13780,13960,13720,165790
2/5/2016,13835,13890,13970,13705,258254
2/4/2016,13945,13480,14010,13455,386774
2/3/2016,13490,13400,13510,13275,243488
2/2/2016,13340,13205,13365,13145,189248
2/1/2016,13140,13080,13210,13000,245050
1/29/2016,13080,12965,13085,12910,280098
1/28/2016,12980,13100,13100,12955,358634
1/27/2016,13095,12950,13140,12895,468614
1/26/2016,12795,12790,12840,12725,274738
1/25/2016,12760,12850,12890,12685,273002
1/22/2016,12785,12635,12865,12630,402478
1/21/2016,12625,12715,12760,12595,396170
1/20/2016,12720,12865,12875,12660,397918
1/19/2016,12830,12650,12880,12640,495620
1/18/2016,12690,12470,12775,12440,500620
1/15/2016,12530,12610,12810,12515,609326
1/14/2016,12620,12500,12675,12440,496748
1/13/2016,12490,12465,12535,12380,477974
1/12/2016,12375,12805,12865,12335,534352
1/11/2016,12840,12850,12960,12765,413970
1/8/2016,12885,12800,12965,12670,574042
1/7/2016,12885,13020,13120,12835,454548
1/6/2016,13070,13255,13300,13030,382576
1/5/2016,13335,13135,13345,13135,238844
1/4/2016,13165,13415,13450,13140,167156
12/31/2015,13440,13410,13500,13360,201488
12/30/2015,13385,13205,13460,13155,271934
12/29/2015,13140,12900,13140,12895,343090
12/28/2015,12930,13140,13195,12925,375080
12/25/2015,13140,12970,13160,12950,402672
12/24/2015,12985,12900,13140,12880,573258
12/23/2015,12905,12810,12940,12705,421568
12/22/2015,12815,12830,12955,12780,438996
12/21/2015,12865,12695,12890,12600,518612
12/18/2015,12645,12480,12705,12440,656016
12/17/2015,12550,12625,12830,12485,773964
12/16/2015,12630,12655,12745,12600,484140
12/15/2015,12725,12760,12910,12715,554760
12/14/2015,12900,12835,12950,12755,620438
12/11/2015,12900,12540,12905,12515,526448
12/10/2015,12565,12675,12780,12560,562760
12/9/2015,12650,12490,12670,12430,600640
12/8/2015,12540,12765,12810,12500,639536
12/7/2015,12830,12700,12835,12545,630388
12/4/2015,12590,12435,12630,12415,745564
12/3/2015,12460,12520,12685,12425,802192
12/2/2015,12550,12710,12905,12530,701382
12/1/2015,12745,12865,12915,12650,539114
11/30/2015,12800,12795,12890,12645,404718
11/27/2015,12960,13160,13305,12805,528488
11/26/2015,13130,12700,13440,12605,582210
11/25/2015,12815,12735,13105,12685,1425854
11/24/2015,12825,12335,12920,12215,1719622
11/23/2015,12355,12620,12740,12030,1844238
11/20/2015,12525,12000,12595,11815,1584570
11/19/2015,12040,12430,12430,11920,970718
11/18/2015,12450,12680,12775,12300,755738
11/17/2015,12615,12935,12940,12490,789042
11/16/2015,12900,12960,13095,12870,452030
11/13/2015,12955,12870,13125,12780,828736
11/12/2015,13030,12860,13120,12735,734854
11/11/2015,12800,13200,13215,12770,873074
11/10/2015,13225,13540,13565,13050,436190
11/9/2015,13525,13510,13595,13450,306784
11/6/2015,13560,13505,13600,13405,360174
11/5/2015,13530,13725,13875,13515,320090
11/4/2015,13780,13650,13810,13565,272078
11/3/2015,13695,13725,13825,13665,162486
11/2/2015,13765,13705,13805,13650,160314
10/30/2015,13730,13990,14045,13715,184758
10/29/2015,14130,14080,14220,13995,226642
10/28/2015,14105,14185,14215,14090,210216
10/27/2015,14225,14130,14270,14090,294908
10/26/2015,14170,14215,14230,14020,327256
10/23/2015,14195,14140,14265,13975,433576
10/22/2015,14020,14150,14170,13845,526520
10/21/2015,14225,14250,14370,14185,254528
10/20/2015,14230,14230,14290,14150,297862
10/19/2015,14255,14400,14455,14250,337782
10/16/2015,14395,14530,14590,14375,299172
10/15/2015,14530,14520,14635,14500,380976
10/14/2015,14455,14505,14605,14370,415230
10/13/2015,14565,14570,14625,14365,459812
10/12/2015,14690,14675,14755,14395,652134
10/9/2015,14295,13650,14400,13585,520302
10/8/2015,13830,14440,14440,13830,3302
10/1/2015,13655,13570,13840,13515,0
9/30/2015,13820,13570,13840,13515,120964
9/29/2015,13435,13300,13500,13270,117632
9/28/2015,13450,13550,13650,13450,86072
9/25/2015,13705,13780,13960,13640,381652
9/24/2015,13820,13695,14030,13550,329878
9/23/2015,13625,13505,13650,13370,315708
9/22/2015,13530,13720,13750,13480,282430
9/21/2015,13685,14200,14200,13660,340758
9/18/2015,14310,14380,14445,14310,117146
9/17/2015,14455,14400,14540,14380,134736
9/16/2015,14440,14365,14475,14310,146522
9/15/2015,14380,14605,14615,14370,165008
9/14/2015,14695,14825,14860,14680,113968
9/11/2015,14935,14870,14940,14825,120726
9/10/2015,14915,14960,14970,14805,97632
9/9/2015,14905,14730,15010,14700,182242
9/8/2015,14630,14730,14745,14520,122500
9/7/2015,14850,14850,14890,14810,1630
9/3/2015,14740,14690,14815,14670,0
9/2/2015,14810,14690,14815,14670,71022
9/1/2015,14680,14610,14785,14565,64450
8/31/2015,14655,14720,14835,14650,78952
8/28/2015,14700,14560,14790,14505,135956
8/27/2015,14470,14340,14495,14305,153528
8/26/2015,14445,14555,14660,14405,103610
8/25/2015,14360,14250,14500,14230,170648
8/24/2015,14325,14605,14715,14210,170372
8/21/2015,14700,14930,14960,14685,110240
8/20/2015,14740,14680,14805,14650,92484
8/19/2015,14695,14600,14700,14560,95836
8/18/2015,14690,14850,14935,14680,103848
8/17/2015,14905,14990,14990,14810,108446
8/14/2015,14870,14905,14995,14840,109444
8/13/2015,14980,14900,15070,14700,181970
8/12/2015,14805,14520,14885,14440,321588
8/11/2015,14680,14540,14755,14530,233152
8/10/2015,14530,14310,14595,14270,190408
8/7/2015,14410,14550,14580,14265,260896
8/6/2015,14625,14680,14710,14575,109062
8/5/2015,14735,14810,14870,14645,104676
8/4/2015,14735,14580,14780,14510,133682
8/3/2015,14585,14815,14970,14540,176040
7/31/2015,14885,14820,14975,14735,98136
7/30/2015,14850,15030,15050,14815,97684
7/29/2015,15100,14900,15200,14885,115426
7/28/2015,14835,14680,14870,14645,79694
7/27/2015,14750,15000,15020,14715,114228
7/24/2015,14985,15210,15260,14940,118164
7/23/2015,15250,15185,15270,15080,110774
7/22/2015,15205,15550,15575,15150,114706
7/21/2015,15580,15500,15600,15450,87172
7/20/2015,15550,15625,15715,15480,132424
7/17/2015,15665,15695,15715,15610,117464
7/16/2015,15760,15780,15805,15610,172932
7/15/2015,15695,15470,15720,15370,151268
7/14/2015,15470,15445,15595,15410,137360
7/13/2015,15245,15295,15330,15170,93580
7/10/2015,15290,15280,15475,15165,180552
7/9/2015,15195,14750,15335,14700,249260
7/8/2015,14560,15200,15200,14500,454494
7/7/2015,15215,15205,15420,15120,137072
7/6/2015,15145,15470,15485,15010,151242
7/3/2015,15520,15635,15635,15480,970
7/1/2015,15235,15235,15340,15125,134916
6/30/2015,15220,15410,15435,15215,122568
6/29/2015,15400,15600,15620,15380,104818
6/26/2015,15625,15625,15680,15575,78198
6/25/2015,15630,15785,15790,15600,68704
6/24/2015,15790,15600,15795,15580,63460
6/23/2015,15585,15640,15700,15575,2490
6/19/2015,15695,15895,15900,15670,112360
6/18/2015,15885,16000,16005,15820,84770
6/17/2015,15900,16095,16120,15300,94912
6/16/2015,16095,16060,16145,16040,60406
6/15/2015,16090,16165,16255,16085,75954
6/12/2015,16130,16280,16305,16100,118598
6/11/2015,16285,16430,16460,16255,94234
6/10/2015,16420,16400,16475,16380,88160
6/9/2015,16330,16285,16375,16275,84136
6/8/2015,16275,16230,16320,16210,80784
6/5/2015,16210,16400,16470,16200,138962
6/4/2015,16405,16400,16460,16285,126954
6/3/2015,16345,16530,16640,16290,180892
6/2/2015,16540,16505,16605,16450,135802
6/1/2015,16615,16740,16795,16610,142398
5/29/2015,16850,16880,16935,16720,172352
5/28/2015,16835,16550,16840,16550,189616
5/27/2015,16630,16500,16675,16470,93034
5/26/2015,16525,16555,16700,16520,73566
5/25/2015,16520,16480,16550,16400,61340
5/22/2015,16615,16540,16685,16535,78870
5/21/2015,16620,16600,16715,16485,111624
5/20/2015,16630,16770,16770,16580,140786
5/19/2015,16865,16835,16910,16770,85834
5/18/2015,16875,16860,16915,16740,123096
5/15/2015,16935,16940,16990,16840,121098
5/14/2015,17000,17150,17450,16890,173986
5/13/2015,17140,17020,17145,16940,147674
5/12/2015,16870,17000,17025,16820,162110
5/11/2015,17095,17120,17190,16925,160890
5/8/2015,17105,17250,17290,17045,165746
5/7/2015,17185,17350,17440,17140,157446
5/6/2015,17370,17195,17470,17180,265506
5/5/2015,17070,17210,17250,17015,133992
5/4/2015,17210,17130,17240,17070,113462
4/30/2015,17000,16870,17110,16820,196162
4/29/2015,16860,17000,17070,16765,140410
4/28/2015,17015,16860,17150,16855,175154
4/27/2015,16810,16670,16905,16610,155364
4/24/2015,16595,16570,16615,16505,55146
4/23/2015,16590,16655,16680,16460,74896
4/22/2015,16555,16440,16590,16420,68304
4/21/2015,16420,16420,16530,16350,92344
4/20/2015,16475,16590,16710,16450,100654
4/17/2015,16620,16605,16745,16525,115488
4/16/2015,16560,16400,16590,16380,149780
4/15/2015,16425,16350,16470,16300,108834
4/14/2015,16330,16475,16480,16255,134046
4/13/2015,16410,16375,16470,16330,136374
4/10/2015,16360,16215,16375,16200,176474
4/9/2015,16165,16190,16240,16105,83652
4/8/2015,16190,16230,16300,16140,118158
4/7/2015,16215,16160,16245,16135,69500
4/3/2015,16160,16050,16195,16030,149792
4/2/2015,16000,15925,16055,15925,102918
4/1/2015,15975,15975,16025,15910,85624
3/31/2015,15985,16030,16090,15980,115234
3/30/2015,15965,15965,16020,15935,77676
3/27/2015,15945,16030,16075,15910,111646
3/26/2015,15965,15935,16015,15915,96702
3/25/2015,15910,15930,15995,15875,85430
3/24/2015,15910,15920,16050,15855,109732
3/23/2015,15845,15700,15950,15675,129414
3/20/2015,15650,15650,15705,15620,77164
3/19/2015,15625,15620,15680,15520,102596
3/18/2015,15615,15650,15710,15600,69740
3/17/2015,15690,15765,15810,15655,96242
3/16/2015,15815,15695,15840,15650,124646
3/13/2015,15730,15700,15750,15635,107798
3/12/2015,15720,15725,15750,15585,132136
3/11/2015,15695,15700,15780,15640,88516
3/10/2015,15750,15725,15830,15710,94936
3/9/2015,15740,15735,15845,15670,128336
3/6/2015,15725,15810,15890,15700,104098
3/5/2015,15815,15915,15945,15780,102366
3/4/2015,15875,15920,15985,15860,115424
3/3/2015,15960,16100,16110,15955,129158
3/2/2015,16145,16075,16210,16000,159870
2/27/2015,16050,16080,16120,15980,158808
2/26/2015,16025,16010,16075,15950,124446
2/25/2015,16135,16190,16190,15955,8190
2/17/2015,16320,16410,16445,16310,41974
2/16/2015,16405,16375,16440,16330,54168
2/13/2015,16350,16275,16375,16265,100600
2/12/2015,16225,16210,16240,16115,71682
2/11/2015,16190,16300,16310,16160,107608
2/10/2015,16355,16380,16430,16325,70872
2/9/2015,16355,16450,16455,16310,107594
2/6/2015,16400,16225,16405,16195,117836
2/5/2015,16270,16340,16380,16235,120522
2/4/2015,16330,16370,16465,16290,173136
2/3/2015,16280,16200,16325,16145,133202
2/2/2015,16195,16145,16260,16095,152516
1/30/2015,16025,16020,16135,16000,141942
1/29/2015,16090,16310,16320,16070,151370
1/28/2015,16335,16315,16345,16195,139784
1/27/2015,16280,16150,16395,16110,170474
1/26/2015,16115,16170,16245,15915,285934
1/23/2015,16235,16385,16460,16200,249750
1/22/2015,16360,16120,16440,16110,285218
1/21/2015,16155,16140,16210,16055,181386
1/20/2015,16035,15980,16100,15920,166498
1/19/2015,16065,15830,16080,15800,256384
1/16/2015,15810,15915,15990,15740,260228
1/15/2015,15870,15760,15960,15680,501186
1/14/2015,15630,16080,16165,15550,573954
1/13/2015,16255,16310,16395,16250,153358
1/12/2015,16410,16455,16590,16375,182332
1/9/2015,16455,16595,16600,16410,203098
1/8/2015,16465,16560,16610,16420,180220
1/7/2015,16630,16790,16790,16590,174974
1/6/2015,16740,16525,16800,16500,239488
1/5/2015,16720,16710,16870,16625,189904
12/31/2014,16780,16420,16800,16415,309222
12/30/2014,16400,16345,16450,16310,141782
12/29/2014,16430,16395,16505,16290,133126
12/26/2014,16350,16380,16460,16350,78844
12/25/2014,16380,16335,16405,16295,74294
12/24/2014,16400,16325,16470,16280,125642
12/23/2014,16370,16350,16380,16285,129240
12/22/2014,16340,16300,16390,16240,144260
12/19/2014,16150,16000,16190,15975,173724
12/18/2014,15905,16200,16305,15900,349122
12/17/2014,16255,16335,16380,16245,194646
12/16/2014,16390,16530,16565,16380,143992
12/15/2014,16565,16450,16620,16430,140776
12/12/2014,16465,16345,16530,16345,220460
12/11/2014,16400,16550,16590,16320,303054
12/10/2014,16600,16480,16730,16475,273522
12/9/2014,16570,16610,16695,16470,211862
12/8/2014,16625,16725,16770,16615,166968
12/5/2014,16705,16580,16780,16570,260234
12/4/2014,16690,16515,16700,16420,283304
12/3/2014,16515,16475,16570,16440,264136
12/2/2014,16530,16375,16640,16375,264672
12/1/2014,16365,16610,16640,16195,381354
11/28/2014,16740,16825,16860,16670,190676
11/27/2014,16855,16870,16890,16765,168494
11/26/2014,16805,16970,16995,16755,313996
11/25/2014,16990,16945,17000,16835,235732
11/24/2014,16875,17060,17165,16810,402994
11/21/2014,16855,16650,16895,16620,324582
11/20/2014,16685,16665,16760,16650,261276
11/19/2014,16665,16700,16735,16600,262796
11/18/2014,16780,16660,16815,16630,255820
11/17/2014,16705,16620,16825,16590,307112
11/14/2014,16590,16760,16775,16550,325412
11/13/2014,16745,16715,16815,16705,259710
11/12/2014,16715,16675,16855,16670,273336
11/11/2014,16700,16795,16825,16660,245804
11/10/2014,16760,16550,16795,16530,326474
11/7/2014,16555,16380,16580,16355,340062
11/6/2014,16390,16350,16530,16320,402428
11/5/2014,16380,16705,16715,16350,596922
11/4/2014,16935,16830,17050,16790,402270
11/3/2014,16775,16895,16940,16715,423844
10/31/2014,16880,16610,16905,16565,397238
10/30/2014,16590,16585,16785,16560,299414
10/29/2014,16565,16530,16595,16440,157320
10/28/2014,16530,16615,16625,16510,146222
10/27/2014,16555,16660,16670,16505,242234
10/24/2014,16640,16590,16680,16560,288262
10/23/2014,16615,16400,16665,16350,426228
10/22/2014,16355,16250,16380,16225,346806
10/21/2014,16150,16170,16290,16140,382186
10/20/2014,16265,16250,16395,16225,411716
10/17/2014,16170,16140,16285,16055,586842
10/16/2014,16290,16535,16610,16225,712802
10/15/2014,16705,16790,16870,16605,621678
10/14/2014,16805,16830,16860,16765,272048
10/13/2014,16805,16650,16880,16630,403972
10/10/2014,16645,16865,16985,16605,509334
10/9/2014,16915,16900,16940,16675,427698
10/8/2014,16870,16900,16930,16825,1448
9/30/2014,16800,16430,16835,16380,336026
9/29/2014,16430,16410,16505,16325,186442
9/26/2014,16440,16370,16530,16295,283028
9/25/2014,16385,16270,16545,16260,333856
9/24/2014,16345,16175,16410,16140,244284
9/23/2014,16090,15950,16200,15925,445116
9/22/2014,15935,16360,16410,15855,809478
9/19/2014,16295,16220,16450,16205,535568
9/18/2014,16250,16265,16370,16235,387446
9/17/2014,16425,16235,16590,16135,662082
9/16/2014,16255,16265,16375,16230,464886
9/15/2014,16330,16395,16455,16205,607154
9/12/2014,16420,16270,16450,16215,726242
9/11/2014,16270,16335,16555,16230,842662
9/10/2014,16415,16675,16710,16180,943700
9/9/2014,16720,17150,17165,16660,415456
9/5/2014,17210,17300,17330,17080,438970
9/4/2014,17150,16930,17180,16915,535526
9/3/2014,16930,16980,17155,16885,576302
9/2/2014,17010,16710,17085,16630,523474
9/1/2014,16715,16795,16880,16705,390796
8/29/2014,16725,16840,16850,16600,397696
8/28/2014,16830,16800,16915,16780,217404
8/27/2014,16845,16990,17045,16800,267446
8/26/2014,16915,16770,16925,16675,320364
8/25/2014,16740,16845,16860,16660,396736
8/22/2014,16870,16850,16955,16775,531702
8/21/2014,16830,16780,16890,16750,461768
8/20/2014,16745,16595,16765,16555,543144
8/19/2014,16555,16430,16580,16425,438488
8/18/2014,16450,16380,16510,16365,401312
8/15/2014,16455,16460,16525,16345,567550
8/14/2014,16440,16545,16585,16335,606510
8/13/2014,16580,16805,16825,16570,582714
8/12/2014,16760,16725,16815,16560,633080
8/11/2014,16640,16665,16725,16585,480254
8/8/2014,16640,16820,16960,16595,753548
8/7/2014,16960,16755,17040,16755,505750
8/6/2014,16875,16950,17010,16825,425800
8/5/2014,17045,16950,17190,16950,551454
8/4/2014,16830,16785,16895,16715,485704
8/1/2014,16815,16850,16900,16680,636368
7/31/2014,16860,16930,17015,16805,762840
7/30/2014,16810,17200,17205,16680,882694
7/29/2014,17370,17355,17480,17315,396868
7/28/2014,17380,17370,17460,17210,491692
7/25/2014,17370,17160,17400,17080,368416
7/24/2014,17100,17125,17210,17000,272746
7/23/2014,17175,17060,17180,16935,232710
7/22/2014,17015,16935,17185,16895,388368
7/21/2014,16705,16575,16755,16510,450656
7/18/2014,16575,16685,16720,16570,403962
7/17/2014,16615,16650,16705,16520,441558
7/16/2014,16610,16570,16790,16540,697802
7/15/2014,16615,16410,16620,16350,443572
7/14/2014,16410,16270,16550,16215,433208
7/11/2014,16250,16235,16310,16205,247368
7/10/2014,16320,16410,16440,16155,422054
7/9/2014,16385,16470,16515,16215,480298
7/8/2014,16390,16200,16455,16155,524118
7/7/2014,16040,16240,16245,15950,318746
7/4/2014,16230,16130,16285,16075,393256
7/3/2014,16210,15865,16320,15865,539942
7/2/2014,15775,15940,15990,15460,221190
7/1/2014,16040,15975,16140,15890,241982
6/30/2014,15945,15785,15950,15745,119178
6/27/2014,15770,15805,15870,15730,107546
6/26/2014,15795,15660,15825,15650,103444
6/25/2014,15715,15710,15725,15615,66500
6/24/2014,15670,15810,15840,15605,99674
6/23/2014,15765,15765,15810,15705,80962
6/20/2014,15765,15650,15815,15630,95574
6/19/2014,15525,15540,15580,15455,71580
6/18/2014,15500,15475,15590,15445,106278
6/17/2014,15450,15375,15475,15375,59458
6/16/2014,15360,15360,15445,15325,83808
6/13/2014,15365,15525,15550,15300,177058
6/12/2014,15500,15590,15640,15460,170292
6/11/2014,15630,15390,15725,15330,276468
6/10/2014,15395,15360,15415,15315,78392
6/9/2014,15375,15360,15410,15325,44440
6/6/2014,15265,15150,15275,15145,15050
6/5/2014,15190,15195,15220,15180,4962
6/4/2014,15170,15150,15180,15130,4142
6/3/2014,15190,15180,15210,15150,5036
5/30/2014,15150,15105,15170,15100,20142
5/29/2014,15135,15105,15145,15100,7462
5/28/2014,15215,15230,15230,15200,4806
5/27/2014,15245,15230,15270,15210,4236
5/26/2014,15260,15235,15285,15230,776
5/23/2014,15245,15245,15260,15230,2564
5/22/2014,15225,15210,15245,15210,1732
5/21/2014,15185,15160,15190,15150,3576
5/20/2014,15220,15230,15230,15195,2886
5/19/2014,15245,15265,15275,15245,3158
5/16/2014,15210,15195,15215,15175,2146
5/15/2014,15190,15245,15255,15180,4572
5/14/2014,15275,15280,15295,15250,7000
5/13/2014,15195,15240,15250,15190,4718
5/12/2014,15255,15250,15320,15245,14872
5/9/2014,15095,15090,15120,15070,4400
5/8/2014,15065,15070,15085,15030,16662
5/7/2014,15085,15130,15135,15080,9030
5/6/2014,15130,15110,15130,15100,3936
5/5/2014,15120,15130,15145,15110,3338
4/30/2014,15070,15080,15090,15020,21934
4/29/2014,15070,15080,15090,15060,4366
4/28/2014,15125,15125,15150,15120,5356
4/25/2014,15175,15220,15220,15175,7662
4/24/2014,15200,15230,15240,15165,14058
4/23/2014,15115,15125,15155,15105,11800
4/22/2014,15150,15125,15180,15115,10394
4/21/2014,15065,15075,15075,15050,1384
4/18/2014,15055,15060,15075,15050,1602
4/17/2014,15075,15110,15125,15070,3890
4/16/2014,15030,14980,15065,14980,4602
4/15/2014,14950,14920,14975,14895,6014
4/14/2014,15000,15000,15030,14990,5802
4/11/2014,14945,14970,14995,14915,9462
4/10/2014,14970,14980,14980,14955,4610
4/9/2014,14925,14940,14945,14890,9684
4/8/2014,14950,14910,14950,14900,8362
4/4/2014,14860,14830,14865,14810,16626
4/3/2014,14830,14830,14850,14810,3168
4/2/2014,14820,14875,14875,14820,5084
4/1/2014,14775,14810,14815,14760,9644
3/31/2014,14820,14850,14855,14810,5746
3/28/2014,14865,14880,14895,14860,7390
3/27/2014,14820,14825,14840,14810,6116
3/26/2014,14830,14840,14850,14810,9932
3/25/2014,14865,14855,14910,14825,20818
3/24/2014,14750,14775,14815,14740,13200
3/21/2014,14780,14785,14810,14735,13802
3/20/2014,14725,14720,14775,14705,19972
3/19/2014,14860,14705,14890,14620,51774
3/18/2014,14760,14695,14770,14690,11936
3/17/2014,14670,14695,14730,14670,5110
3/14/2014,14770,14845,14845,14725,11714
3/13/2014,14790,14750,14820,14750,13876
3/12/2014,14855,14855,14895,14815,22848
3/11/2014,14765,14920,14935,14755,33522
3/10/2014,14845,14750,14875,14735,29052
3/7/2014,14935,14990,14990,14810,106776
3/6/2014,15210,15185,15235,15175,13972
3/5/2014,15250,15280,15305,15250,16082
3/4/2014,15320,15230,15395,15185,51466
3/3/2014,15100,15070,15100,15050,14328
2/28/2014,15150,15175,15180,15145,11566
2/27/2014,15150,15105,15160,15065,18214
2/26/2014,15140,15190,15230,15120,19638
2/25/2014,15095,15075,15135,15040,16332
2/24/2014,15085,15065,15095,15005,15670
2/21/2014,15210,15220,15265,15200,5618
2/20/2014,15210,15175,15220,15160,10396
2/19/2014,15255,15305,15305,15230,18360
2/18/2014,15220,15195,15240,15190,9896
2/17/2014,15205,15215,15230,15185,7032
2/14/2014,15170,15140,15205,15135,19090
2/13/2014,15090,15080,15090,15045,6184
2/12/2014,15090,15085,15100,15070,5406
2/11/2014,15060,15050,15070,15005,10974
2/10/2014,15080,15135,15170,15040,11492
2/7/2014,15085,15095,15115,15070,10088
1/30/2014,15020,15065,15070,14985,23574
1/29/2014,15025,15065,15070,15000,7698
1/28/2014,15020,15060,15105,15020,12396
1/27/2014,15060,15065,15100,15055,10372
1/24/2014,15110,15180,15195,15100,23916
1/23/2014,15210,15235,15320,15195,32644
1/22/2014,15300,15250,15325,15230,21276
1/21/2014,15260,15215,15290,15165,21220
1/20/2014,15250,15225,15265,15225,4446
1/17/2014,15255,15280,15310,15220,12598
1/16/2014,15270,15275,15325,15240,17510
1/15/2014,15220,15155,15240,15115,12040
1/14/2014,15215,15225,15275,15195,23334
1/13/2014,15140,15055,15150,15040,15192
1/10/2014,15090,15060,15160,15050,18482
1/9/2014,14965,14995,15000,14930,24296
1/8/2014,15005,15075,15095,14970,26372
1/7/2014,15065,15080,15085,15030,15932
1/6/2014,15050,14985,15060,14975,24194
1/3/2014,14985,15100,15105,14970,47502
1/2/2014,15240,15260,15280,15210,26866
12/31/2013,15195,15220,15285,15165,88138
12/30/2013,15250,15220,15265,15165,42252
12/27/2013,15320,15295,15355,15280,51246
12/26/2013,15180,15225,15260,15135,37210
12/25/2013,15400,15410,15425,15345,46828
12/24/2013,15350,15280,15355,15260,52136
12/23/2013,15190,15225,15250,15185,42838
12/20/2013,15260,15280,15295,15215,56594
12/19/2013,15070,15070,15125,15050,34744
12/18/2013,15070,15110,15125,15055,29574
12/17/2013,15095,15130,15135,15095,31234
12/16/2013,15070,15090,15095,15050,24070
12/13/2013,15000,15060,15060,14990,30594
12/12/2013,15080,15100,15100,15065,26632
12/11/2013,15010,15050,15060,14930,35606
12/10/2013,14970,14940,14980,14925,35632
12/9/2013,14860,14840,14870,14830,15184
12/6/2013,14840,14820,14850,14790,13542
12/5/2013,14805,14815,14840,14790,20956
12/4/2013,14755,14750,14780,14745,14562
12/3/2013,14750,14750,14770,14730,19286
12/2/2013,14785,14765,14785,14745,18010
11/29/2013,14750,14780,14790,14735,32192
11/28/2013,14760,14750,14780,14725,32644
11/27/2013,14800,14800,14830,14790,19448
11/26/2013,14840,14860,14860,14820,18896
11/25/2013,14830,14900,14920,14830,19732
11/22/2013,14830,14845,14850,14815,17812
11/21/2013,14820,14845,14845,14790,27890
11/19/2013,14785,14790,14835,14775,31200
11/18/2013,14865,14840,14880,14830,24056
11/15/2013,14805,14835,14865,14805,30242
11/14/2013,14830,14785,14860,14780,29806
11/13/2013,14765,14810,14835,14765,24452
11/12/2013,14845,14900,14905,14835,31826
11/11/2013,14920,14975,14985,14910,20442
11/8/2013,14950,14930,14950,14930,21340
11/7/2013,14975,14940,14990,14920,18098
11/6/2013,14980,14965,15015,14965,20568
11/5/2013,14980,14990,15010,14965,18908
11/4/2013,15010,14990,15030,14970,30458
11/1/2013,15075,14970,15085,14940,27142
10/31/2013,14990,15160,15160,14560,109874
10/30/2013,15180,15120,15225,15105,70756
10/29/2013,15145,15105,15150,15065,53706
10/28/2013,15070,15030,15100,15020,48040
10/25/2013,14950,15015,15095,14950,57282
10/24/2013,15015,15000,15020,14930,40124
10/23/2013,15040,15150,15160,15040,62016
10/22/2013,15095,15080,15110,15050,46916
10/21/2013,15115,14960,15120,14910,92234
10/18/2013,14950,14930,14985,14930,37274
10/17/2013,14890,14975,15005,14865,41696
10/16/2013,14935,14960,14970,14865,47596
10/15/2013,14945,15025,15030,14915,49856
10/14/2013,14980,14960,14995,14885,43832
10/11/2013,14945,14865,14970,14860,74154
10/10/2013,14845,14750,14850,14730,36180
10/9/2013,14785,14780,14820,14760,31216
10/8/2013,14745,14700,14760,14680,14586
9/30/2013,14850,14785,14860,14770,24756
9/27/2013,14765,14780,14800,14735,25074
9/26/2013,14775,14735,14780,14705,22394
9/25/2013,14740,14700,14765,14700,22872
9/24/2013,14715,14765,14765,14695,20228
9/23/2013,14705,14650,14720,14585,32260
9/18/2013,14670,14630,14680,14610,24486
9/17/2013,14660,14645,14670,14600,35964
9/16/2013,14655,14760,14775,14650,55116
9/13/2013,14790,14685,14800,14680,56176
9/12/2013,14665,14720,14750,14640,34756
9/11/2013,14750,14720,14780,14720,33982
9/10/2013,14750,14785,14795,14725,39064
9/9/2013,14860,14805,14885,14790,40916
9/6/2013,14750,14710,14760,14670,37210
9/5/2013,14695,14720,14755,14685,59494
9/4/2013,14800,14865,14880,14765,42310
9/3/2013,14870,14935,14940,14840,46648
9/2/2013,14940,14800,14975,14790,69648
8/30/2013,14840,14900,14935,14820,59408
8/29/2013,14965,15005,15015,14930,55432
8/28/2013,15045,15120,15200,15020,75470
8/27/2013,15130,15180,15200,15105,48382
8/26/2013,15210,15285,15285,15180,54760
8/23/2013,15100,15115,15195,15055,52104
8/22/2013,15160,15005,15175,14905,60974
8/21/2013,15095,15080,15120,15025,39440
8/20/2013,15025,15205,15225,15005,79232
8/19/2013,15225,15280,15300,15185,68818
8/16/2013,15170,14975,15210,14975,95042
8/15/2013,14925,14950,14950,14895,47080
8/14/2013,14855,14890,14920,14835,47728
8/13/2013,14910,14950,14950,14860,54332
8/12/2013,14940,14935,14955,14875,90052
8/9/2013,14735,14720,14760,14685,52122
8/8/2013,14650,14560,14665,14560,63764
8/7/2013,14550,14550,14580,14530,27540
8/6/2013,14595,14590,14605,14565,21328
8/5/2013,14615,14575,14620,14555,32858
8/2/2013,14525,14565,14565,14510,27948
8/1/2013,14530,14520,14560,14500,37334
7/31/2013,14485,14430,14510,14405,47576
7/30/2013,14465,14520,14545,14460,39420
7/29/2013,14525,14520,14575,14510,38222
7/26/2013,14605,14650,14670,14595,12876
7/25/2013,14690,14645,14710,14600,20844
7/24/2013,14640,14655,14670,14590,17730
7/23/2013,14620,14630,14665,14605,19172
7/22/2013,14625,14560,14630,14550,33736
7/19/2013,14500,14535,14580,14490,25742
7/18/2013,14520,14555,14575,14510,36368
7/17/2013,14635,14715,14720,14620,39434
7/16/2013,14725,14680,14730,14650,27710
7/15/2013,14690,14680,14720,14660,33194
7/12/2013,14660,14765,14765,14620,45982
7/11/2013,14785,14705,14880,14670,103444
7/10/2013,14560,14515,14585,14470,50226
7/9/2013,14530,14500,14560,14425,56358
7/8/2013,14425,14475,14480,14410,47586
7/5/2013,14480,14520,14550,14470,46480
7/4/2013,14550,14570,14595,14515,45732
7/3/2013,14645,14600,14680,14580,51176
7/2/2013,14640,14580,14645,14550,60204
7/1/2013,14540,14420,14545,14405,54638
6/28/2013,14420,14380,14445,14350,48820
6/27/2013,14420,14370,14440,14330,53890
6/26/2013,14315,14435,14500,14305,77182
6/25/2013,14380,14310,14420,14225,80096
6/24/2013,14280,14435,14440,14265,72218
6/21/2013,14440,14315,14470,14255,88146
6/20/2013,14380,14480,14480,14355,68372
6/19/2013,14530,14540,14540,14500,16104
6/18/2013,14515,14565,14580,14500,26264
6/17/2013,14580,14530,14610,14530,24258
6/14/2013,14525,14515,14550,14480,43296
6/13/2013,14575,14540,14620,14530,62072
6/7/2013,14845,14845,14855,14805,41182
6/6/2013,14845,14865,14885,14810,62118
6/5/2013,14915,14870,14930,14840,72952
6/4/2013,14795,14920,14940,14770,92164
6/3/2013,14890,14890,14915,14810,75282
5/31/2013,14765,14780,14845,14730,88426
5/30/2013,14695,14575,14705,14560,149140
5/29/2013,14515,14565,14620,14510,61668
5/28/2013,14550,14585,14620,14495,63078
5/27/2013,14555,14500,14575,14480,52200
5/24/2013,14570,14500,14595,14480,67682
5/23/2013,14445,14530,14545,14415,81354
5/22/2013,14575,14480,14595,14450,64480
5/21/2013,14490,14510,14530,14435,77112
5/20/2013,14375,14420,14445,14330,24962
5/17/2013,14450,14385,14475,14340,35284
5/16/2013,14370,14370,14430,14305,52372
5/15/2013,14370,14455,14530,14360,43812
5/14/2013,14460,14590,14605,14460,57114
5/13/2013,14570,14560,14620,14540,60226
5/10/2013,14615,14520,14625,14500,74898
5/9/2013,14580,14700,14710,14555,68956
5/8/2013,14670,14590,14675,14565,62742
5/7/2013,14555,14635,14680,14550,87740
5/6/2013,14670,14750,14800,14620,104446
5/3/2013,14470,14380,14515,14335,128168
5/2/2013,14415,14155,14440,14150,108804
4/26/2013,14745,14790,14835,14730,30660
4/25/2013,14685,14665,14740,14640,31532
4/24/2013,14605,14525,14650,14440,42924
4/23/2013,14515,14540,14615,14415,43686
4/22/2013,14480,14575,14620,14460,52486
4/19/2013,14570,14410,14600,14350,109626
4/18/2013,14290,14260,14440,14025,216092
4/17/2013,14570,14675,14680,14550,67726
4/16/2013,14590,14380,14645,14320,116146
4/15/2013,14455,14570,14625,14400,114576
4/12/2013,14785,14820,14845,14760,45786
4/11/2013,14790,14830,14890,14785,52860
4/10/2013,14880,14925,14950,14840,51066
4/9/2013,14890,14775,14895,14765,76790
4/8/2013,14735,14650,14740,14575,64458
4/3/2013,14560,14650,14660,14550,89448
4/2/2013,14685,14650,14700,14635,21156
4/1/2013,14610,14725,14725,14595,27452
3/29/2013,14755,14685,14835,14685,24978
3/28/2013,14800,14885,14900,14765,35440
3/27/2013,14835,14870,14915,14820,54426
3/26/2013,14980,14975,15020,14930,34238
3/25/2013,15030,15055,15075,15010,42934
3/22/2013,14950,14960,14975,14890,46026
3/21/2013,15040,14945,15095,14930,49204
3/20/2013,14930,14810,14960,14785,66880
3/19/2013,14850,14900,14930,14815,74068
3/18/2013,14870,15150,15150,14570,149362
3/15/2013,15345,15280,15365,15260,73472
3/14/2013,15285,15255,15295,15180,71782
3/13/2013,15285,15275,15330,15240,75462
3/12/2013,15160,15250,15280,15155,86776
3/11/2013,15220,15265,15285,15180,84466
3/8/2013,15330,15330,15370,15285,67342
3/7/2013,15260,15295,15315,15155,134176
3/6/2013,15380,15465,15500,15335,86466
3/5/2013,15480,15400,15520,15400,72024
3/4/2013,15300,15350,15450,15280,45800
3/1/2013,15460,15560,15560,15425,45442
2/28/2013,15655,15635,15695,15605,50708
2/27/2013,15665,15685,15715,15635,59050
2/26/2013,15540,15550,15635,15455,73640
2/25/2013,15550,15550,15660,15500,77986
2/22/2013,15700,15660,15750,15600,66330
2/21/2013,15640,15855,15875,15525,187662
2/20/2013,15975,15785,15980,15780,122144
2/19/2013,15785,15750,15840,15745,59138
2/18/2013,15750,15880,15900,15750,77714
2/8/2013,15870,15835,15980,15805,64844
2/7/2013,15840,15935,15935,15830,68510
2/6/2013,15960,16050,16095,15910,91526
2/5/2013,15985,16100,16135,15960,129222
2/4/2013,16170,16160,16255,16075,137510
2/1/2013,16045,16080,16100,15940,153840
1/31/2013,16150,16035,16170,15960,192320
1/30/2013,15925,15760,15995,15725,150778
1/29/2013,15725,15705,15755,15650,63646
1/28/2013,15570,15570,15640,15550,43316
1/25/2013,15635,15500,15645,15500,61694
1/24/2013,15470,15535,15540,15420,51288
1/23/2013,15550,15540,15560,15470,40616
1/22/2013,15485,15385,15500,15365,57412
1/21/2013,15365,15435,15455,15340,47974
1/18/2013,15420,15370,15430,15355,68036
1/17/2013,15265,15245,15275,15200,61730
1/16/2013,15265,15225,15300,15170,80284
1/15/2013,15175,15365,15405,15165,137296
1/14/2013,15455,15410,15495,15330,87892
1/11/2013,15455,15580,15605,15450,80900
1/10/2013,15520,15410,15530,15400,70978
1/9/2013,15410,15405,15470,15400,55540
1/8/2013,15400,15500,15530,15395,89716
1/7/2013,15470,15540,15615,15450,93136
1/4/2013,15540,15545,15615,15490,50458
12/31/2012,15520,15485,15570,15460,53226
12/28/2012,15545,15605,15635,15500,66938
12/27/2012,15590,15525,15600,15505,79568
12/26/2012,15490,15540,15540,15460,38104
12/25/2012,15525,15460,15550,15435,55008
12/24/2012,15490,15400,15570,15385,105052
12/21/2012,15385,15325,15410,15285,67806
12/20/2012,15375,15395,15410,15300,95714
12/19/2012,15460,15505,15535,15420,85716
12/18/2012,15545,15625,15635,15475,105838
12/17/2012,15625,15520,15675,15495,119774
12/14/2012,15555,15420,15560,15410,109940
12/13/2012,15455,15550,15575,15390,108938
12/12/2012,15545,15550,15565,15485,78012
12/11/2012,15530,15660,15685,15520,116530
12/10/2012,15575,15480,15610,15440,155700
12/7/2012,15440,15360,15445,15330,97630
12/6/2012,15365,15430,15470,15320,94952
12/5/2012,15350,15315,15405,15250,40092
12/4/2012,15290,15410,15450,15240,61112
12/3/2012,15435,15410,15520,15405,64718
11/30/2012,15455,15290,15470,15290,125212
11/29/2012,15165,15135,15195,15110,55678
11/28/2012,15095,15170,15180,15090,49148
11/27/2012,15155,15200,15225,15100,68472
11/26/2012,15140,15170,15170,15095,83076
11/23/2012,15045,14980,15070,14935,71362
11/22/2012,14995,14970,15020,14955,44324
11/21/2012,14955,14970,15030,14915,104176
11/20/2012,15000,15115,15150,14990,66136
11/19/2012,15050,15080,15100,14970,80712
11/16/2012,15040,15140,15190,15035,97694
11/15/2012,15110,15050,15150,15020,83748
11/14/2012,15095,15055,15120,15020,95816
11/13/2012,14995,14975,15050,14965,111986
11/12/2012,14875,14920,14950,14825,87606
11/9/2012,14980,15000,15070,14950,75006
11/8/2012,14930,14860,14985,14800,65426
11/7/2012,14995,14960,15025,14925,90118
11/6/2012,14880,14810,14895,14780,67220
11/5/2012,14780,14800,14805,14660,85254
11/2/2012,14880,14935,14960,14840,69072
11/1/2012,14845,14770,14870,14760,41626
10/31/2012,14815,14730,14830,14730,54546
10/30/2012,14680,14660,14730,14600,54082
10/29/2012,14690,14690,14735,14650,49388
10/26/2012,14645,14800,14825,14645,90660
10/25/2012,14860,14885,14920,14830,70684
10/24/2012,14880,14800,14890,14800,80124
10/23/2012,14790,14895,14950,14780,106176
10/22/2012,14970,14960,15005,14900,88928
10/19/2012,15060,15195,15210,15045,81190
10/18/2012,15210,15205,15275,15190,75782
10/17/2012,15120,15190,15215,15065,131366
10/16/2012,15195,15160,15275,15150,78976
10/15/2012,15175,15120,15220,15100,84362
10/12/2012,15275,15315,15395,15255,89874
10/11/2012,15320,15310,15410,15240,101172
10/10/2012,15415,15460,15465,15200,106396
10/9/2012,15575,15545,15645,15515,92766
10/8/2012,15525,15580,15615,15465,69134
9/28/2012,15780,15750,15815,15660,62668
9/27/2012,15650,15490,15860,15460,98996
9/26/2012,15610,15550,15750,15530,122584
9/25/2012,15570,15600,15630,15525,52098
9/24/2012,15540,15600,15610,15415,106568
9/21/2012,15730,15700,15765,15640,86150
9/20/2012,15600,15795,15800,15565,127634
9/19/2012,15890,15725,15910,15705,91756
9/18/2012,15635,15585,15695,15560,46812
9/17/2012,15715,15845,15850,15705,62130
9/14/2012,15845,15645,15980,15640,135212
9/13/2012,15300,15465,15485,15270,88508
9/12/2012,15495,15410,15515,15365,129668
9/11/2012,15390,15440,15440,15235,117864
9/10/2012,15400,15310,15460,15305,138590
9/7/2012,15060,14990,15080,14940,125456
9/6/2012,14970,14880,14990,14825,120520
9/5/2012,14790,14810,14850,14770,58716
9/4/2012,14845,14885,14900,14795,68198
9/3/2012,14845,14655,14855,14605,102306
8/31/2012,14685,14705,14725,14640,77410
8/30/2012,14790,14730,14820,14675,81758
8/29/2012,14770,14720,14795,14695,88062
8/28/2012,14730,14740,14760,14670,71370
8/27/2012,14795,14810,14930,14750,109948
8/24/2012,14660,14670,14680,14610,63806
8/23/2012,14680,14625,14695,14605,106068
8/22/2012,14530,14545,14590,14500,74592
8/21/2012,14530,14450,14545,14415,94256
8/20/2012,14415,14515,14520,14360,130400
8/17/2012,14525,14450,14540,14425,143426
8/16/2012,14390,14600,14605,14310,249924
8/15/2012,14600,14655,14655,14555,34890
8/14/2012,14635,14575,14645,14515,68158
8/13/2012,14590,14670,14670,14585,36804
8/10/2012,14650,14745,14790,14520,78996
8/9/2012,14795,14725,14800,14715,48682
8/8/2012,14680,14715,14780,14670,62932
8/7/2012,14640,14680,14680,14615,35548
8/6/2012,14645,14620,14700,14585,55266
8/3/2012,14565,14505,14580,14505,71036
8/2/2012,14570,14510,14590,14510,61924
8/1/2012,14610,14620,14680,14550,101670
7/31/2012,14720,14690,14760,14660,83688
7/30/2012,14630,14710,14720,14605,78796
7/27/2012,14640,14520,14650,14480,106404
7/26/2012,14470,14450,14495,14420,68428
7/25/2012,14380,14460,14520,14370,120934
7/24/2012,14560,14440,14585,14420,117440
7/23/2012,14460,14610,14660,14450,152038
7/20/2012,14720,14890,14895,14625,92206
7/19/2012,14830,14860,14870,14790,34060
7/18/2012,14785,14820,14840,14750,44716
7/17/2012,14800,14850,14945,14755,75790
7/16/2012,14800,14835,14860,14750,69238
7/13/2012,14775,14660,14795,14645,90846
7/12/2012,14640,14700,14720,14550,87848
7/11/2012,14655,14635,14695,14580,83684
7/10/2012,14650,14705,14790,14630,89192
7/9/2012,14690,14645,14785,14630,107376
7/6/2012,14740,14790,14825,14645,162444
7/5/2012,14850,14835,14880,14760,90446
7/4/2012,14830,14890,14915,14765,128814
7/3/2012,14855,14710,14885,14680,165022
7/2/2012,14685,14850,14850,14610,144106
6/29/2012,14580,14330,14720,14315,235022
6/28/2012,14350,14300,14385,14245,207200
6/27/2012,14245,14325,14345,14145,271328
6/26/2012,14315,14570,14620,14255,191762
6/25/2012,14570,14550,14645,14490,98020
6/21/2012,14640,14790,14790,14630,101878
6/20/2012,14945,14920,14985,14905,45700
6/19/2012,14880,14940,14965,14860,43900
6/18/2012,14975,14980,15130,14910,67080
6/15/2012,14910,14830,14930,14820,61700
6/14/2012,14770,14780,14845,14750,55318
6/13/2012,14820,14805,14850,14735,54614
6/12/2012,14755,14770,14790,14705,52126
6/11/2012,14890,14835,14980,14710,94212
6/8/2012,14705,14750,14775,14685,82914
6/7/2012,14720,14860,14880,14715,85590
6/6/2012,14810,14780,14850,14685,101882
6/5/2012,14690,14655,14740,14630,101364
6/4/2012,14550,14665,14680,14475,188320
6/1/2012,14770,14790,14870,14735,104626
5/31/2012,14795,14795,14845,14700,79814
5/30/2012,14895,14965,14970,14845,94034
5/29/2012,15030,14960,15040,14925,96348
5/28/2012,15000,14950,15000,14870,103570
5/25/2012,14790,14770,14820,14705,69608
5/24/2012,14760,14770,14785,14650,106492
5/23/2012,14755,14875,14910,14695,107836
5/22/2012,14950,15055,15055,14950,55362
5/21/2012,14990,14930,15090,14925,73620
5/18/2012,14855,14910,14950,14790,94998
5/17/2012,14975,14915,15025,14870,103566
5/16/2012,14855,14980,15065,14855,112424
5/15/2012,15025,14900,15040,14840,112858
5/14/2012,14975,15195,15215,14910,146464
5/11/2012,15115,15295,15315,15100,144326
5/10/2012,15315,15300,15350,15250,136634
5/9/2012,15340,15400,15430,15290,138044
5/8/2012,15470,15500,15540,15465,71456
5/7/2012,15450,15515,15540,15420,84276
5/4/2012,15610,15550,15610,15535,70170
5/3/2012,15610,15650,15715,15600,83622
5/2/2012,15765,15800,15815,15700,83782
4/27/2012,15695,15720,15735,15655,63468
4/26/2012,15595,15510,15600,15495,90186
4/25/2012,15495,15490,15545,15465,83300
4/24/2012,15480,15460,15530,15420,121660
4/23/2012,15480,15555,15580,15480,111252
4/20/2012,15520,15495,15550,15440,99522
4/19/2012,15470,15455,15490,15430,108920
4/18/2012,15530,15470,15550,15340,209722
4/17/2012,15370,15410,15430,15365,130342
4/16/2012,15345,15370,15430,15300,168640
4/13/2012,15565,15695,15695,15560,146664
4/12/2012,15550,15460,15580,15445,157280
4/11/2012,15380,15410,15495,15380,181852
4/10/2012,15595,15585,15730,15570,210976
4/9/2012,15635,15750,15780,15575,211916
4/6/2012,15670,15515,15670,15450,172512
4/5/2012,15470,15400,15510,15220,151448
3/30/2012,15525,15485,15540,15460,98564
3/29/2012,15405,15480,15540,15370,143706
3/28/2012,15445,15605,15685,15425,171204
3/27/2012,15640,15615,15650,15540,191008
3/26/2012,15490,15635,15695,15475,162910
3/23/2012,15650,15580,15655,15500,207704
3/22/2012,15605,15750,15785,15585,240270
3/21/2012,15820,15780,15850,15760,188440
3/20/2012,15885,15940,15970,15815,180808
3/19/2012,15875,15915,15945,15825,125874
3/16/2012,15980,15975,16045,15910,171640
3/15/2012,15865,15865,15930,15805,161730
3/14/2012,15905,16080,16175,15885,229488
3/13/2012,16050,15950,16065,15915,170698
3/12/2012,15905,15915,15930,15820,144154
3/9/2012,15895,15810,15905,15765,147974
3/8/2012,15730,15660,15780,15645,171704
3/7/2012,15610,15560,15680,15520,180288
3/6/2012,15870,16100,16100,15810,170166
3/5/2012,16020,16115,16125,16000,82310
3/2/2012,16070,15980,16090,15950,136030
3/1/2012,15895,16020,16060,15885,176940
2/29/2012,16145,16120,16145,16065,115636
2/28/2012,16125,15965,16140,15955,196728
2/27/2012,15945,15940,16000,15880,159476
2/24/2012,15805,15860,15965,15750,195742
2/23/2012,15860,15825,15900,15775,165880
2/22/2012,15825,15890,15900,15770,170160
2/21/2012,15780,15610,15790,15585,260568
2/20/2012,15600,15685,15785,15590,227148
2/17/2012,15575,15725,15750,15565,203254
2/16/2012,15595,15820,15820,15525,296216
2/15/2012,15940,15960,16080,15875,254124
2/14/2012,15930,16040,16055,15900,182072
2/13/2012,16115,16080,16195,16005,160096
2/10/2012,16125,16250,16255,16085,126746
2/9/2012,16145,16175,16300,16100,169556
2/8/2012,16270,16085,16275,16060,166890
2/7/2012,16010,16165,16195,15925,176202
2/6/2012,16190,16140,16250,16115,159966
2/3/2012,15955,15830,16065,15795,232778
2/2/2012,15940,15890,15970,15775,271694
2/1/2012,15775,15990,16050,15725,227054
1/31/2012,16060,16015,16100,15930,189092
1/30/2012,15940,16000,16360,15890,260556
1/20/2012,15850,15730,15895,15645,140004
1/19/2012,15665,15575,15720,15550,149910
1/18/2012,15505,15540,15585,15475,155846
1/17/2012,15525,15350,15610,15270,291750
1/16/2012,15310,15220,15370,15100,195428
1/13/2012,15360,15320,15410,15240,163460
1/12/2012,15190,15095,15220,14975,178184
1/11/2012,15080,15065,15105,14980,154240
1/10/2012,14915,14790,14980,14740,175716
1/9/2012,14740,14700,14770,14580,214836
1/6/2012,14725,14750,14825,14605,285744
1/5/2012,14865,14755,14905,14735,164172
1/4/2012,14770,14945,14950,14760,161074
12/30/2011,14800,14670,14825,14650,196896
12/29/2011,14575,14460,14625,14455,190856
12/28/2011,14755,14710,14795,14635,190918
12/27/2011,14710,14600,14765,14585,249160
12/26/2011,14645,14970,14980,14555,368980
12/23/2011,14990,14870,15045,14850,219872
12/22/2011,14865,14845,14900,14730,213354
12/21/2011,14900,14940,14990,14855,167558
12/20/2011,14780,14810,14845,14700,179612
12/19/2011,14785,14860,14895,14650,295836
12/16/2011,14945,14780,14960,14750,161394
12/15/2011,14715,14535,14915,14535,279086
12/14/2011,14980,15210,15245,14965,195216
12/13/2011,15355,15370,15440,15340,119224
12/12/2011,15575,15730,15755,15505,159190
12/9/2011,15640,15535,15680,15530,162922
12/8/2011,15775,15730,15890,15640,179594
12/7/2011,15815,15765,15850,15660,158112
12/6/2011,15675,15565,15695,15545,181224
12/5/2011,15705,15855,15950,15650,222354
12/1/2011,15800,16080,16080,15710,318036
11/30/2011,15125,15300,15325,15060,225690
11/29/2011,15245,15200,15310,15140,255942
11/28/2011,15175,15140,15250,15070,252004
11/25/2011,14840,14870,14945,14770,247410
11/24/2011,15030,15050,15140,14665,487032
11/23/2011,15075,15220,15290,15065,238138
11/22/2011,15170,15000,15235,14980,269248
11/21/2011,15155,15095,15200,15035,241634
11/18/2011,15045,14750,15070,14670,205516
11/17/2011,15255,15285,15360,15050,174480
11/16/2011,15125,15330,15420,15025,197460
11/15/2011,15305,15255,15370,15210,173724
11/14/2011,15430,15045,15590,15030,344610
11/11/2011,14760,14720,14820,14630,273660
11/10/2011,14510,15010,15055,14510,548812
11/9/2011,15450,15500,15540,15370,252734
11/8/2011,15325,15400,15455,15250,243090
11/7/2011,15350,15480,15490,15265,236858
11/4/2011,15550,15305,15565,15300,357116
11/3/2011,15045,15240,15310,15015,324236
11/2/2011,15330,15015,15330,14985,413040
11/1/2011,15310,15435,15545,15290,499570
10/31/2011,15335,15475,15670,15135,626848
10/28/2011,15425,15635,15780,15325,526942
10/27/2011,15145,15020,15190,14995,417834
10/26/2011,14945,14750,15170,14735,583488
10/25/2011,15035,15045,15495,14825,958338
10/24/2011,15035,14520,15065,14385,538130
10/21/2011,14295,14120,14395,13950,574982
10/20/2011,13850,14200,14245,13785,622562
10/19/2011,14590,14730,14800,14485,265534
10/18/2011,14500,15080,15100,14430,373108
10/17/2011,15260,15325,15415,15215,192852
10/14/2011,15290,15080,15350,15075,246724
10/13/2011,15155,15155,15280,15085,251986
10/12/2011,15200,15020,15255,14860,398848
10/11/2011,15135,15395,15415,15090,314834
10/10/2011,15115,15170,15365,15030,293522
9/30/2011,15405,14790,15405,14695,400656
9/29/2011,14695,14130,14700,14130,525684
9/28/2011,15015,15105,15150,14680,548568
9/27/2011,14975,14950,15130,14790,544936
9/26/2011,14340,14965,15190,14340,587120
9/23/2011,15055,15450,15555,14980,589688
9/22/2011,15860,16090,16130,15500,397486
9/21/2011,16460,16280,16495,16075,385554
9/20/2011,16375,16350,16425,16260,241286
9/19/2011,16285,16800,16810,16280,250798
9/16/2011,16840,16825,16900,16735,181352
9/15/2011,16750,16820,16865,16685,254758
9/14/2011,16710,16980,17055,16635,341138
9/13/2011,16945,17030,17055,16820,318610
9/9/2011,17125,17080,17200,17035,241242
9/8/2011,17075,17200,17215,17055,217558
9/7/2011,17145,16975,17160,16900,311460
9/6/2011,16855,16940,16995,16670,457888
9/5/2011,16945,17015,17165,16920,382320
9/2/2011,17070,17180,17215,16985,345056
9/1/2011,17205,17355,17375,17160,334024
8/31/2011,17360,17320,17380,17270,248168
8/30/2011,17315,17155,17420,17130,400036
8/29/2011,17115,17100,17190,17065,310960
8/26/2011,17090,17155,17160,16950,414012
8/25/2011,17085,16890,17200,16880,565640
8/24/2011,16915,17010,17035,16855,311866
8/23/2011,16920,16875,16960,16705,461226
8/22/2011,16765,16920,17125,16750,477726
8/19/2011,16880,16850,16935,16740,603360
8/18/2011,17030,16980,17280,16755,837200
8/17/2011,16975,16660,17060,16655,420088
8/16/2011,16595,17120,17175,16545,461028
8/15/2011,17180,17070,17285,17070,183298
8/12/2011,16860,16890,17050,16815,316358
8/11/2011,16770,16550,16840,16495,405382
8/10/2011,16705,16650,16780,16560,398336
8/9/2011,16395,15690,16465,15690,691036
8/8/2011,16755,16645,16950,16335,627152
8/5/2011,17165,17860,17895,17165,423858
8/4/2011,18250,18280,18380,18150,300196
8/3/2011,18395,18445,18535,18315,287038
8/2/2011,18460,18690,18710,18415,281634
8/1/2011,18915,18900,18940,18750,208782
7/29/2011,18730,18925,19065,18650,361018
7/28/2011,18905,18995,19160,18850,413286
7/27/2011,19080,18950,19130,18870,311862
7/26/2011,18895,18470,18950,18470,297152
7/25/2011,18535,18830,18835,18520,231066
7/22/2011,18790,18580,18790,18555,208134
7/21/2011,18560,18715,18750,18490,204006
7/20/2011,18690,18900,18910,18680,191606
7/19/2011,18765,18565,18770,18525,232994
7/18/2011,18385,18395,18535,18310,196740
7/15/2011,18265,18290,18390,18260,121944
7/14/2011,18310,18290,18400,18210,174844
7/13/2011,18320,18025,18325,18025,178088
7/12/2011,17895,17880,17915,17800,181116
7/11/2011,17960,18000,18180,17960,189294
7/8/2011,18180,18305,18320,18140,203078
7/7/2011,18140,18090,18225,18050,192798
7/6/2011,18175,18150,18245,18100,200042
7/5/2011,18075,18045,18180,17945,260462
7/4/2011,18100,17850,18200,17850,298166
7/1/2011,17810,17780,17870,17705,244920
6/30/2011,17770,17600,17800,17545,291750
6/29/2011,17475,17485,17510,17350,213794
6/28/2011,17365,17300,17480,17295,285388
6/27/2011,17185,17290,17345,17150,295796
6/24/2011,17450,17320,17485,17295,265528
6/23/2011,17310,17250,17370,17100,317926
6/22/2011,17160,17180,17255,17130,180756
6/21/2011,17180,17000,17215,16955,222724
6/20/2011,16930,17115,17165,16920,230692
6/17/2011,17125,17225,17270,17070,229384
6/16/2011,17185,17380,17410,17140,254176
6/15/2011,17485,17560,17575,17465,184894
6/14/2011,17420,17370,17475,17280,268370
6/13/2011,17390,17400,17510,17360,289988
6/10/2011,17540,17440,17645,17405,401632
6/9/2011,17360,17430,17530,17345,248268
6/8/2011,17355,17420,17480,17280,301908
6/7/2011,17470,17360,17620,17305,350998
6/3/2011,17470,17200,17515,17200,298182
6/2/2011,17215,17120,17240,17080,243386
6/1/2011,17235,17340,17380,17200,244222
5/31/2011,17335,17320,17360,17155,309616
5/30/2011,17260,17400,17425,17215,340094
5/27/2011,17450,17300,17450,17215,347044
5/26/2011,17325,17230,17345,17130,310538
5/25/2011,17000,16895,17120,16815,291730
5/24/2011,16610,16585,16655,16465,149346
5/23/2011,16460,16810,16825,16455,288874
5/20/2011,16765,16775,16850,16705,188562
5/19/2011,16860,17025,17070,16825,234892
5/18/2011,16780,16760,16900,16685,301006
5/17/2011,16750,16660,16790,16450,351150
5/16/2011,16695,16750,16795,16645,232326
5/13/2011,16860,16500,16870,16450,351526
5/12/2011,16270,16620,16635,16260,369226
5/11/2011,16750,16835,16920,16735,300694
5/10/2011,16840,16680,16900,16560,363506
5/9/2011,16725,16515,16745,16515,292052
5/6/2011,16335,16340,16555,16200,407120
5/5/2011,16730,16990,17000,16700,486682
5/4/2011,17215,17280,17330,17140,398208
5/3/2011,17245,17350,17425,17100,330266
4/29/2011,17320,17400,17445,17200,296620
4/28/2011,17480,17380,17640,17315,418060
4/27/2011,17245,17440,17460,17185,412682
4/26/2011,17340,17180,17450,16980,489720
4/25/2011,17370,17680,17730,17350,329238
4/22/2011,17690,18035,18050,17425,380154
4/21/2011,17780,17720,17935,17685,172594
4/20/2011,17830,17700,17875,17650,222478
4/19/2011,17560,18125,18190,17520,359226
4/18/2011,18265,18230,18330,18150,138660
4/15/2011,18270,18420,18485,18250,218094
4/14/2011,18345,18450,18590,18330,254154
4/13/2011,18565,18380,18590,18330,209606
4/12/2011,18590,18700,18780,18570,227944
4/11/2011,18805,18960,19035,18760,261146
4/8/2011,18795,18600,18840,18500,288478
4/7/2011,18545,18600,18615,18510,159664
4/6/2011,18580,18300,18600,18250,297118
4/1/2011,18170,18300,18315,18120,199398
3/31/2011,18240,18280,18300,18080,272280
3/30/2011,18375,18400,18430,18255,275412
3/29/2011,18280,18150,18415,18145,310080
3/28/2011,18315,18550,18680,18260,452100
3/25/2011,18605,18635,18705,18480,327934
3/24/2011,18580,18710,18805,18515,388622
3/23/2011,18600,18205,18735,18200,536932
3/22/2011,18180,17820,18220,17810,532058
3/21/2011,18005,18230,18285,17950,559530
3/18/2011,18310,18200,18350,18155,572888
3/17/2011,17790,18200,18230,17750,788838
3/16/2011,18370,18315,18370,18020,411956
3/15/2011,18205,18200,18385,18100,376042
3/14/2011,18045,18060,18145,17675,460690
3/11/2011,17745,17780,17985,17730,277576
3/10/2011,17735,17775,17820,17605,321920
3/9/2011,18315,18110,18375,18110,305660
3/8/2011,18080,18510,18590,17820,520358
3/7/2011,18860,19150,19195,18775,407606
3/4/2011,19270,19220,19330,19070,374742
3/3/2011,19120,19185,19445,19100,372070
3/2/2011,19235,19210,19290,19020,385810
3/1/2011,19315,19485,19515,19245,345786
2/28/2011,19450,19330,19485,19200,478418
2/25/2011,19250,19270,19350,19055,500738
2/24/2011,19140,19500,19590,18945,643648
2/23/2011,19330,19200,19620,19200,709812
2/22/2011,19740,20420,20560,19150,970682
2/21/2011,20420,20100,20530,20010,985380
2/18/2011,19945,20025,20250,19890,924526
2/17/2011,19760,20020,20220,19730,882926
2/16/2011,19955,19385,20000,19360,609312
2/15/2011,19620,19750,19855,19570,434114
2/14/2011,19675,19510,19690,19380,420760
2/11/2011,19305,19600,19745,19300,413358
2/10/2011,19585,19400,19660,19350,253918
2/9/2011,19440,19800,19865,19415,196896
2/1/2011,19460,19120,19490,19025,248938
1/31/2011,18700,18550,18765,18510,200346
1/28/2011,18360,18195,18510,18130,296670
1/27/2011,18255,18260,18300,18080,330798
1/26/2011,18160,17895,18205,17885,331930
1/25/2011,18125,18700,18795,18060,497992
1/24/2011,18835,18875,19080,18810,324016
1/21/2011,18810,18780,19010,18665,364152
1/20/2011,19040,19070,19255,18975,408066
1/19/2011,19485,19185,19485,19170,347670
1/18/2011,19210,19270,19330,18910,483276
1/17/2011,19300,19400,19540,19270,387688
1/14/2011,19350,19350,19430,19225,300800
1/13/2011,19420,19580,19610,19385,318096
1/12/2011,19285,19300,19440,19200,367170
1/11/2011,19215,19150,19325,18955,580788
1/10/2011,19115,19320,19350,19030,470390
1/7/2011,19130,19635,19895,18800,752824
1/6/2011,19840,19705,20000,19675,575084
1/5/2011,19475,19610,19695,19450,465108
1/4/2011,19750,19895,19935,19625,471164
12/31/2010,19695,19650,19800,19560,434564
12/30/2010,19825,19550,19865,19420,406966
12/29/2010,19365,19125,19390,18970,530402
12/28/2010,19060,18750,19145,18740,586480
12/27/2010,18695,18700,18800,18580,360482
12/24/2010,18860,18900,18940,18555,507478
12/23/2010,18905,18880,18995,18755,393014
12/22/2010,18765,19100,19150,18700,502798
12/21/2010,18960,18810,19010,18650,695540
12/20/2010,18690,18985,19140,18400,744788
12/17/2010,18780,18505,18805,18505,623528
12/16/2010,18515,18390,18630,18250,789750
12/15/2010,18470,18965,19110,18470,841420
12/14/2010,19075,19105,19335,18915,877676
12/13/2010,19040,18520,19200,18460,710444
12/10/2010,18545,18380,18580,18260,557748
12/9/2010,18430,18555,18575,18360,645868
12/8/2010,18105,18400,18465,18085,658722
12/7/2010,18545,18430,18580,18260,752428
12/6/2010,18465,18435,18620,18335,812348
12/3/2010,18400,18450,18480,18155,1029728
12/2/2010,18360,18020,18510,17950,1082340
12/1/2010,17665,17485,17760,17415,865968
11/30/2010,17515,17400,17580,17090,1263714
11/29/2010,17690,17290,17745,17230,1238700
11/26/2010,17430,17600,17755,17030,2054902
11/25/2010,17370,17750,17795,17360,1213394
11/24/2010,17620,17350,17650,17125,1423400
11/23/2010,17200,17785,17890,17200,1223500
11/22/2010,17970,18000,18295,17850,1456728
11/19/2010,18335,18315,18410,17625,1499294
11/18/2010,18070,17815,18215,17420,1356918
11/17/2010,17815,17815,17815,17815,11924
11/16/2010,18445,19120,19190,18360,1175790
11/15/2010,18705,18665,19410,18650,609234
11/12/2010,19935,20750,20750,19935,290010
11/11/2010,21035,20695,21340,20505,1544024
11/10/2010,20650,20955,21245,20500,1464800
11/9/2010,20850,20320,21210,20230,1470260
11/8/2010,20560,20945,21160,20355,1357054
11/5/2010,21125,20850,21125,20805,832752
11/4/2010,20305,20120,20330,19890,1316482
11/3/2010,19900,20100,20310,19795,1445500
11/2/2010,19915,20050,20225,19735,1482000
11/1/2010,20140,19700,20350,19700,1357534
10/29/2010,19560,20250,20250,19550,1406622
10/28/2010,20530,20615,20730,20225,1678300
10/27/2010,20560,21620,21700,20505,2325200
10/26/2010,21175,21160,21775,20850,2083200
10/25/2010,21170,20790,21280,20715,1322900
10/22/2010,20500,19940,20680,19770,1495300
10/21/2010,19885,19760,19910,19555,629282
10/20/2010,19290,18980,19365,18905,587914
10/19/2010,19480,19520,19780,19350,821612
10/18/2010,19255,19245,19590,19190,779950
10/15/2010,19620,19345,19645,19160,826184
10/14/2010,19510,19555,19650,19370,868868
10/13/2010,19355,19250,19405,19100,954462
10/12/2010,18910,18850,19115,18765,1002200
10/11/2010,19060,18520,19060,18500,829910
10/8/2010,18105,17900,18325,17725,622656
9/30/2010,18045,18010,18075,17030,638840
9/29/2010,18125,18180,18180,17880,702646
9/28/2010,18000,17945,18080,17780,609910
9/27/2010,18095,18400,18430,18050,713164
9/21/2010,17955,18240,18250,17805,950686
9/20/2010,18270,18075,18355,18005,1226000
9/17/2010,18120,17870,18125,17760,1284614
9/16/2010,17785,17705,17850,17635,1592700
9/15/2010,17670,17945,17950,17615,1522292
9/14/2010,17760,18120,18125,17735,1527600
9/13/2010,18095,18020,18130,17915,1209308
9/10/2010,17815,17805,17860,17635,1183000
9/9/2010,17680,18330,18360,17190,1332442
9/8/2010,18210,18105,18230,17935,1155900
9/7/2010,18100,18200,18260,17950,1114726
9/6/2010,18240,17870,18295,17805,1173948
9/3/2010,17745,17890,17935,17655,1265822
9/2/2010,17815,17850,17975,17755,1387622
9/1/2010,17545,17300,17740,17280,2092176
8/31/2010,17195,17415,17430,17155,1553152
8/30/2010,17640,17360,17740,17350,1596800
8/27/2010,17175,17050,17195,16930,1444122
8/26/2010,17035,16800,17060,16800,1729058
8/25/2010,16650,16590,16875,16445,2105838
8/24/2010,16730,16850,17035,16645,1699166
8/23/2010,17010,17100,17200,16895,1819568
8/20/2010,17060,17540,17580,17050,1692496
8/19/2010,17720,17680,17795,17460,1578758
8/18/2010,17560,17580,17850,17540,1423930
8/17/2010,17465,17350,17480,17230,1055968
8/16/2010,17305,17110,17380,16905,992736
8/13/2010,17100,16820,17125,16735,663364
8/12/2010,16655,17100,17140,16535,1100300
8/11/2010,17180,17335,17615,17155,965606
8/10/2010,17400,17650,17695,17380,785544
8/9/2010,17735,17490,17745,17425,843444
8/6/2010,17385,17065,17390,16945,1239050
8/5/2010,17085,17125,17485,16975,1536256
8/4/2010,17020,16855,17025,16765,890968
8/3/2010,16825,17060,17060,16820,1048826
8/2/2010,16755,16500,16850,16485,1085810
7/30/2010,16305,16360,16425,16220,1550298
7/29/2010,16360,16310,16445,16200,1760958
7/28/2010,16330,15950,16375,15940,1583366
7/27/2010,15990,16200,16225,15970,1420700
7/26/2010,16205,15955,16210,15940,1207172
7/23/2010,15885,15750,15915,15725,1009688
7/22/2010,15595,15530,15685,15465,1190500
7/21/2010,15450,15445,15560,15410,1195850
7/20/2010,15450,15165,15495,15165,1332206
7/19/2010,15160,14990,15195,14950,1349518
7/16/2010,15230,15200,15275,15035,1686016
7/15/2010,15125,15025,15285,14925,1760392
7/14/2010,15105,15035,15160,14955,1706812
7/13/2010,14865,15245,15270,14855,2060700
7/12/2010,15170,15375,15480,15160,1696154
7/9/2010,15360,15400,15450,15230,1850704
7/8/2010,15345,15470,15560,15315,1718760
7/7/2010,15195,15450,15490,15150,2087680
7/6/2010,15390,15005,15410,14945,2413514
7/5/2010,15230,15100,15325,15020,2364834
7/2/2010,15105,14560,15145,14540,2733120
7/1/2010,14500,14500,14795,14440,2625592
6/30/2010,14610,14510,14725,14420,1808838
6/29/2010,14825,15300,15335,14720,1977102
6/28/2010,15485,15185,15635,15160,1754516
6/25/2010,15010,15430,15440,14940,1579474
6/24/2010,15345,15170,15460,15165,1822574
6/23/2010,15050,14555,15245,14515,2779476
6/22/2010,14810,14650,14910,14575,1777412
6/21/2010,14845,14245,14845,14230,1254844
6/18/2010,14055,14300,14315,14035,1708070
6/17/2010,14295,14695,14695,14255,1093510
6/14/2010,14470,14420,14530,14380,92276
6/11/2010,14380,14325,14405,14250,1280628
6/10/2010,14170,14230,14375,14080,2038860
6/9/2010,14305,13870,14305,13830,1872338
6/8/2010,13810,13585,13835,13480,1834166
6/7/2010,13900,13900,13900,13900,37024
6/4/2010,14470,14790,14835,14470,1730944
6/3/2010,15215,15490,15520,15010,2706488
6/2/2010,15335,15615,15790,15175,1501984
6/1/2010,15680,15965,16140,15610,1658312
5/31/2010,16050,16000,16275,15945,1526070
5/28/2010,16115,16185,16280,16035,1161470
5/27/2010,16035,15780,16045,15565,1374900
5/26/2010,15935,15910,16055,15715,794180
5/25/2010,15515,15805,15975,15510,758920
5/24/2010,16035,15655,16045,15565,778678
5/21/2010,15500,15360,15550,15140,952670
5/20/2010,15555,15520,15720,15390,1008310
5/19/2010,15340,15180,15610,14830,1548094
5/18/2010,15700,15525,15790,15230,1107212
5/17/2010,16125,16560,16620,16125,429580
5/14/2010,16945,17000,17095,16805,747042
5/13/2010,17105,16880,17125,16800,712676
5/12/2010,16795,16635,16990,16520,1004798
5/11/2010,16705,17100,17235,16540,897280
5/10/2010,17160,17110,17180,16780,815372
5/7/2010,16835,17225,17355,16835,542598
5/6/2010,17440,17785,17930,17415,490932
5/5/2010,17740,17520,17760,17520,389616
5/4/2010,18240,18400,18400,18175,329940
4/30/2010,18555,18500,18705,18255,422780
4/29/2010,18595,18650,18745,18570,209850
4/28/2010,18330,18325,18520,18080,283746
4/27/2010,18910,19115,19125,18800,265280
4/26/2010,19185,19200,19275,19160,233998
4/23/2010,18990,18880,19075,18865,299396
4/22/2010,18930,18935,19025,18820,318610
4/21/2010,19030,19000,19060,18855,330728
4/20/2010,18965,18900,18980,18800,357864
4/19/2010,18685,19200,19200,18675,447000
4/16/2010,19615,19590,19685,19455,515830
4/15/2010,19465,19600,19615,19450,388564
4/14/2010,19455,19500,19580,19410,388272
4/13/2010,19350,19400,19490,19255,443334
4/12/2010,19530,19550,19735,19450,411782
4/9/2010,19400,19320,19445,19300,393590
4/8/2010,19220,19500,19545,19205,517940
4/7/2010,19700,19745,19840,19495,626774
4/6/2010,19690,19540,19790,19505,535474
4/2/2010,19495,19490,19680,19305,595194
4/1/2010,19430,19000,19560,18975,791790
3/31/2010,18975,19200,19200,18940,408270
3/30/2010,19090,19200,19200,18920,550350
3/29/2010,19110,18870,19145,18870,509938
3/26/2010,18610,18380,18650,18300,420116
3/25/2010,18400,18375,18440,18105,594212
3/24/2010,18375,18425,18635,18280,524348
3/23/2010,18515,18660,18810,18505,468450
3/22/2010,18560,18555,18695,18480,517548
3/19/2010,18965,18760,19035,18730,463332
3/18/2010,18715,18975,19050,18700,648724
3/17/2010,18995,18735,19050,18670,504916
3/16/2010,18655,18300,18715,18120,727168
3/15/2010,18495,18980,19015,18405,617032
3/12/2010,19055,19000,19080,18790,533276
3/11/2010,18870,19225,19300,18785,670832
3/10/2010,19355,19100,19450,19075,613210
3/9/2010,19100,19120,19175,18900,607574
3/8/2010,19235,18870,19260,18780,608786
3/5/2010,18590,18320,18650,18170,585200
3/4/2010,18350,18415,18590,18260,610622
3/3/2010,18255,18380,18380,18120,547928
3/2/2010,18060,18735,18745,18050,490752
3/1/2010,18775,19000,19180,18650,540008
2/26/2010,18430,18405,18560,18350,502646
2/25/2010,18435,18595,18925,18425,555342
2/24/2010,18540,18450,18620,18445,253076
2/23/2010,18775,18690,18850,18620,278404
2/22/2010,18840,19480,19480,18800,318244
2/12/2010,18345,18350,18415,18150,346594
2/11/2010,18075,17750,18145,17700,652988
2/10/2010,17685,17590,17795,17460,749502
2/9/2010,17310,17100,17395,16935,855268
2/8/2010,17180,17105,17500,17105,733668
2/5/2010,17145,17080,17250,16910,818788
2/4/2010,17680,17550,17945,17340,1127880
2/3/2010,18160,17510,18175,17395,1037960
2/2/2010,17305,17800,17830,17160,811038
2/1/2010,17430,17570,17830,17120,1014014
1/29/2010,17590,18230,18265,17530,827258
1/28/2010,18515,18710,18895,18515,421842
1/27/2010,19450,19550,19645,19335,694706
1/26/2010,19390,20040,20130,19330,810362
1/25/2010,20025,19900,20165,19720,569736
1/22/2010,19930,20400,20530,19700,627324
1/21/2010,20925,20770,20980,20530,547954
1/20/2010,20950,21300,21420,20920,549688
1/19/2010,21145,20840,21175,20750,481056
1/18/2010,20550,20290,20575,20235,282532
1/15/2010,20470,20550,20845,20200,412092
1/14/2010,20610,20935,20965,20520,360666
1/13/2010,20450,20515,20830,20325,360390
1/12/2010,21490,21600,21600,21125,448548
1/11/2010,21735,21510,21780,21350,373446
1/8/2010,21210,21520,21705,20900,614318
1/7/2010,21725,22150,22600,21350,520498
1/6/2010,21740,21580,21935,21510,415594
1/5/2010,21650,21470,21700,21255,470848
1/4/2010,21435,21405,21725,21250,379208
12/31/2009,21375,20945,21425,20930,468224
12/30/2009,20965,20545,20985,20485,431070
12/29/2009,20570,20600,20650,20460,248996
12/28/2009,20620,20100,20795,20090,407958
12/25/2009,19880,19650,19905,19540,185146
12/24/2009,19675,19585,19705,19465,281724
12/23/2009,19285,19150,19370,19085,329678
12/22/2009,19075,19220,19310,19050,265640
12/21/2009,19305,19140,19355,19035,334572
12/18/2009,19120,18755,19180,18730,347634
12/17/2009,18875,19095,19120,18780,239092
12/16/2009,18705,18625,18750,18585,191126
12/15/2009,18605,18625,18765,18560,227064
12/14/2009,18615,18440,18675,18305,293680
12/11/2009,18420,18175,18425,18060,283398
12/10/2009,18155,18190,18320,17910,276056
12/9/2009,18145,18420,18420,18115,238974
12/8/2009,18655,18660,18720,18580,202428
12/7/2009,18660,18625,18820,18575,265888
12/4/2009,18730,18740,18780,18490,257974
12/3/2009,18830,18795,18920,18680,308350
12/2/2009,18680,18650,18815,18485,337946
12/1/2009,18345,18495,18540,18210,266348
11/30/2009,18235,18400,18400,17980,222828
11/27/2009,17870,18300,18400,17820,273416
11/26/2009,18535,18660,18820,18470,204948
11/25/2009,18315,18260,18365,18130,242286
11/24/2009,18160,18400,18545,18010,382962
11/23/2009,18525,18180,18555,18120,285562
11/20/2009,17970,17800,18120,17780,352804
11/19/2009,17870,17700,17930,17655,302438
11/18/2009,17835,17620,17840,17565,361750
11/17/2009,17540,17700,17770,17480,374746
11/16/2009,17505,17510,17750,17450,394706
11/13/2009,17320,17010,17375,16910,344680
11/12/2009,17150,16990,17160,16935,233440
11/11/2009,16890,16950,16975,16810,120922
11/10/2009,16830,17100,17120,16800,130290
11/9/2009,16965,16860,16970,16835,98044
11/6/2009,16885,16890,16950,16820,147716
11/5/2009,16845,16980,17045,16805,205536
11/4/2009,16980,16830,17005,16830,210468
11/3/2009,16725,16715,16930,16670,213786
11/2/2009,16720,16430,16765,16350,238904
10/30/2009,16830,16840,16915,16710,193728
10/29/2009,16465,16610,16640,16425,260458
10/28/2009,16915,17135,17270,16730,394132
10/27/2009,17145,17100,17320,17085,392102
10/26/2009,17260,16695,17415,16690,477622
10/23/2009,16780,16555,16785,16505,274856
10/22/2009,16445,16385,16665,16350,347986
10/21/2009,16205,16210,16280,16105,176502
10/20/2009,16240,16320,16320,16115,183140
10/19/2009,16105,15895,16240,15890,180230
10/16/2009,15965,16025,16110,15905,143480
10/15/2009,15915,16180,16210,15900,188594
10/14/2009,16170,15850,16215,15815,205974
10/13/2009,15965,15950,16045,15900,140208
10/12/2009,15935,15860,16115,15835,196904
10/9/2009,15855,16400,16400,15830,107588
9/30/2009,15330,15090,15345,15065,90150
9/29/2009,15090,14910,15105,14710,91756
9/28/2009,14795,15040,15095,14715,106792
9/25/2009,15050,14900,15065,14850,113262
9/24/2009,15150,15120,15180,14945,131872
9/23/2009,15120,15310,15350,15095,163482
9/22/2009,15280,15320,15445,15210,150386
9/21/2009,15355,15080,15415,15055,173960
9/18/2009,15155,15300,15365,15150,116008
9/17/2009,15345,15550,15550,15330,122444
9/16/2009,15230,15215,15290,15155,142874
9/15/2009,15150,14945,15165,14930,173034
9/14/2009,14835,14615,14915,14515,275112
9/11/2009,15170,15285,15405,15135,340766
9/10/2009,15635,15650,15755,15500,254690
9/9/2009,15650,15800,15970,15640,237040
9/8/2009,15665,15670,15700,15320,262364
9/7/2009,15665,15795,15875,15605,381268
9/4/2009,15805,15380,15805,15235,322902
9/3/2009,15215,14995,15215,14935,182198
9/2/2009,14935,14810,14990,14685,244080
9/1/2009,15095,15030,15165,14935,154602
8/31/2009,14975,15395,15395,14890,213908
8/28/2009,15335,15525,15540,15320,117296
8/27/2009,15260,15395,15425,15185,164006
8/26/2009,15455,15290,15525,15240,171798
8/25/2009,15335,15450,15475,15180,204022
8/24/2009,15580,15580,15630,15385,230700
8/21/2009,14925,14750,15005,14750,112728
8/20/2009,14950,14850,14995,14680,193718
8/19/2009,14490,14785,14900,14260,238152
8/18/2009,14755,14600,14770,14480,157506
8/17/2009,14465,14615,14710,14465,171184
8/14/2009,15155,15385,15490,15090,175888
8/13/2009,15335,15200,15650,15185,227418
8/12/2009,14825,15100,15100,14805,216678
8/11/2009,15170,15150,15235,15000,248338
8/10/2009,15305,15050,15325,15010,198628
8/7/2009,14910,15100,15140,14875,240116
8/6/2009,15335,15300,15435,15140,266810
8/5/2009,15300,15450,15520,15215,292974
8/4/2009,15215,15500,15610,14940,370364
8/3/2009,15110,14800,15270,14770,285248
7/31/2009,14610,14360,14610,14350,188710
7/30/2009,14030,13865,14080,13750,275262
7/29/2009,13855,14395,14425,13710,336404
7/28/2009,14505,14455,14575,14350,265690
7/27/2009,14565,14150,14585,14115,318748
7/24/2009,14160,13900,14195,13840,218384
7/23/2009,13865,13990,14030,13800,130038
7/22/2009,13795,13700,13900,13700,110664
7/21/2009,13715,13900,13910,13680,129592
7/20/2009,13880,13680,13890,13650,163558
7/17/2009,13420,13280,13445,13250,148104
7/16/2009,13240,13250,13365,13155,230442
7/15/2009,13250,12980,13275,12940,272406
7/14/2009,12890,12850,12945,12735,335328
7/13/2009,12710,13220,13250,12665,380972
7/10/2009,13195,13260,13295,13170,133966
7/9/2009,13240,13085,13275,13080,138820
7/8/2009,13215,13300,13365,13035,219126
7/7/2009,13385,13375,13420,13320,80054
7/6/2009,13280,13400,13510,13275,106886
7/3/2009,13455,13450,13540,13365,99088
7/2/2009,13480,13540,13630,13460,108590
7/1/2009,13485,13400,13520,13390,75448
6/30/2009,13490,13590,13590,13430,146080
6/29/2009,13525,13520,13670,13510,108526
6/26/2009,13645,13595,13660,13540,81232
6/25/2009,13430,13420,13500,13350,116482
6/24/2009,13390,13185,13395,13145,102044
6/23/2009,13185,13000,13190,12955,102606
6/22/2009,13195,13185,13330,13185,92642
6/19/2009,13355,13450,13475,13325,113666
6/18/2009,13425,13500,13525,13370,154440
6/17/2009,13510,13330,13530,13310,215840
6/16/2009,13460,13200,13465,13180,247934
6/15/2009,13510,13750,13790,13390,315458
6/12/2009,13830,14035,14095,13815,358494
6/11/2009,13725,13720,13970,13620,202574
6/10/2009,13700,13750,13800,13675,194808
6/9/2009,13520,13510,13550,13365,158062
6/8/2009,13410,13450,13580,13350,178658
6/5/2009,13515,13455,13670,13450,295194
6/4/2009,13275,13100,13310,13100,203042
6/3/2009,13445,13295,13450,13220,235038
6/2/2009,13220,13420,13480,13175,353934
6/1/2009,13305,13050,13475,13040,318490
5/27/2009,12820,12850,12890,12750,76606
5/26/2009,12670,12870,12880,12665,115190
5/25/2009,12835,12975,13000,12810,182816
5/22/2009,12865,12650,12890,12605,313600
5/21/2009,12710,12755,12835,12650,224362
5/20/2009,12815,12960,13085,12805,296264
5/19/2009,13170,12830,13225,12750,399268
5/18/2009,12730,12500,12790,12350,364200
5/15/2009,12640,12670,12675,12450,199952
5/14/2009,12475,12400,12495,12325,201864
5/13/2009,12855,12690,12905,12680,230088
5/12/2009,12740,12660,12820,12545,301618
5/11/2009,12575,12980,12980,12550,268334
5/8/2009,13250,13265,13320,12905,336780
5/7/2009,13210,13480,13500,13155,327040
5/6/2009,13090,12850,13120,12785,263722
5/5/2009,12750,13320,13360,12735,303310
5/4/2009,13210,13005,13210,13000,176208
5/1/2009,12485,12400,12595,12345,346310
4/30/2009,12485,12400,12595,12345,346310
4/29/2009,12310,11990,12315,11900,301636
4/28/2009,11945,11810,12095,11780,240692
4/27/2009,11875,12215,12295,11815,144618
4/24/2009,12110,12280,12390,12080,171536
4/23/2009,12465,12385,12495,12160,243332
4/22/2009,12370,12820,12880,12300,366470
4/21/2009,12860,12980,13000,12860,25180
4/20/2009,13380,13650,13730,13330,290450
4/17/2009,13585,13680,13880,13500,414726
4/16/2009,13730,13695,13730,13530,229182
4/15/2009,13125,12780,13300,12700,380920
4/14/2009,12760,13000,13025,12550,300244
4/13/2009,12915,12680,13110,12620,390800
4/10/2009,12660,12300,12700,12280,312158
4/9/2009,12175,12050,12185,12000,176706
4/8/2009,11860,12135,12180,11785,214890
4/7/2009,12280,11860,12305,11810,237552
4/3/2009,11735,11820,11860,11690,113870
4/2/2009,11800,11715,11815,11630,143028
4/1/2009,11635,11700,11800,11600,139110
3/31/2009,11700,11500,11715,11345,105410
3/30/2009,11525,11625,11710,11485,98822
3/27/2009,11575,11790,11960,11445,171622
3/26/2009,11660,11380,11690,11360,168742
3/25/2009,11280,11400,11475,11280,121304
3/24/2009,11415,11580,11740,11220,206490
3/23/2009,11605,11160,11620,11150,199166
3/20/2009,11230,10950,11250,10920,232572
3/19/2009,10870,10760,10935,10705,156672
3/18/2009,10730,10730,10785,10670,104226
3/17/2009,10725,10790,10880,10705,182864
3/16/2009,10720,10545,10725,10505,99614
3/13/2009,10570,10670,10670,10545,74740
3/12/2009,10610,10550,10630,10510,62600
3/11/2009,10570,10700,10700,10560,96692
3/10/2009,10610,10495,10630,10420,135208
3/9/2009,10435,10730,10730,10420,92274
3/6/2009,10685,10650,10720,10580,110682
3/5/2009,10570,10960,10960,10550,148376
3/4/2009,10540,10400,10570,10350,141716
3/3/2009,10315,10200,10370,10195,108892
3/2/2009,10350,10180,10420,10130,129560
2/27/2009,10180,10300,10310,10100,75428
2/26/2009,10255,10460,10470,10250,102712
2/25/2009,10290,10350,10450,10215,133336
2/24/2009,10105,10120,10195,10050,97958
2/23/2009,10230,9990,10250,9915,125690
2/20/2009,10100,10210,10270,10080,128196
2/19/2009,10175,10265,10340,10100,144494
2/18/2009,10130,10120,10330,9955,260588
2/17/2009,10380,10200,10470,10115,196250
2/16/2009,10250,10390,10420,10205,126512
2/13/2009,10460,10470,10560,10400,140256
2/12/2009,10515,10350,10540,10300,184722
2/11/2009,10285,10500,10625,10195,177998
2/10/2009,10750,10800,10895,10600,174872
2/9/2009,10935,10680,10935,10610,144146
2/6/2009,10490,10200,10595,10160,147356
2/5/2009,10245,10420,10510,10225,104366
2/4/2009,10395,10395,10565,10300,150242
2/3/2009,10355,10010,10445,10010,117812
2/2/2009,9965,10120,10120,9880,82240
1/23/2009,10255,10040,10260,10010,92536
1/22/2009,10170,10195,10295,10045,111262
1/21/2009,10570,10645,10740,10435,121730
1/20/2009,10745,10990,11035,10595,152028
1/19/2009,10995,11070,11190,10965,145476
1/16/2009,11090,10990,11180,10935,158632
1/15/2009,10905,11000,11175,10820,138418
1/14/2009,11295,11085,11295,10965,161238
1/13/2009,10820,10550,10955,10550,154008
1/12/2009,10935,10980,11260,10910,212218
1/9/2009,10745,10495,11090,10330,342558
1/8/2009,10580,10580,10750,10580,61114
1/7/2009,10940,11195,11485,10775,282738
1/6/2009,11145,10700,11155,10500,250346
1/5/2009,10550,10550,10550,10450,63034
12/31/2008,10120,9770,10120,9725,121388
12/30/2008,9705,9670,9790,9670,52552
12/29/2008,9775,9900,9960,9670,79038
12/26/2008,9655,9780,9780,9580,92412
12/25/2008,9730,9790,9825,9660,108060
12/24/2008,9810,9630,9890,9625,156172
12/23/2008,9670,9720,9780,9575,157822
12/22/2008,9785,9690,9785,9590,191962
12/19/2008,9560,9130,9570,9060,142160
12/18/2008,9230,9280,9330,9200,52832
12/17/2008,9285,9185,9360,9185,95248
12/16/2008,9185,9110,9260,9000,74728
12/15/2008,9285,9190,9330,9175,50346
12/12/2008,9040,9150,9210,8845,100412
12/11/2008,9240,9280,9290,9130,110068
12/10/2008,9340,9200,9440,9180,162020
12/9/2008,9140,9220,9385,8990,189238
12/8/2008,9220,8380,9220,8380,176066
12/5/2008,8650,8910,8950,8650,112788
12/4/2008,9165,9400,9400,9165,64666
12/3/2008,9500,9545,9650,9450,116712
12/2/2008,9515,9550,9685,9485,126892
12/1/2008,9760,9480,9760,9430,88624
11/28/2008,9550,9740,9740,9425,95840
11/27/2008,9700,9820,9920,9660,84576
11/26/2008,9750,9700,9835,9655,89242
11/25/2008,9670,9835,9850,9650,72090
11/24/2008,9550,9485,9645,9425,83268
11/21/2008,9420,9300,9530,9100,172340
11/20/2008,9270,9500,9535,9250,56856
11/19/2008,9615,9670,9700,9580,48544
11/18/2008,9540,9560,9720,9520,89888
11/17/2008,9645,9590,9675,9510,93298
11/14/2008,9730,9770,9870,9655,149830
11/13/2008,9585,9420,9625,9380,188348
11/12/2008,9450,9295,9525,9250,161494
11/11/2008,9280,9250,9385,9200,91266
11/10/2008,9505,9450,9545,9360,106436
11/7/2008,9245,8965,9350,8965,128838
11/6/2008,9265,9330,9395,9235,68048
11/5/2008,9550,9840,9860,9480,105244
11/4/2008,9510,9395,9650,9350,163098
11/3/2008,9445,9205,9445,9165,74858
10/31/2008,9030,9020,9210,8940,146322
10/30/2008,9515,9515,9515,9450,35086
10/29/2008,9225,9240,9310,8950,180558
10/28/2008,9230,9200,9295,8620,378350
10/27/2008,8840,9000,9390,8840,183210
10/24/2008,9215,9605,9705,9200,6338
10/23/2008,9210,9210,9210,9210,18536
10/22/2008,9800,9800,9800,9800,3874
10/21/2008,10210,10600,10650,10210,101770
10/20/2008,10710,10605,10860,10300,343960
10/17/2008,10450,10460,10790,10450,107838
10/16/2008,11120,11120,11120,11120,958
10/15/2008,11580,11575,11640,11575,18034
10/14/2008,11840,12090,12125,11770,80630
10/13/2008,11835,11540,11950,11360,217674
10/10/2008,11825,11825,11825,11825,3504
10/9/2008,12295,12400,12485,12285,89202
10/8/2008,12700,12610,13030,12550,210292
10/7/2008,12845,12845,12845,12845,5284
10/6/2008,13670,13670,13670,13670,1490
9/26/2008,14240,14250,14340,14150,61078
9/25/2008,14290,14125,14325,14080,105888
9/24/2008,14200,14060,14200,14010,82638
9/23/2008,14240,14420,14450,14230,102600
9/22/2008,14415,14400,14430,14280,108860
9/19/2008,14090,14040,14140,13880,111418
9/18/2008,13875,14220,14285,13830,150012
9/17/2008,14140,14000,14175,13950,126728
9/16/2008,13785,14010,14055,13735,85644
9/15/2008,14500,14135,14500,14120,98150
9/12/2008,14480,14135,14500,14120,96020
9/11/2008,13945,13930,14010,13870,69654
9/10/2008,13845,13800,13950,13760,103086
9/9/2008,13880,14275,14275,13815,180158
9/8/2008,14280,14215,14410,14185,117738
9/5/2008,14400,14275,14580,14200,187570
9/4/2008,14460,14300,14480,14270,110902
9/3/2008,14245,14180,14275,14165,73700
9/2/2008,14045,14210,14240,14035,86872
9/1/2008,14355,14330,14495,14310,108912
8/29/2008,14260,14250,14330,14190,81390
8/28/2008,14405,14360,14475,14305,109294
8/27/2008,14335,14200,14340,14075,137504
8/26/2008,14110,14175,14440,14070,133232
8/25/2008,14170,14360,14370,14140,72986
8/22/2008,14535,14600,14620,14380,142918
8/21/2008,14100,13900,14190,13870,134150
8/20/2008,13955,13900,13975,13810,97906
8/19/2008,13575,13650,13670,13515,81714
8/18/2008,13795,13770,13850,13585,101414
8/15/2008,13350,13580,13580,13320,97530
8/14/2008,13880,13920,14170,13600,118444
8/13/2008,13825,13500,13890,13445,105102
8/12/2008,13865,13950,13975,13710,81606
8/11/2008,13825,14100,14135,13820,92512
8/8/2008,14350,14405,14470,14300,75178
8/7/2008,14540,14395,14580,14255,139654
8/6/2008,14440,14510,14580,14300,109426
8/5/2008,14480,14800,14825,14480,108012
8/4/2008,15125,15100,15160,14955,98236
8/1/2008,15250,15425,15460,15185,129628
7/31/2008,15575,15400,15580,15370,106036
7/30/2008,15350,15310,15370,15275,83782
7/29/2008,15440,15485,15525,15380,132246
7/28/2008,15295,15280,15340,15125,118774
7/25/2008,15220,15350,15400,15170,149792
7/24/2008,15480,15405,15615,15405,179238
7/23/2008,15310,15210,15440,15180,174130
7/22/2008,15360,15310,15365,15180,121410
7/21/2008,15260,15185,15305,15120,113594
7/20/2008,15240,15210,15280,15050,88862
7/17/2008,15305,15260,15380,15230,45756
7/16/2008,15275,15210,15395,15210,113296
7/15/2008,15710,15900,15950,15630,171320
7/14/2008,15980,15945,16385,15850,247042
7/11/2008,15805,15600,15805,15520,162922
7/10/2008,15290,15200,15320,15110,148040
7/9/2008,14990,15050,15120,14890,117114
7/8/2008,15120,15245,15320,14950,154686
7/7/2008,15170,15010,15240,15010,113930
7/4/2008,15135,15055,15250,15055,126352
7/3/2008,15465,15900,15950,15385,198448
7/2/2008,16020,16125,16180,15880,147906
7/1/2008,16135,16185,16250,16080,116866
6/30/2008,16255,16095,16280,15980,189204
6/27/2008,16080,16200,16210,15950,210760
6/26/2008,15760,15820,16095,15750,192764
6/25/2008,15835,15900,15930,15650,131314
6/24/2008,15945,16210,16380,15930,186148
6/23/2008,16435,16050,16495,15980,270190
6/20/2008,16050,16080,16100,15750,115442
6/19/2008,16190,16255,16350,16085,105014
6/18/2008,15980,15550,16050,15505,125200
6/17/2008,15635,15650,15700,15465,101732
6/16/2008,15665,15840,15880,15615,104296
6/13/2008,15730,15750,15805,15515,151274
6/12/2008,15700,16010,16220,15300,272526
6/11/2008,16050,16070,16165,15775,180324
6/10/2008,16085,16700,16700,16070,156858
6/9/2008,16680,16910,16930,16620,137954
6/6/2008,16680,16910,16930,16620,137954
6/5/2008,16690,16745,16925,16630,203608
6/4/2008,16645,16560,16950,16490,311498
6/3/2008,16790,16485,16790,16460,149004
6/2/2008,16495,16600,16760,16475,190914
5/30/2008,16660,16660,16660,16660,12688
5/29/2008,17120,17630,17690,17090,146314
5/28/2008,17660,17680,17815,17620,102412
5/27/2008,17680,17950,17980,17665,92190
5/26/2008,17980,18000,18120,17925,100810
5/23/2008,17800,17930,18035,17800,143064
5/22/2008,18265,18000,18305,18000,86342
5/21/2008,18120,18430,18520,18120,111192
5/20/2008,18515,18600,18645,18450,99852
5/19/2008,18790,18985,19190,18715,181498
5/16/2008,18805,18550,18850,18495,205146
5/15/2008,18475,18700,18780,18380,220840
5/14/2008,18845,18675,18920,18470,259518
5/13/2008,18375,18015,18395,17990,191898
5/12/2008,17910,17770,18080,17705,163678
5/9/2008,17980,18060,18065,17900,84358
5/8/2008,18125,18050,18195,18000,86204
5/7/2008,18050,18300,18300,18000,97736
5/6/2008,18145,18100,18175,17885,122326
5/5/2008,17965,18200,18200,17885,86926
5/2/2008,18290,18210,18360,18210,59152
5/1/2008,18290,18210,18360,18210,59152
4/30/2008,18290,18210,18360,18210,59152
4/29/2008,18430,18510,18570,18385,78206
4/28/2008,18590,18550,18650,18430,133160
4/25/2008,18240,18280,18380,18180,98252
4/24/2008,18390,18080,18460,18035,177160
4/23/2008,18185,18300,18335,18125,111370
4/22/2008,18080,17850,18185,17810,168726
4/21/2008,18080,18300,18560,17960,163564
4/18/2008,18405,18500,18535,18315,90848
4/17/2008,18640,18730,18860,18620,130734
4/16/2008,18630,18500,18665,18190,190556
4/15/2008,18580,18300,18620,18230,169326
4/14/2008,18220,18570,18650,18135,139526
4/11/2008,18760,19020,19120,18680,209592
4/10/2008,19285,19460,19535,19155,148504
4/9/2008,19275,19150,19335,18915,199378
4/8/2008,19190,19510,19555,19010,189458
4/7/2008,19505,19600,19675,19425,148888
4/4/2008,19420,19375,19490,19200,194368
4/3/2008,19420,19375,19490,19200,194368
4/2/2008,19075,18940,19115,18680,262736
4/1/2008,18665,19050,19190,18665,229808
3/31/2008,19485,19305,19620,19180,227646
3/28/2008,19460,19600,19645,19260,215746
3/27/2008,19265,19255,19365,18800,337688
3/26/2008,19205,19700,19870,19185,258118
3/25/2008,19800,19450,19835,19360,187926
3/24/2008,19260,19405,19495,19185,167292
3/21/2008,19295,18850,19490,18850,233036
3/20/2008,19420,19420,19420,19420,8588
3/19/2008,20080,20420,20620,19925,261322
3/18/2008,20295,20305,20400,20295,21886
3/17/2008,21495,21380,21645,20900,245016
3/14/2008,21290,20900,21350,20600,207950
3/13/2008,20930,21210,21280,20750,210670
3/12/2008,20840,21250,21580,20655,286328
3/11/2008,21345,21080,21350,21035,121914
3/10/2008,21360,21790,22100,21300,204616
3/7/2008,22205,22000,22250,21950,175352
3/6/2008,22680,22800,22970,22485,273466
3/5/2008,22150,22180,22530,22055,376390
3/4/2008,22670,22980,23275,21890,447078
3/3/2008,22755,21920,22880,21840,379666
2/29/2008,22090,22000,22450,21850,409886
2/28/2008,21690,21690,21690,21440,217468
2/27/2008,20725,20890,21280,20555,443634
2/26/2008,20420,21500,21720,20250,397244
2/25/2008,21805,21000,21805,21000,329464
2/22/2008,20915,20805,21325,20700,373418
2/21/2008,20525,19850,20525,19785,212660
2/20/2008,19680,19745,19980,19445,260202
2/19/2008,19440,20150,20180,19430,140480
2/18/2008,19920,19510,19950,19480,198840
2/15/2008,19655,19650,19710,19420,201894
2/14/2008,20030,20120,20470,19780,386962
2/13/2008,20070,21150,21380,20070,344242
2/5/2008,20905,21195,21260,20680,301824
2/4/2008,21265,20380,21280,20380,263726
2/1/2008,20485,20580,20580,20400,150770
1/31/2008,19930,19515,19950,19515,405054
1/29/2008,19195,19000,19195,18800,226088
1/28/2008,18500,18695,18790,18230,344302
1/25/2008,18790,18735,18935,18615,358964
1/24/2008,18800,18300,18940,18300,495514
1/23/2008,18500,19010,19230,17735,482724
1/22/2008,18730,18730,18820,18730,21576
1/21/2008,19215,19510,19775,19210,223108
1/18/2008,19190,19095,19260,18820,191056
1/17/2008,19305,18600,19330,18450,273184
1/16/2008,18980,18980,19120,18980,12134
1/15/2008,19350,20100,20220,19340,251196
1/14/2008,20040,20030,20345,19810,285862
1/11/2008,20400,20205,20445,19780,353162
1/10/2008,20270,20800,20820,20270,223408
1/9/2008,21080,21470,21470,20890,342314
1/8/2008,20815,20210,20875,20210,332542
1/7/2008,20420,20050,20725,19840,383644
1/4/2008,20160,20160,20160,20160,2918
1/3/2008,19685,19200,19715,19120,207484
1/2/2008,18955,18940,19350,18635,172912
1/1/2008,18950,19300,19320,18800,168420
12/31/2007,18950,19300,19320,18800,168420
12/28/2007,18950,19300,19320,18800,168420
12/27/2007,19370,19200,19850,19190,211050
12/26/2007,19250,18985,19310,18790,160708
12/25/2007,18985,19980,19980,18620,252356
12/24/2007,19075,18980,19075,18980,6830
12/21/2007,18555,17880,18635,17790,229744
12/20/2007,18080,17635,18155,17565,127718
12/19/2007,17720,17550,17735,17400,89174
12/18/2007,17480,17355,17545,17260,125366
12/17/2007,17550,17800,17900,17500,157836
12/14/2007,17870,17670,17900,17650,156874
12/13/2007,18135,17940,18265,17765,249534
12/12/2007,17595,18410,18410,17530,286740
12/11/2007,18395,18150,18445,18060,170058
12/10/2007,18325,18400,18450,18130,214206
12/7/2007,18170,18100,18225,17900,316800
12/6/2007,17940,17950,18385,17750,399224
12/5/2007,18200,18090,18250,17560,398404
12/4/2007,18195,18310,18420,18195,76358
12/3/2007,18715,19235,19525,18600,346682
11/30/2007,19035,19380,19710,18800,456216
11/29/2007,19455,19370,19455,19050,153496
11/28/2007,18950,18400,18985,18350,258240
11/27/2007,18495,18400,18680,18050,285626
11/26/2007,18185,18420,18805,17765,178520
11/23/2007,18010,17700,18010,17080,114356
11/22/2007,17870,16205,18880,16100,377282
11/21/2007,17325,18300,18300,17325,19194
11/20/2007,18205,18205,18205,18205,7172
11/19/2007,19025,20200,20205,19025,144054
11/16/2007,20200,20200,20375,20200,34850
11/15/2007,20725,21675,21725,20480,189858
11/14/2007,21230,21110,21480,21035,156484
11/13/2007,21195,21600,21680,21195,83472
11/12/2007,21805,22400,22400,21760,147826
11/9/2007,22720,22620,22790,22440,159770
11/8/2007,22480,22900,22950,22480,134994
11/7/2007,23390,23530,23620,23185,137134
11/6/2007,23295,23150,23485,22710,172490
11/5/2007,23175,23990,24050,23000,147652
11/2/2007,23745,24100,24150,23745,59660
11/1/2007,24590,25445,25445,24580,99302
10/31/2007,25250,25250,25505,24980,65824
10/30/2007,25355,25600,25600,25225,44882
10/29/2007,25910,25700,25980,25655,45612
10/26/2007,25650,25470,25660,25400,35628
10/25/2007,25345,25350,25460,25265,47306
10/24/2007,25400,25660,25680,25350,46030
10/23/2007,25680,25650,25810,25485,50852
10/22/2007,25470,26000,26150,25465,44652
10/19/2007,26355,26150,26430,26110,30818
10/18/2007,26200,26280,26285,26105,33368
10/17/2007,26305,26300,26550,26230,54694
10/16/2007,26810,26750,26880,26475,56154
10/15/2007,26850,26500,26865,26430,66992
10/12/2007,26335,26250,26400,26015,40430
10/11/2007,26275,26350,26400,26180,43318
10/10/2007,26115,26100,26160,25930,44808
10/9/2007,25920,26010,26175,25830,53222
10/8/2007,26295,27055,27060,26160,50720
9/28/2007,27125,27080,27125,26910,51256
9/27/2007,26745,26595,26750,26520,55036
9/26/2007,26435,26530,26600,26385,38582
9/25/2007,26515,26515,26550,26420,44478
9/24/2007,26470,26360,26545,26305,44292
9/21/2007,26410,26455,26510,26210,45826
9/20/2007,26820,26800,27080,26695,52644
9/19/2007,26695,26650,26780,26420,74360
9/18/2007,26125,26100,26380,26050,75486
9/17/2007,26435,26000,26480,25950,72996
9/14/2007,26065,26100,26100,25825,81586
9/13/2007,25670,25900,25950,25630,67536
9/12/2007,25740,26300,26300,25705,111454
9/11/2007,25870,25280,26010,25200,138166
9/10/2007,25580,26000,26090,25570,68966
9/7/2007,26405,26520,26635,26395,66740
9/6/2007,26380,26680,26780,26305,105754
9/5/2007,27130,27355,27500,26920,98352
9/4/2007,27510,27255,27670,27215,60116
9/3/2007,27450,27700,27780,27425,53458
8/31/2007,27500,27300,27505,27110,60118
8/30/2007,27300,27175,27410,27160,46192
8/29/2007,26915,26700,27000,26610,48196
8/28/2007,27135,27310,27470,27070,42536
8/27/2007,27420,27385,27630,27290,43442
8/24/2007,27240,27605,27610,27210,40276
8/23/2007,27600,27490,27650,27320,49946
8/22/2007,26800,26700,26890,26485,56846
8/21/2007,26770,26790,26975,26555,75180
8/20/2007,27040,26120,27080,26120,53012
8/17/2007,26120,26120,26280,26120,24842
8/16/2007,27100,27610,27875,26700,101264
8/15/2007,27750,27710,27780,27630,26888
8/14/2007,28010,28150,28170,27905,32946
8/13/2007,28120,28160,28215,28000,43826
8/10/2007,27965,27950,28155,27780,82838
8/9/2007,28390,27860,28390,27805,72066
8/8/2007,27820,27960,28030,27710,51332
8/7/2007,27685,27960,27960,27600,32880
8/6/2007,27470,27350,27660,27350,58146
8/3/2007,28350,28250,28400,28150,48774
8/2/2007,28395,28450,28495,28040,89268
8/1/2007,28110,29010,29100,28100,72612
7/31/2007,28790,28630,28880,28620,35590
7/30/2007,28425,28300,28600,28255,66614
7/27/2007,28275,28310,28815,28120,128304
7/26/2007,29120,28400,29195,28280,116282
7/25/2007,28900,28600,28970,28600,101582
7/24/2007,28530,28950,29030,28470,144676
7/23/2007,29230,28820,29880,28780,140614
7/20/2007,28470,27810,28470,27810,79684
7/19/2007,27400,27340,27535,27250,68300
7/18/2007,27340,27000,27450,26830,74262
7/16/2007,27210,27000,27325,26830,81766
7/13/2007,27210,27000,27325,26830,81766
7/12/2007,26940,26880,26955,26560,81722
7/11/2007,26360,26510,26510,26215,90986
7/10/2007,26565,26810,26885,26520,117976
7/9/2007,26985,26325,27070,26320,114630
7/6/2007,26250,26555,26580,26150,115788
7/5/2007,26670,26900,27000,26510,158864
7/4/2007,26655,27255,27440,26605,188006
7/3/2007,27535,27100,27535,27000,116604
7/2/2007,26620,26415,26750,26165,162866
6/29/2007,26695,26565,27015,25850,233410
6/28/2007,26575,25410,26620,25410,147990
6/27/2007,25625,26000,26000,25625,29532
6/26/2007,26455,27270,27290,26445,82268
6/25/2007,27090,28205,28220,27090,49488
6/22/2007,28160,28480,28490,28110,38262
6/21/2007,28810,28805,28880,28680,20252
6/20/2007,28905,28610,29050,28580,36328
6/19/2007,28750,28980,28980,28615,34306
6/18/2007,29280,29080,29360,28785,47068
6/15/2007,28870,29850,29900,28820,45988
6/14/2007,29780,30010,30045,29730,17254
6/13/2007,29965,29900,30050,29780,20366
6/12/2007,29980,30490,30530,29960,35568
6/11/2007,30270,30010,30280,29730,49936
6/8/2007,29925,30100,30250,29780,31964
6/7/2007,30140,30300,30485,30010,37566
6/6/2007,30675,30600,30850,30535,30910
6/5/2007,30900,30980,31010,30730,45616
6/4/2007,30400,30900,30965,30400,28452
6/1/2007,30590,31010,31095,30490,40076
5/31/2007,30705,30365,30780,30295,45712
5/30/2007,30125,30200,30655,30005,65978
5/29/2007,30245,31200,31200,30120,54810
5/28/2007,30650,30650,30650,30650,1540
5/25/2007,29800,29310,29880,29310,53938
5/24/2007,30585,29910,30600,29910,82826
5/23/2007,30130,30110,30350,29920,64856
5/22/2007,30900,31350,32000,30565,127892
5/21/2007,30725,29545,30725,29545,51496
5/18/2007,29355,29720,30140,28900,128688
5/17/2007,30520,30525,31015,30520,57508
5/16/2007,31830,32300,32530,31435,88234
5/15/2007,32255,32600,32630,32255,55048
5/14/2007,33410,33860,33900,33330,71204
5/11/2007,33330,33800,34000,33205,85600
5/10/2007,34710,34190,34745,34105,107616
5/9/2007,34555,35590,35590,34500,96548
5/8/2007,33705,33705,33705,33705,584
4/30/2007,32700,32310,32775,32120,50030
4/27/2007,32270,32500,32700,32160,72398
4/26/2007,33305,33365,33500,33120,67122
4/25/2007,33070,33335,33480,32860,124430
4/24/2007,34065,33980,34100,33460,100956
4/23/2007,33600,33000,33630,31990,34288
4/20/2007,32950,33000,33100,31990,127544
4/19/2007,32790,33790,34030,31560,142760
4/18/2007,33590,33590,33590,33400,23606
4/17/2007,32160,32100,32640,31855,75052
4/16/2007,32240,32055,32360,31860,57966
4/13/2007,31720,32000,32265,31600,58412
4/12/2007,32940,32535,33220,32370,112858
4/11/2007,32400,32800,32990,32020,115844
4/10/2007,32740,32850,33865,31980,128462
4/9/2007,32195,31550,32195,31550,32744
4/6/2007,31390,30245,31515,30105,61548
4/5/2007,30245,29700,30245,29540,18584
4/4/2007,28985,29250,29260,28980,8848
4/3/2007,28780,28935,28980,28660,11610
4/2/2007,29290,29390,29445,29250,5902
3/30/2007,29380,29430,29500,29180,13756
3/29/2007,29020,29510,29560,29010,8694
3/28/2007,29565,29495,29700,29420,8506
3/27/2007,29725,29550,29745,29500,16046
3/26/2007,29220,28600,29600,28580,16786
