4/15/2016,5522,5556,5594,5510,933980
4/14/2016,5548,5504,5588,5504,953266
4/13/2016,5516,5432,5642,5430,1619588
4/12/2016,5450,5434,5468,5410,1084424
4/11/2016,5434,5450,5562,5418,1492044
4/8/2016,5462,5522,5524,5440,967898
4/7/2016,5534,5504,5554,5482,832794
4/6/2016,5518,5572,5584,5504,1023360
4/1/2016,5584,5498,5616,5474,1399722
3/31/2016,5528,5494,5528,5448,1293100
3/30/2016,5506,5570,5584,5474,1614498
3/29/2016,5540,5512,5572,5502,1434356
3/28/2016,5488,5498,5552,5464,1488476
3/25/2016,5484,5338,5494,5338,1402500
3/24/2016,5354,5404,5416,5328,1142368
3/23/2016,5410,5450,5516,5408,1304558
3/22/2016,5460,5380,5496,5376,1671076
3/21/2016,5384,5350,5394,5306,884040
3/18/2016,5344,5320,5388,5314,1078110
3/17/2016,5316,5204,5318,5192,1138352
3/16/2016,5172,5192,5248,5162,1030674
3/15/2016,5178,5198,5244,5168,855650
3/14/2016,5144,5140,5214,5130,697624
3/11/2016,5118,5072,5156,5048,660144
3/10/2016,5070,5152,5192,5062,878500
3/9/2016,5142,5110,5142,5034,755170
3/8/2016,5102,5108,5184,5050,1349814
3/7/2016,5112,5050,5168,5008,1315460
3/4/2016,5054,4970,5072,4970,1380220
3/3/2016,4962,4900,4966,4864,1197592
3/2/2016,4918,4962,5022,4908,1279460
3/1/2016,4952,4948,4962,4906,883994
2/29/2016,4948,4928,4982,4892,1009136
2/26/2016,4934,4932,4942,4886,880508
2/25/2016,4926,4882,4960,4878,913056
2/24/2016,4902,5000,5022,4884,1130490
2/23/2016,5010,5044,5050,4978,893020
2/22/2016,5072,5000,5086,4986,1095094
2/19/2016,5034,5006,5036,4974,961806
2/18/2016,5000,4990,5050,4986,1054656
2/17/2016,4970,4974,4986,4938,701982
2/16/2016,4988,4980,5030,4966,818834
2/15/2016,4998,4930,5042,4888,751468
2/5/2016,4834,4790,4848,4774,488836
2/4/2016,4792,4770,4814,4764,554480
2/3/2016,4768,4780,4784,4738,700608
2/2/2016,4778,4714,4780,4702,706536
2/1/2016,4720,4702,4726,4692,715954
1/29/2016,4704,4740,4776,4690,1061744
1/28/2016,4742,4748,4772,4734,943498
1/27/2016,4750,4700,4750,4686,1084532
1/26/2016,4692,4648,4696,4638,1030528
1/25/2016,4658,4650,4684,4642,866604
1/22/2016,4632,4562,4642,4558,1303448
1/21/2016,4560,4632,4650,4540,1642328
1/20/2016,4632,4718,4740,4630,1108754
1/19/2016,4710,4690,4730,4676,1077016
1/18/2016,4696,4646,4724,4630,1368502
1/15/2016,4654,4626,4676,4612,1053500
1/14/2016,4640,4660,4684,4620,1229900
1/13/2016,4630,4634,4674,4626,1116442
1/12/2016,4624,4680,4702,4612,1350496
1/11/2016,4694,4740,4750,4662,1483374
1/8/2016,4728,4730,4778,4698,1410710
1/7/2016,4732,4732,4768,4682,1648008
1/6/2016,4724,4830,4842,4722,1517222
1/5/2016,4836,4790,4840,4782,1356374
1/4/2016,4804,4850,4930,4764,1175296
12/31/2015,4870,4848,4878,4822,1495872
12/30/2015,4864,4796,4868,4792,2192238
12/29/2015,4814,4632,4828,4618,1374896
12/28/2015,4650,4738,4748,4648,790392
12/25/2015,4734,4696,4736,4676,760378
12/24/2015,4692,4740,4780,4686,1291436
12/23/2015,4730,4722,4740,4674,1074594
12/22/2015,4714,4686,4726,4670,979918
12/21/2015,4696,4580,4696,4548,1192204
12/18/2015,4570,4562,4580,4506,1173688
12/17/2015,4560,4646,4676,4554,1204136
12/16/2015,4656,4668,4686,4626,1076884
12/15/2015,4674,4672,4758,4656,1197876
12/14/2015,4708,4732,4786,4702,1121998
12/11/2015,4730,4650,4732,4646,983412
12/10/2015,4658,4642,4696,4624,907606
12/9/2015,4640,4672,4718,4620,895522
12/8/2015,4690,4798,4810,4652,1012468
12/7/2015,4788,4660,4800,4644,1051296
12/4/2015,4656,4648,4680,4624,991818
12/3/2015,4636,4660,4704,4602,1105406
12/2/2015,4664,4636,4718,4614,831100
12/1/2015,4638,4592,4696,4588,1093126
11/30/2015,4598,4620,4636,4540,757534
11/27/2015,4644,4560,4646,4532,939378
11/26/2015,4272,4190,4306,4172,539548
11/25/2015,4198,4196,4216,4174,541506
11/24/2015,4214,4100,4240,4092,816200
11/23/2015,4098,4100,4164,4072,1441102
11/20/2015,4098,4088,4108,3984,1696830
11/19/2015,4094,4164,4174,4064,912046
11/18/2015,4146,4162,4174,4112,676284
11/17/2015,4166,4150,4182,4122,540782
11/16/2015,4140,4130,4166,4130,523224
11/13/2015,4172,4178,4202,4154,682026
11/12/2015,4188,4166,4208,4162,689648
11/11/2015,4168,4244,4246,4142,1401736
11/10/2015,4248,4274,4286,4208,844934
11/9/2015,4258,4264,4286,4238,983558
11/6/2015,4256,4344,4350,4224,1957222
11/5/2015,4350,4386,4406,4338,1061026
11/4/2015,4376,4328,4384,4326,1004684
11/3/2015,4332,4398,4406,4330,993318
11/2/2015,4428,4394,4446,4356,1073508
10/30/2015,4394,4440,4448,4388,1036268
10/29/2015,4420,4430,4476,4418,1125376
10/28/2015,4418,4454,4460,4388,1331238
10/27/2015,4450,4438,4460,4388,1224086
10/26/2015,4448,4560,4560,4438,1503636
10/23/2015,4548,4620,4630,4526,1301728
10/22/2015,4618,4548,4622,4544,1121430
10/21/2015,4540,4526,4574,4524,1224780
10/20/2015,4516,4540,4556,4476,1237804
10/19/2015,4562,4610,4620,4556,1051120
10/16/2015,4622,4636,4648,4586,1283180
10/15/2015,4656,4668,4684,4616,1126364
10/14/2015,4636,4660,4680,4620,1229798
10/13/2015,4666,4598,4674,4536,1559070
10/12/2015,4600,4510,4636,4484,1422000
10/9/2015,4518,4488,4532,4442,1087702
10/2/2015,4460,4362,4460,4362,0
9/30/2015,4480,4458,4496,4432,918976
9/29/2015,4418,4528,4532,4384,1420076
9/28/2015,4502,4548,4556,4486,948428
9/25/2015,4484,4382,4528,4380,1984072
9/24/2015,4398,4332,4398,4324,1245250
9/23/2015,4298,4260,4332,4258,1186754
9/22/2015,4282,4300,4332,4272,1160582
9/21/2015,4294,4240,4298,4210,872304
9/18/2015,4264,4252,4300,4252,880926
9/17/2015,4276,4318,4328,4270,1018844
9/16/2015,4310,4294,4316,4244,1458508
9/15/2015,4292,4358,4410,4290,1373330
9/14/2015,4336,4308,4342,4266,889304
9/11/2015,4336,4356,4398,4332,798444
9/10/2015,4340,4336,4354,4280,890356
9/9/2015,4326,4310,4378,4310,741706
9/8/2015,4292,4252,4294,4242,496550
9/7/2015,4020,4020,4020,4020,140
9/3/2015,4274,4300,4314,4234,0
9/2/2015,4252,4300,4314,4234,582466
9/1/2015,4312,4240,4360,4232,870702
8/31/2015,4272,4310,4320,4230,1030108
8/28/2015,4296,4216,4296,4200,1047530
8/27/2015,4188,4134,4196,4078,994968
8/26/2015,4138,4216,4256,4116,950776
8/25/2015,4122,4180,4222,4088,1408046
8/24/2015,4276,4424,4434,4276,934054
8/21/2015,4438,4476,4484,4424,883826
8/20/2015,4448,4544,4552,4448,793706
8/19/2015,4544,4578,4578,4498,735616
8/18/2015,4566,4622,4632,4548,580102
8/17/2015,4608,4574,4618,4574,598988
8/14/2015,4586,4614,4664,4582,866288
8/13/2015,4628,4670,4724,4502,985244
8/12/2015,4674,4620,4678,4596,795250
8/11/2015,4642,4560,4698,4552,1183014
8/10/2015,4566,4560,4624,4532,694122
8/7/2015,4572,4580,4594,4486,757804
8/6/2015,4560,4640,4642,4546,610416
8/5/2015,4644,4660,4676,4624,485372
8/4/2015,4642,4606,4666,4596,714354
8/3/2015,4644,4736,4762,4632,672702
7/31/2015,4752,4790,4798,4742,515086
7/30/2015,4748,4750,4784,4734,508902
7/29/2015,4774,4756,4814,4752,516132
7/28/2015,4746,4722,4780,4688,578156
7/27/2015,4756,4850,4874,4736,678800
7/24/2015,4860,4876,4900,4842,514482
7/23/2015,4878,4920,4928,4862,637620
7/22/2015,4952,4970,4988,4912,740424
7/21/2015,4966,4890,4966,4874,898206
7/20/2015,4890,4820,4896,4806,641268
7/17/2015,4852,4882,4910,4804,543928
7/16/2015,4862,4892,4916,4816,580390
7/15/2015,4912,4930,4980,4892,705966
7/14/2015,4934,4870,5004,4842,891122
7/13/2015,4872,4882,4950,4810,616966
7/10/2015,4912,4842,4912,4818,567476
7/9/2015,4792,4700,4894,4522,1170240
7/8/2015,4774,4916,4920,4774,483190
7/7/2015,4944,4986,5030,4922,698172
7/6/2015,4990,5118,5120,4930,786004
7/3/2015,5400,5396,5440,5372,48
7/1/2015,5132,5010,5204,4996,736912
6/30/2015,5014,5120,5120,4960,836276
6/29/2015,5106,5170,5204,5074,854502
6/26/2015,5122,5168,5204,5084,929346
6/25/2015,5152,5166,5210,5140,812734
6/24/2015,5140,5070,5150,5048,741480
6/19/2015,5114,5076,5124,5044,664172
6/18/2015,5086,5192,5216,5078,849680
6/17/2015,5190,5198,5222,5138,825138
6/16/2015,5204,5128,5210,5106,740552
6/15/2015,5132,5162,5190,5106,601830
6/12/2015,5132,5244,5268,5130,1029444
6/11/2015,5256,5268,5286,5214,823288
6/10/2015,5252,5286,5310,5216,895620
6/9/2015,5258,5334,5354,5200,988742
6/8/2015,5352,5372,5412,5324,977406
6/5/2015,5372,5340,5390,5272,886642
6/4/2015,5334,5336,5376,5258,802760
6/3/2015,5138,5202,5248,5122,828870
6/2/2015,5232,5238,5250,5186,933004
6/1/2015,5184,5130,5254,5116,1497370
5/29/2015,5116,5138,5162,5100,885376
5/28/2015,5148,5060,5184,5048,1282304
5/27/2015,5084,5054,5120,5040,972186
5/26/2015,5058,4930,5090,4918,886790
5/25/2015,4918,4898,4934,4876,461842
5/22/2015,4938,4936,4966,4912,450228
5/21/2015,4918,4910,4952,4894,517618
5/20/2015,4908,5000,5006,4860,851050
5/19/2015,5026,5096,5100,5008,559642
5/18/2015,5100,5110,5110,5062,590556
5/15/2015,5138,5124,5164,5102,941750
5/14/2015,5112,5114,5124,5058,729058
5/13/2015,5116,5122,5172,5110,985976
5/12/2015,5092,5106,5130,5064,876902
5/11/2015,5094,5032,5100,5018,709774
5/8/2015,5008,5098,5098,5002,860076
5/7/2015,5108,5154,5168,5072,948898
5/6/2015,5162,5070,5206,5056,1360948
5/5/2015,5050,4990,5092,4984,1182844
5/4/2015,4980,4870,4990,4854,737616
4/30/2015,4878,4860,4904,4836,670580
4/29/2015,4852,4870,4892,4830,632060
4/28/2015,4868,4886,4932,4858,901886
4/27/2015,4908,4870,4924,4834,840964
4/24/2015,4868,4898,4930,4860,940678
4/23/2015,4880,4902,4926,4872,956542
4/22/2015,4896,4912,4934,4854,822094
4/21/2015,4918,4824,4926,4812,1010870
4/20/2015,4846,4752,4848,4748,897266
4/17/2015,4742,4742,4774,4734,406422
4/16/2015,4762,4704,4802,4690,886354
4/15/2015,4720,4666,4734,4662,747760
4/14/2015,4642,4670,4686,4632,360574
4/13/2015,4674,4644,4688,4636,414654
4/10/2015,4626,4630,4672,4620,386470
4/9/2015,4656,4696,4702,4648,365568
4/8/2015,4714,4726,4730,4692,303586
4/7/2015,4746,4706,4778,4702,294052
4/3/2015,4678,4652,4680,4646,306492
4/2/2015,4670,4650,4688,4612,572444
4/1/2015,4650,4626,4696,4620,398886
3/31/2015,4644,4680,4686,4632,429164
3/30/2015,4664,4700,4706,4642,469874
3/27/2015,4688,4750,4762,4674,514884
3/26/2015,4752,4752,4766,4698,610362
3/25/2015,4716,4740,4752,4714,450566
3/24/2015,4730,4730,4788,4708,702168
3/23/2015,4732,4650,4744,4642,685230
3/20/2015,4688,4730,4756,4678,593376
3/19/2015,4738,4652,4774,4652,803982
3/18/2015,4616,4602,4626,4578,637820
3/17/2015,4662,4660,4680,4646,344602
3/16/2015,4650,4724,4734,4536,505634
3/13/2015,4724,4742,4756,4706,322900
3/12/2015,4748,4754,4776,4732,316596
3/11/2015,4742,4744,4752,4706,396420
3/10/2015,4742,4804,4808,4732,441202
3/9/2015,4814,4830,4834,4760,297770
3/6/2015,4818,4900,4900,4816,254300
3/5/2015,4918,4990,4990,4892,277524
3/4/2015,5142,5124,5170,5100,241488
3/3/2015,5106,5164,5220,5070,529290
3/2/2015,5164,5100,5174,5100,447282
2/27/2015,5100,4974,5104,4966,350754
2/26/2015,4962,4952,4974,4936,116924
2/25/2015,4822,4824,4824,4822,4
2/17/2015,4996,5002,5016,4990,82618
2/16/2015,5000,4990,5030,4972,204542
2/13/2015,4986,4902,4988,4890,327188
2/12/2015,4886,4918,4924,4882,323994
2/11/2015,4936,4912,4942,4898,259104
2/10/2015,4940,4892,4942,4886,273506
2/9/2015,4916,4930,4934,4884,397022
2/6/2015,4896,4888,4952,4846,812316
2/5/2015,4802,4778,4826,4736,479924
2/4/2015,4750,4740,4818,4736,343794
2/3/2015,4736,4718,4750,4696,293516
2/2/2015,4694,4680,4708,4628,336800
1/30/2015,4652,4722,4746,4610,617164
1/29/2015,4756,4814,4818,4736,332030
1/28/2015,4810,4834,4850,4780,315388
1/27/2015,4826,4840,4868,4822,327400
1/26/2015,4838,4852,4874,4836,247708
1/23/2015,4870,4890,4892,4854,329186
1/22/2015,4876,4870,4908,4864,285746
1/21/2015,4894,4888,4928,4870,382368
1/20/2015,4888,4880,4912,4864,295924
1/19/2015,4896,4936,4982,4760,718154
1/16/2015,4942,4956,4998,4920,379078
1/15/2015,4956,4926,4974,4900,428382
1/14/2015,4938,4986,5008,4924,358504
1/13/2015,4982,5058,5058,4972,299966
1/12/2015,5060,5050,5076,5044,227010
1/9/2015,5052,5086,5098,5040,433036
1/8/2015,5062,5070,5088,5038,473784
1/7/2015,5026,5040,5066,5004,342328
1/6/2015,5038,5000,5050,4984,393316
1/5/2015,5006,5048,5052,4982,240460
12/31/2014,5078,5068,5098,5052,382500
12/30/2014,5082,5066,5130,5046,580278
12/29/2014,5062,4952,5100,4944,873286
12/26/2014,4932,4938,4956,4926,263076
12/25/2014,4934,4922,4946,4920,246104
12/24/2014,4930,4938,4966,4918,587818
12/23/2014,4924,4950,4950,4916,385620
12/22/2014,4950,4924,4958,4912,581946
12/19/2014,4908,4950,4974,4898,453586
12/18/2014,4926,4940,4970,4892,801738
12/17/2014,4940,4928,4976,4920,698988
12/16/2014,4952,5022,5038,4948,831622
12/15/2014,5028,5004,5050,4992,797124
12/12/2014,5010,5030,5054,5002,841794
12/11/2014,4998,5048,5078,4990,1109528
12/10/2014,5044,5002,5058,5002,1087636
12/9/2014,5010,5022,5030,4986,1046450
12/8/2014,5038,5046,5066,5034,892934
12/5/2014,5044,5020,5050,5002,1126866
12/4/2014,5038,5062,5084,5022,1157050
12/3/2014,5044,5050,5116,4980,1746002
12/2/2014,5062,5060,5160,5030,1436244
12/1/2014,5042,5208,5218,5042,919968
11/28/2014,5200,5308,5320,5196,1089450
11/27/2014,5334,5330,5338,5278,694232
11/26/2014,5306,5338,5350,5302,649236
11/25/2014,5318,5298,5336,5286,751214
11/24/2014,5306,5356,5368,5306,1043598
11/21/2014,5306,5296,5314,5280,708290
11/20/2014,5286,5340,5352,5276,800408
11/19/2014,5344,5366,5378,5318,856430
11/18/2014,5334,5346,5366,5286,732726
11/17/2014,5340,5320,5384,5314,889232
11/14/2014,5332,5352,5388,5330,1043538
11/13/2014,5374,5410,5442,5348,985602
11/12/2014,5420,5380,5450,5380,941992
11/11/2014,5342,5388,5426,5324,838286
11/10/2014,5366,5300,5368,5280,764366
11/7/2014,5336,5260,5368,5252,793754
11/6/2014,5296,5268,5318,5230,761432
11/5/2014,5178,5316,5316,5176,730156
11/4/2014,5338,5410,5422,5314,629582
11/3/2014,5394,5374,5430,5366,779432
10/31/2014,5396,5342,5402,5324,704750
10/30/2014,5362,5316,5402,5296,1218258
10/29/2014,5294,5178,5298,5166,944372
10/28/2014,5150,5130,5152,5114,277966
10/27/2014,5140,5172,5180,5120,289706
10/24/2014,5178,5170,5206,5168,449324
10/23/2014,5170,5158,5196,5150,600892
10/22/2014,5140,5124,5144,5110,556062
10/21/2014,5118,5142,5160,5108,533512
10/20/2014,5138,5200,5208,5128,514696
10/17/2014,5190,5170,5236,5158,999212
10/16/2014,5188,5220,5232,5180,650980
10/15/2014,5244,5258,5324,5222,1282604
10/14/2014,5264,5200,5276,5184,671528
10/13/2014,5218,5222,5228,5184,888604
10/10/2014,5230,5260,5264,5194,809672
10/9/2014,5276,5242,5284,5218,475438
9/30/2014,5240,5188,5250,5176,558414
9/29/2014,5166,5170,5188,5148,486696
9/26/2014,5218,5270,5278,5154,1219522
9/25/2014,5250,5170,5268,5164,891632
9/24/2014,5140,5126,5162,5124,531248
9/23/2014,5116,5084,5138,5036,1180588
9/22/2014,5076,5172,5198,5062,751222
9/19/2014,5196,5252,5262,5182,557042
9/18/2014,5278,5258,5288,5250,654990
9/17/2014,5238,5228,5248,5212,438936
9/16/2014,5226,5216,5298,5188,733594
9/15/2014,5240,5210,5260,5182,522472
9/12/2014,5198,5182,5202,5152,564972
9/11/2014,5160,5142,5178,5128,505750
9/10/2014,5130,5192,5196,5090,731582
9/9/2014,5188,5230,5250,5184,172444
9/5/2014,5230,5250,5268,5204,459236
9/4/2014,5194,5202,5222,5180,431824
9/3/2014,5188,5188,5238,5172,474940
9/2/2014,5182,5160,5196,5140,435856
9/1/2014,5156,5148,5166,5124,559378
8/29/2014,5196,5194,5216,5170,384972
8/28/2014,5198,5186,5212,5168,493170
8/27/2014,5222,5178,5260,5116,1259478
8/26/2014,5166,5208,5228,5160,489172
8/25/2014,5174,5212,5216,5104,1021220
8/22/2014,5254,5250,5276,5240,303492
8/21/2014,5262,5236,5302,5230,816092
8/20/2014,5252,5286,5286,5236,542058
8/19/2014,5306,5296,5314,5288,299832
8/18/2014,5298,5372,5378,5284,722948
8/15/2014,5382,5448,5466,5376,730258
8/14/2014,5440,5566,5574,5412,686360
8/13/2014,5564,5578,5582,5556,263474
8/12/2014,5570,5570,5590,5544,419232
8/11/2014,5612,5608,5642,5592,344956
8/8/2014,5626,5632,5648,5612,203530
8/7/2014,5626,5610,5646,5606,280002
8/6/2014,5606,5608,5624,5600,206854
8/5/2014,5628,5638,5656,5614,323646
8/4/2014,5634,5656,5666,5610,353896
8/1/2014,5656,5640,5660,5636,295872
7/31/2014,5656,5660,5678,5636,459968
7/30/2014,5654,5630,5662,5618,591772
7/29/2014,5652,5610,5670,5610,395002
7/28/2014,5628,5616,5662,5572,645854
7/25/2014,5650,5690,5690,5634,438800
7/24/2014,5646,5586,5668,5572,454604
7/23/2014,5594,5644,5644,5558,687958
7/22/2014,5644,5668,5676,5592,564984
7/21/2014,5670,5712,5736,5656,581670
7/18/2014,5694,5710,5714,5676,388586
7/17/2014,5720,5720,5728,5702,269058
7/16/2014,5710,5682,5742,5674,469054
7/15/2014,5684,5676,5718,5666,449586
7/14/2014,5712,5776,5780,5676,589750
7/11/2014,5806,5858,5862,5794,486764
7/10/2014,5858,5786,5994,5732,1112206
7/9/2014,5786,5788,5800,5762,497622
7/8/2014,5808,5812,5848,5788,474912
7/7/2014,5804,5780,5830,5766,496900
7/4/2014,5792,5792,5814,5782,203766
7/3/2014,5788,5800,5820,5784,231956
7/2/2014,5820,5810,5840,5792,221272
7/1/2014,5786,5796,5844,5732,410288
6/30/2014,5930,5968,5970,5926,219662
6/27/2014,5994,6040,6048,5988,332588
6/26/2014,6058,6052,6076,6034,254678
6/25/2014,6056,6064,6118,6032,619422
6/24/2014,6028,6032,6068,6008,375416
6/23/2014,6034,5938,6058,5936,427804
6/20/2014,5938,5910,5954,5898,221134
6/19/2014,5900,5930,5942,5894,254450
6/18/2014,5900,5878,5940,5858,365554
6/17/2014,5880,5896,5898,5832,294034
6/16/2014,5888,5944,5966,5884,168192
6/13/2014,5898,5878,5906,5862,179352
6/12/2014,5758,5750,5776,5734,170110
6/11/2014,5780,5830,5848,5770,249138
6/10/2014,5834,5858,5884,5830,176416
6/9/2014,5858,5844,5872,5832,118450
6/6/2014,5836,5826,5850,5804,157556
6/5/2014,5844,5876,5908,5844,261946
6/4/2014,5814,5800,5838,5794,157658
6/3/2014,5820,5828,5838,5782,165284
5/30/2014,5882,5896,5900,5862,235256
5/29/2014,5912,5928,5952,5910,209180
5/28/2014,5960,5870,5976,5870,325534
5/27/2014,5890,5900,5934,5880,306560
5/26/2014,5898,5916,5932,5886,208388
5/23/2014,5952,5928,5980,5916,266346
5/22/2014,5922,5918,5950,5902,274058
5/21/2014,5878,5874,5904,5854,306720
5/20/2014,5900,5922,5948,5898,296460
5/19/2014,5952,5974,5974,5940,243510
5/16/2014,6002,6022,6034,5966,288144
5/15/2014,6052,6026,6068,6010,367312
5/14/2014,6022,6030,6052,5994,368846
5/13/2014,6030,5952,6036,5932,590290
5/12/2014,5962,5996,6002,5954,265834
5/9/2014,5988,5996,5998,5958,207232
5/8/2014,5968,6008,6012,5952,283684
5/7/2014,6002,5972,6024,5972,307938
5/6/2014,5988,5986,6006,5966,314340
5/5/2014,6006,6070,6074,6006,396906
5/1/2014,5938,5938,5938,5938,12
4/30/2014,6130,6166,6170,6118,315216
4/29/2014,6170,6150,6176,6124,421708
4/28/2014,6192,6186,6240,6176,389682
4/25/2014,6158,6160,6210,6148,369186
4/24/2014,6140,6138,6160,6116,264026
4/23/2014,6148,6156,6182,6120,325942
4/22/2014,6190,6138,6204,6114,348408
4/21/2014,6126,6192,6246,6124,393312
4/18/2014,6190,6192,6208,6164,322750
4/17/2014,6238,6250,6286,6218,378724
4/16/2014,6212,6124,6214,6114,541596
4/15/2014,6086,6108,6130,6058,462390
4/14/2014,6112,6088,6136,6082,416928
4/11/2014,6080,6146,6160,6046,664280
4/10/2014,6144,6250,6270,6144,531234
4/9/2014,6176,6260,6280,6156,598674
4/8/2014,6230,6200,6244,6188,277144
4/4/2014,6260,6246,6268,6218,341150
4/3/2014,6182,6230,6246,6178,450296
4/2/2014,6294,6266,6370,6252,627970
4/1/2014,6194,6180,6210,6124,550946
3/31/2014,6170,6162,6216,6148,481756
3/28/2014,6182,6184,6222,6162,486642
3/27/2014,6224,6172,6256,6140,575408
3/26/2014,6196,6138,6230,6136,495586
3/25/2014,6126,6122,6176,6072,573290
3/24/2014,6160,6140,6186,6120,382008
3/21/2014,6140,6122,6204,6112,576008
3/20/2014,6146,6248,6248,6132,589600
3/19/2014,6276,6230,6286,6226,595298
3/18/2014,6204,6194,6270,6186,587994
3/17/2014,6222,6248,6268,6204,507034
3/14/2014,6274,6368,6392,6252,592886
3/12/2014,6438,6448,6482,6382,797856
3/11/2014,6518,6344,6546,6322,1082688
3/10/2014,6418,6406,6420,6314,674140
3/6/2014,6356,6340,6358,6290,508352
3/5/2014,6372,6322,6380,6290,569874
3/4/2014,6244,6276,6316,6238,484566
3/3/2014,6298,6268,6322,6260,505736
2/28/2014,6212,6240,6240,6156,427112
2/27/2014,6266,6300,6310,6256,577728
2/26/2014,6240,6200,6242,6126,499570
2/25/2014,6208,6208,6238,6188,298548
2/24/2014,6164,6120,6170,6074,565260
2/21/2014,6074,6140,6140,6052,372234
2/20/2014,6100,6092,6102,6024,429242
2/19/2014,6078,6120,6168,6074,518876
2/18/2014,6000,6028,6066,5996,495242
2/17/2014,6010,5976,6020,5950,318374
2/14/2014,6018,5976,6020,5962,327622
2/13/2014,5932,5906,5972,5892,446058
2/12/2014,5886,5868,5888,5848,236692
2/11/2014,5838,5886,5886,5828,285780
2/10/2014,5876,5790,5892,5790,338430
2/7/2014,5804,5780,5860,5780,272372
1/30/2014,5672,5662,5704,5630,209596
1/29/2014,5672,5694,5726,5662,245736
1/28/2014,5660,5744,5750,5660,330686
1/27/2014,5774,5840,5846,5752,355894
1/24/2014,5842,5860,5884,5830,316818
1/23/2014,5846,5854,5874,5816,531724
1/22/2014,5866,5880,5920,5858,394544
1/21/2014,5888,5910,5936,5876,387396
1/20/2014,5922,5806,5936,5764,750760
1/17/2014,5824,5830,5846,5798,332438
1/15/2014,5780,5830,5854,5770,472000
1/14/2014,5848,5806,5854,5794,443412
1/13/2014,5828,5862,5874,5788,623502
1/10/2014,5850,5832,5884,5824,611098
1/9/2014,5812,5800,5866,5768,686098
1/8/2014,5786,5920,5930,5776,899106
1/7/2014,5936,5992,5992,5902,530696
1/6/2014,5976,6054,6062,5958,611684
1/3/2014,6068,6110,6118,6036,529516
1/2/2014,6148,6080,6150,6068,629522
12/31/2013,6038,6030,6072,6016,523028
12/30/2013,6066,6050,6116,6026,860460
12/27/2013,6050,5930,6066,5928,860784
12/26/2013,5942,5922,5958,5916,505814
12/25/2013,5926,6010,6022,5916,755054
12/24/2013,6010,6046,6056,6000,663666
12/23/2013,6056,6060,6080,5974,926502
12/20/2013,6046,6050,6094,6040,756028
12/19/2013,6028,6060,6078,6010,572124
12/18/2013,6088,6038,6088,5984,886816
12/17/2013,6076,6070,6118,6062,714330
12/16/2013,6036,6070,6092,6032,610974
12/13/2013,6058,6180,6180,6038,964248
12/12/2013,6206,6250,6278,6192,772540
12/11/2013,6260,6220,6260,6200,644756
12/10/2013,6242,6220,6256,6190,888952
12/9/2013,6244,6194,6274,6192,1019802
12/6/2013,6182,6182,6196,6122,791358
12/5/2013,6160,6280,6296,6158,895292
12/4/2013,6252,6206,6268,6202,547510
12/3/2013,6226,6298,6308,6224,872490
12/2/2013,6304,6360,6370,6290,833512
11/29/2013,6366,6332,6370,6312,756338
11/28/2013,6318,6288,6358,6284,787198
11/27/2013,6314,6294,6330,6268,811020
11/26/2013,6294,6410,6436,6288,1184336
11/25/2013,6450,6430,6494,6400,832040
11/22/2013,6440,6430,6488,6424,917988
11/21/2013,6370,6260,6406,6260,1278012
11/19/2013,6216,6230,6264,6206,744268
11/18/2013,6242,6250,6282,6236,517320
11/15/2013,6280,6302,6342,6270,839862
11/14/2013,6332,6310,6344,6282,624410
11/13/2013,6314,6282,6326,6260,951168
11/12/2013,6226,6194,6228,6142,767368
11/11/2013,6184,6228,6300,6174,775084
11/8/2013,6228,6256,6274,6192,669258
11/7/2013,6260,6252,6306,6234,753576
11/6/2013,6270,6264,6300,6252,566750
11/5/2013,6290,6284,6322,6232,754750
11/4/2013,6318,6368,6372,6284,701628
11/1/2013,6374,6310,6374,6284,864288
10/31/2013,6292,6308,6332,6264,886694
10/30/2013,6332,6180,6332,6166,1057172
10/29/2013,6104,6082,6136,6042,812172
10/28/2013,5848,5850,5892,5834,167226
10/25/2013,5858,5882,5884,5832,242794
10/24/2013,5894,5954,5958,5866,255388
10/23/2013,5920,5908,5952,5872,332824
10/22/2013,5862,5938,5938,5852,236982
10/21/2013,5906,5850,5938,5808,395288
10/18/2013,5778,5736,5780,5702,228002
10/17/2013,5746,5708,5790,5708,341188
10/16/2013,5662,5684,5712,5650,226716
10/15/2013,5674,5674,5682,5640,222032
10/14/2013,5680,5610,5700,5600,330052
10/11/2013,5620,5630,5664,5592,324218
10/10/2013,5610,5560,5632,5530,511818
10/9/2013,5524,5516,5564,5506,307014
10/8/2013,5500,5400,5556,5380,444452
9/30/2013,5384,5386,5418,5370,230740
9/27/2013,5378,5400,5418,5364,320470
9/26/2013,5404,5390,5426,5364,214026
9/25/2013,5400,5398,5446,5380,301976
9/24/2013,5410,5380,5434,5370,314586
9/23/2013,5364,5348,5378,5310,244514
9/18/2013,5392,5400,5452,5378,402222
9/17/2013,5412,5402,5414,5354,412372
9/16/2013,5392,5416,5452,5382,370454
9/13/2013,5470,5550,5580,5446,528066
9/12/2013,5498,5500,5540,5474,417396
9/11/2013,5524,5508,5528,5488,338610
9/10/2013,5494,5578,5578,5454,701638
9/9/2013,5640,5650,5680,5632,303300
9/6/2013,5652,5590,5660,5568,511894
9/5/2013,5570,5568,5620,5556,363864
9/4/2013,5584,5578,5604,5550,414388
9/3/2013,5624,5678,5696,5562,513616
9/2/2013,5650,5586,5650,5574,408810
8/30/2013,5554,5598,5598,5532,546672
8/29/2013,5594,5760,5764,5564,766712
8/28/2013,5724,5800,5842,5700,513300
8/27/2013,5826,5854,5862,5778,623748
8/26/2013,5754,5650,5754,5650,221738
8/23/2013,5550,5534,5552,5502,360392
8/22/2013,5524,5520,5564,5490,349752
8/21/2013,5536,5540,5570,5512,286308
8/20/2013,5540,5680,5684,5522,535970
8/19/2013,5634,5650,5674,5612,358864
8/16/2013,5610,5610,5678,5586,517682
8/15/2013,5542,5532,5580,5522,491876
8/14/2013,5510,5570,5626,5494,730174
8/13/2013,5570,5470,5596,5462,791636
8/12/2013,5414,5354,5432,5346,501566
8/9/2013,5358,5340,5414,5340,514098
8/8/2013,5330,5322,5366,5316,320742
8/7/2013,5328,5400,5406,5326,410118
8/6/2013,5422,5464,5468,5418,273202
8/5/2013,5446,5486,5486,5434,336382
8/2/2013,5506,5430,5514,5424,590064
8/1/2013,5412,5418,5442,5394,317060
7/31/2013,5424,5364,5468,5346,672746
7/30/2013,5350,5316,5366,5306,435450
7/29/2013,5356,5376,5408,5354,303176
7/26/2013,5368,5460,5488,5360,506426
7/25/2013,5516,5502,5536,5502,365652
7/24/2013,5568,5580,5594,5540,410580
7/23/2013,5634,5610,5642,5588,479042
7/22/2013,5616,5600,5636,5572,426550
7/19/2013,5596,5650,5676,5582,437980
7/18/2013,5644,5600,5664,5568,563072
7/17/2013,5616,5600,5662,5590,647856
7/16/2013,5636,5660,5678,5610,501280
7/15/2013,5640,5780,5780,5638,787282
7/12/2013,5818,5906,5916,5806,583298
7/11/2013,5932,5894,5982,5888,480354
7/10/2013,5882,5900,5926,5824,405236
7/9/2013,5872,5858,5892,5852,287772
7/8/2013,5850,5930,5960,5834,487148
7/5/2013,5890,5928,5934,5870,304182
7/4/2013,5928,5908,5962,5902,448638
7/3/2013,5888,5904,5918,5878,313970
7/2/2013,5898,5900,5930,5862,348176
7/1/2013,5910,5820,5932,5814,450376
6/28/2013,5844,5818,5878,5790,391178
6/27/2013,5828,5846,5864,5806,405884
6/26/2013,5878,5910,5960,5818,649500
6/25/2013,5924,5948,5966,5880,655698
6/24/2013,5918,5956,6016,5902,562994
6/21/2013,5998,6096,6100,5982,781474
6/20/2013,6198,6240,6274,6184,460298
6/19/2013,6238,6252,6268,6210,417978
6/18/2013,6272,6276,6342,6270,450990
6/17/2013,6256,6222,6276,6210,477216
6/14/2013,6218,6264,6268,6182,452664
6/13/2013,6276,6284,6356,6254,498960
6/7/2013,6358,6190,6382,6152,1177478
6/6/2013,6166,6072,6186,6072,509870
6/5/2013,6090,6112,6124,6064,335878
6/4/2013,6102,6196,6202,6090,420472
6/3/2013,6192,6160,6208,6158,316442
5/31/2013,6140,6144,6182,6130,323952
5/30/2013,6144,6154,6192,6114,494066
5/29/2013,6200,6170,6254,6162,536738
5/28/2013,6164,6146,6196,6130,538896
5/27/2013,6132,6098,6138,6070,342284
5/24/2013,6118,6070,6180,6062,688968
5/23/2013,6048,6124,6130,6034,435272
5/22/2013,6104,6060,6136,6056,557486
5/21/2013,6048,6040,6070,6000,462942
5/20/2013,6046,6092,6094,6016,569074
5/17/2013,6078,6066,6098,6048,457586
5/16/2013,6042,5968,6090,5942,715242
5/15/2013,5954,6120,6120,5934,716102
5/14/2013,6110,6156,6176,6096,496924
5/13/2013,6118,6118,6170,6102,613534
5/10/2013,6120,5982,6146,5974,904302
5/9/2013,5966,5970,6008,5944,363968
5/8/2013,5986,5926,5996,5914,582908
5/7/2013,5904,5916,5964,5896,491882
5/6/2013,5948,5920,5970,5880,529046
5/3/2013,5884,5844,5926,5844,476546
5/2/2013,5834,5900,5900,5826,370838
4/26/2013,5950,6022,6048,5950,564616
4/25/2013,5980,5980,6042,5968,576998
4/24/2013,5936,6008,6056,5924,649808
4/23/2013,6020,5958,6046,5938,605500
4/22/2013,5958,6088,6090,5958,571482
4/19/2013,6120,6112,6158,6104,458732
4/18/2013,6086,6092,6114,6026,482780
4/17/2013,6112,6170,6210,6080,496658
4/16/2013,6148,6100,6162,6034,623680
4/15/2013,6168,6260,6276,6130,548920
4/12/2013,6326,6294,6338,6268,476378
4/11/2013,6292,6360,6392,6288,590408
4/10/2013,6396,6358,6410,6312,603664
4/9/2013,6326,6300,6358,6298,423328
4/8/2013,6282,6170,6294,6168,537224
4/3/2013,6216,6200,6300,6166,851898
4/2/2013,6228,6120,6232,6112,663122
4/1/2013,6120,6210,6246,6118,444522
3/29/2013,6246,6208,6266,6102,586028
3/28/2013,6294,6410,6420,6278,593314
3/27/2013,6416,6388,6418,6346,421224
3/26/2013,6360,6410,6414,6332,512484
3/25/2013,6416,6444,6478,6402,436712
3/22/2013,6386,6406,6448,6370,434108
3/21/2013,6444,6380,6460,6374,340986
3/20/2013,6344,6296,6360,6276,328446
3/19/2013,6332,6302,6350,6302,352622
3/18/2013,6276,6314,6346,6220,542104
3/15/2013,6362,6280,6390,6252,742690
3/14/2013,6264,6350,6358,6246,670986
3/13/2013,6340,6510,6510,6336,654390
3/12/2013,6510,6598,6602,6500,570042
3/11/2013,6578,6626,6636,6576,450108
3/8/2013,6622,6640,6642,6606,350178
3/7/2013,6570,6600,6636,6566,485582
3/6/2013,6612,6606,6664,6560,664798
3/5/2013,6602,6688,6696,6572,689472
3/4/2013,6644,6620,6666,6596,515800
3/1/2013,6608,6602,6646,6582,655196
2/28/2013,6624,6730,6756,6622,948238
2/27/2013,6732,6728,6744,6676,458156
2/26/2013,6702,6780,6828,6698,734330
2/25/2013,6780,6950,6960,6768,799048
2/22/2013,7066,7010,7104,6992,580722
2/21/2013,7024,7084,7086,6964,568116
2/20/2013,7124,7148,7170,7110,318866
2/19/2013,7118,7068,7130,7064,384700
2/18/2013,7056,7018,7082,7000,350084
2/8/2013,7088,7102,7156,7082,307504
2/7/2013,7116,7144,7146,7078,334800
2/6/2013,7136,7156,7186,7122,293486
2/5/2013,7156,7170,7196,7142,454762
2/4/2013,7190,7216,7252,7180,479612
2/1/2013,6864,6820,6868,6816,155778
1/31/2013,6836,6798,6844,6766,165620
1/30/2013,6756,6704,6756,6696,130478
1/29/2013,6702,6732,6732,6682,140060
1/28/2013,6724,6730,6742,6678,144128
1/25/2013,6724,6748,6762,6716,154504
1/24/2013,6720,6796,6808,6686,239094
1/23/2013,6826,6838,6850,6798,182746
1/22/2013,6818,6746,6820,6746,293718
1/21/2013,6752,6736,6778,6726,301050
1/18/2013,6746,6720,6750,6652,537290
1/17/2013,6712,6800,6818,6700,453498
1/16/2013,6776,6750,6800,6740,399654
1/15/2013,6726,6752,6788,6718,464414
1/14/2013,6698,6700,6730,6662,500238
1/11/2013,6640,6732,6748,6634,698016
1/10/2013,6726,6838,6874,6722,642526
1/9/2013,6804,6860,6860,6800,525870
1/8/2013,6844,6978,6988,6828,718090
1/7/2013,6964,6966,7016,6940,604152
1/4/2013,7028,6940,7038,6898,626342
12/31/2012,6922,6980,7044,6916,653958
12/28/2012,6964,7012,7026,6932,749854
12/27/2012,7016,6860,7018,6848,941560
12/26/2012,6870,6872,6930,6842,523820
12/25/2012,6866,6854,6908,6810,646886
12/24/2012,6842,6882,6946,6840,757034
12/21/2012,6858,6740,6874,6706,868566
12/20/2012,6738,6726,6756,6666,607584
12/19/2012,6772,6766,6788,6728,403098
12/18/2012,6812,6820,6864,6788,532656
12/17/2012,6830,6810,6882,6796,548296
12/14/2012,6788,6690,6798,6682,532150
12/13/2012,6698,6688,6736,6664,603440
12/12/2012,6678,6752,6774,6676,799746
12/11/2012,6788,6872,6896,6788,823078
12/10/2012,6860,6824,6900,6802,522018
12/7/2012,6838,6820,6850,6784,430682
12/6/2012,6810,6876,6886,6790,544898
12/5/2012,6836,6800,6846,6770,528584
12/4/2012,6796,6788,6800,6728,645198
12/3/2012,6840,6748,6880,6746,528054
11/30/2012,6756,6750,6760,6662,802986
11/29/2012,6744,6766,6780,6702,649044
11/28/2012,6740,6840,6860,6730,724406
11/27/2012,6808,6828,6870,6794,518110
11/26/2012,6816,6788,6836,6766,582850
11/23/2012,6762,6748,6766,6656,822426
11/22/2012,6770,6798,6798,6744,398160
11/21/2012,6782,6798,6798,6734,455950
11/20/2012,6756,6800,6816,6710,698888
11/19/2012,6772,6714,6782,6710,441270
11/16/2012,6670,6766,6784,6662,595276
11/15/2012,6750,6758,6838,6736,694378
11/14/2012,6748,6690,6758,6630,639082
11/13/2012,6650,6620,6696,6612,577820
11/12/2012,6554,6608,6628,6482,735930
11/9/2012,6708,6766,6794,6702,760706
11/8/2012,6788,6806,6868,6780,437004
11/7/2012,6856,6836,6882,6762,535064
11/6/2012,6838,6798,6888,6786,412430
11/5/2012,6784,6880,6920,6764,507862
11/2/2012,6962,7068,7092,6936,577100
11/1/2012,7074,7024,7106,7024,331110
10/31/2012,7046,7012,7060,6950,601068
10/30/2012,7012,7060,7094,6980,389154
10/29/2012,7064,7100,7158,7060,319642
10/26/2012,7134,7230,7280,7100,426548
10/25/2012,7242,7330,7350,7240,295552
10/24/2012,7330,7278,7330,7250,285330
10/23/2012,7236,7282,7320,7226,294152
10/22/2012,7254,7218,7256,7160,211276
10/19/2012,7218,7260,7280,7218,186826
10/18/2012,6950,6920,6976,6906,166870
10/17/2012,6884,6860,6936,6856,260392
10/16/2012,6926,6876,6932,6862,227924
10/15/2012,6842,6814,6858,6754,415580
10/12/2012,6898,7044,7082,6884,473152
10/11/2012,7000,6972,7038,6930,477136
10/10/2012,7022,6974,7048,6962,423594
10/9/2012,7014,6882,7046,6880,560036
10/8/2012,6872,7020,7020,6838,480794
9/28/2012,7186,7206,7244,7172,220106
9/27/2012,7158,7140,7244,7128,342602
9/26/2012,7230,7252,7318,7222,388272
9/25/2012,7266,7352,7380,7202,687014
9/24/2012,7350,7550,7550,7350,390494
9/21/2012,7614,7720,7730,7606,320744
9/20/2012,7760,7840,7852,7744,224170
9/19/2012,7802,7800,7852,7774,187498
9/18/2012,7744,7850,7866,7706,287684
9/17/2012,7908,8044,8094,7900,329116
9/14/2012,8046,8050,8098,8010,256058
9/13/2012,7946,7960,8032,7940,246730
9/12/2012,7936,7912,7948,7880,247238
9/11/2012,7914,8002,8056,7896,361204
9/10/2012,8010,7992,8032,7954,236864
9/7/2012,7974,8074,8108,7972,366050
9/6/2012,8074,8138,8138,8056,262224
9/5/2012,8200,8206,8302,8140,389608
9/4/2012,8244,8256,8352,8216,319666
9/3/2012,8230,8088,8280,8072,339806
8/31/2012,8064,8160,8170,8056,257594
8/30/2012,8196,8182,8232,8132,258272
8/29/2012,8140,8162,8218,8072,320784
8/28/2012,8174,8210,8260,8164,241806
8/27/2012,8284,8300,8338,8240,383742
8/24/2012,8240,8054,8244,8036,589326
8/23/2012,8084,8086,8150,8022,312612
8/22/2012,8042,7922,8054,7886,519052
8/21/2012,7838,7850,7866,7790,247902
8/20/2012,7808,7846,7846,7796,220434
8/17/2012,7814,7760,7858,7752,413684
8/16/2012,7736,7728,7750,7680,287284
8/15/2012,7708,7666,7730,7630,298532
8/14/2012,7690,7720,7748,7588,403238
8/13/2012,7738,7800,7824,7736,254684
8/10/2012,7746,7880,7884,7714,320382
8/9/2012,7854,7788,7860,7778,236606
8/8/2012,7758,7802,7810,7754,200732
8/7/2012,7826,7782,7844,7782,193630
8/6/2012,7788,7700,7820,7696,232664
8/3/2012,7750,7700,7780,7698,194452
8/2/2012,7768,7810,7810,7696,326368
8/1/2012,7854,7880,7920,7840,230106
7/31/2012,7860,7830,7892,7802,250418
7/30/2012,7852,7840,7924,7784,285630
7/27/2012,7768,7650,7774,7650,206634
7/26/2012,7694,7692,7718,7634,190932
7/25/2012,7652,7604,7742,7604,245320
7/24/2012,7706,7700,7748,7592,269814
7/23/2012,7882,8000,8000,7876,260188
7/20/2012,8082,8062,8130,8034,306522
7/19/2012,8052,8090,8100,8008,419540
7/18/2012,8038,8178,8186,8004,323388
7/17/2012,8154,8284,8292,8120,305624
7/16/2012,8252,8100,8280,8100,321816
7/13/2012,8040,8010,8046,7966,315616
7/12/2012,7998,8114,8114,7984,295556
7/11/2012,8134,8230,8306,8072,466146
7/10/2012,8202,8280,8298,8196,237546
7/9/2012,8308,8200,8344,8174,436240
7/6/2012,8212,8232,8306,8206,343816
7/5/2012,8222,8180,8262,8166,318534
7/4/2012,8194,8202,8246,8152,259780
7/3/2012,8176,8120,8182,8102,219858
7/2/2012,8096,8200,8224,8096,242098
6/29/2012,8068,7930,8070,7920,330336
6/28/2012,7952,8030,8042,7944,238152
6/27/2012,8004,8008,8026,7950,330606
6/26/2012,7998,8066,8066,7974,343468
6/25/2012,8006,8030,8120,7992,413134
6/21/2012,7946,7928,7980,7882,361144
6/20/2012,8016,7900,8022,7874,373030
6/19/2012,7814,7770,7848,7744,327378
6/18/2012,7742,7746,7754,7676,372586
6/15/2012,7658,7630,7694,7602,412216
6/14/2012,7628,7768,7772,7626,424010
6/13/2012,7824,7858,7882,7820,173824
6/12/2012,7862,7830,7866,7816,175768
6/11/2012,7928,7810,7934,7808,248548
6/8/2012,7760,7832,7840,7702,237002
6/7/2012,7782,7802,7858,7760,181480
6/6/2012,7742,7718,7802,7690,223252
6/5/2012,7704,7700,7766,7684,168828
6/4/2012,7640,7810,7812,7586,235740
6/1/2012,7836,7886,7924,7834,126730
5/31/2012,7922,7906,7974,7906,98598
5/30/2012,7982,8020,8036,7968,125710
5/29/2012,8052,8004,8062,7986,144484
5/28/2012,8022,7980,8040,7958,161244
5/25/2012,7942,7922,7948,7856,233862
5/24/2012,7926,7900,7928,7828,221750
5/23/2012,7908,7998,8000,7890,193810
5/22/2012,8088,8056,8118,8056,165580
5/21/2012,8076,8028,8110,7996,200188
5/18/2012,7976,8120,8124,7966,300324
5/17/2012,8156,8170,8200,8080,206152
5/16/2012,8118,8228,8270,8090,200634
5/15/2012,8230,8240,8256,8170,174364
5/14/2012,8286,8444,8444,8264,240426
5/11/2012,8438,8620,8648,8432,262726
5/10/2012,8650,8552,8662,8542,236426
5/9/2012,8568,8548,8570,8512,94146
5/8/2012,8582,8562,8614,8554,111838
5/7/2012,8538,8572,8586,8510,130218
5/4/2012,8650,8600,8652,8596,104284
5/3/2012,8634,8702,8714,8630,129226
5/2/2012,8730,8770,8778,8712,127394
4/27/2012,8776,8798,8798,8760,99422
4/26/2012,8774,8766,8788,8726,270504
4/25/2012,8758,8852,8862,8752,238172
4/24/2012,8786,8850,8858,8770,186346
4/23/2012,8878,8900,8928,8874,127584
4/20/2012,8820,8836,8850,8802,166120
4/19/2012,8842,8820,8844,8806,144524
4/18/2012,8854,8896,8916,8790,284784
4/17/2012,8862,8850,8876,8842,131816
4/16/2012,8856,8850,8890,8822,191804
4/13/2012,8980,9000,9026,8964,212410
4/12/2012,8932,8938,8948,8892,174530
4/11/2012,8908,8952,8954,8864,191622
4/10/2012,9026,8950,9034,8928,192478
4/9/2012,8956,9030,9030,8944,176162
4/6/2012,8968,8898,8982,8882,221622
4/5/2012,8876,8810,8888,8766,186252
3/30/2012,8574,8618,8636,8570,135300
3/29/2012,8664,8710,8734,8620,241496
3/28/2012,8716,8712,8774,8676,233098
3/27/2012,8742,8760,8770,8708,161820
3/26/2012,8766,8688,8770,8668,238792
3/23/2012,8642,8524,8644,8522,178606
3/22/2012,8508,8550,8594,8506,167466
3/21/2012,8532,8512,8554,8500,115306
3/20/2012,8542,8640,8644,8536,183290
3/19/2012,8658,8654,8690,8636,138356
3/16/2012,8624,8670,8694,8610,178614
3/15/2012,8614,8610,8664,8572,276508
3/14/2012,8582,8650,8688,8564,282606
3/13/2012,8596,8520,8608,8512,208692
3/12/2012,8530,8550,8582,8500,268502
3/9/2012,8568,8370,8570,8366,323004
3/8/2012,8340,8272,8346,8264,107276
3/7/2012,8262,8280,8290,8252,59848
3/6/2012,8322,8350,8350,8310,62306
3/5/2012,8358,8376,8390,8324,73882
3/2/2012,8348,8336,8360,8326,66454
3/1/2012,8298,8360,8376,8296,129632
2/29/2012,8408,8412,8420,8380,64278
2/28/2012,8434,8402,8438,8398,69506
2/27/2012,8388,8364,8414,8358,94094
2/24/2012,8348,8366,8374,8312,110988
2/23/2012,8364,8362,8366,8312,80786
2/22/2012,8366,8394,8394,8350,75796
2/21/2012,8366,8360,8370,8302,131620
2/20/2012,8334,8350,8410,8326,146592
2/17/2012,8286,8240,8296,8240,85110
2/16/2012,8218,8260,8278,8172,120152
2/15/2012,8262,8282,8312,8260,109942
2/14/2012,8260,8302,8312,8250,93920
2/13/2012,8270,8218,8290,8210,136920
2/10/2012,8188,8232,8234,8176,82232
2/9/2012,8246,8200,8268,8200,150364
2/8/2012,8230,8150,8230,8134,122210
2/7/2012,8134,8180,8196,8102,96022
2/6/2012,8170,8140,8180,8130,85118
2/3/2012,8084,8096,8120,8070,79004
2/2/2012,8092,8020,8104,8018,111332
2/1/2012,8010,7990,8052,7984,63116
1/31/2012,7974,7958,7988,7954,57562
1/30/2012,8026,8052,8072,8016,52186
1/20/2012,8044,8004,8056,7998,49542
1/19/2012,7984,7956,7994,7928,66138
1/18/2012,7922,7970,7994,7918,80378
1/17/2012,7984,7960,7990,7924,79546
1/16/2012,7920,7980,7980,7826,72612
1/13/2012,8040,8092,8110,8032,67744
1/12/2012,8140,8122,8158,8120,50932
1/11/2012,8172,8162,8198,8132,77544
1/10/2012,8162,8188,8220,8162,82518
1/9/2012,8136,8080,8158,8074,80404
1/6/2012,8130,8100,8146,8064,63322
1/5/2012,8150,8136,8188,8086,68782
1/4/2012,8086,8100,8140,8072,55714
12/30/2011,8002,7952,8016,7952,49432
12/29/2011,7966,7950,7986,7940,40116
12/28/2011,7986,7950,7994,7940,62632
12/27/2011,7882,7922,7928,7872,52766
12/26/2011,7926,7996,7996,7906,60178
12/23/2011,7936,7910,7956,7900,79670
12/22/2011,7882,7826,7894,7826,96910
12/21/2011,7826,7844,7844,7810,51536
12/20/2011,7790,7826,7826,7766,105932
12/19/2011,7828,7880,7882,7790,118534
12/16/2011,7840,7812,7850,7770,109104
12/15/2011,7782,7708,7804,7698,148074
12/14/2011,7794,7842,7846,7690,147218
12/13/2011,7824,7854,7896,7820,100992
12/12/2011,7858,7908,7922,7838,123998
12/9/2011,7968,7968,8010,7930,89622
12/8/2011,7978,8004,8010,7916,127862
12/7/2011,8026,8000,8030,7956,83000
12/6/2011,7972,7978,7988,7938,88590
12/5/2011,8010,8018,8028,7970,93044
12/1/2011,7968,7980,8020,7910,158450
11/30/2011,7770,7882,7890,7758,133624
11/29/2011,7864,7836,7880,7780,153004
11/28/2011,7812,7780,7860,7780,155746
11/25/2011,7760,7720,7854,7704,228476
11/24/2011,7792,7880,7900,7706,266802
11/23/2011,7938,8070,8084,7924,176812
11/22/2011,8022,8070,8134,7996,235666
11/21/2011,8152,8162,8212,8126,161888
11/18/2011,8216,8130,8230,8070,215168
11/17/2011,8292,8224,8340,8190,277910
11/16/2011,8170,8354,8354,8158,209500
11/15/2011,8252,8220,8276,8164,238990
11/14/2011,8240,8180,8298,8174,326752
11/11/2011,8130,8030,8168,8000,285030
11/10/2011,7956,7912,7984,7830,218318
11/9/2011,8044,8044,8110,8006,161360
11/8/2011,7974,7974,8006,7896,120404
11/7/2011,7980,8058,8058,7972,96542
11/4/2011,8052,8010,8080,8010,133710
11/3/2011,7900,7962,7970,7894,91222
11/2/2011,8010,7890,8020,7844,119908
11/1/2011,7930,7968,8000,7910,123014
10/31/2011,7950,8046,8056,7932,97438
10/28/2011,8056,8150,8180,8040,121446
10/27/2011,8084,7940,8088,7924,167802
10/26/2011,7964,7920,7986,7904,107648
10/25/2011,7994,7998,8060,7946,176734
10/24/2011,7986,7880,8056,7790,179548
10/21/2011,7858,7780,7858,7780,116750
10/20/2011,7736,7750,7768,7636,190124
10/19/2011,7924,7950,7984,7894,98368
10/18/2011,7892,8000,8016,7868,97154
10/17/2011,8072,8100,8108,8042,134536
10/14/2011,8024,8030,8050,7988,120330
10/13/2011,7988,7962,7996,7936,117770
10/12/2011,7974,7952,8016,7898,187972
10/11/2011,7798,7860,7914,7780,136136
10/10/2011,7792,7800,7856,7760,171250
9/30/2011,8070,7876,8078,7810,108634
9/29/2011,7846,7700,7870,7674,162836
9/28/2011,8030,8100,8100,7982,175420
9/27/2011,8132,8102,8166,8058,188768
9/26/2011,7914,8268,8298,7914,232122
9/23/2011,8280,8416,8460,8146,266738
9/22/2011,8544,8592,8606,8526,146250
9/21/2011,8712,8688,8738,8640,176556
9/20/2011,8724,8680,8750,8666,132512
9/19/2011,8656,8780,8780,8652,150434
9/16/2011,8810,8800,8844,8772,135972
9/15/2011,8840,8866,8884,8816,177380
9/14/2011,8820,8936,8958,8780,185784
9/13/2011,8920,8980,9006,8910,189858
9/9/2011,9078,9000,9088,8992,183376
9/8/2011,9022,9028,9050,8960,204476
9/7/2011,9038,8952,9042,8930,157460
9/6/2011,8938,8980,8980,8860,183004
9/5/2011,8996,9032,9120,8978,247988
9/2/2011,9044,9010,9056,9004,185510
9/1/2011,9044,9050,9094,9022,172622
8/31/2011,9056,9000,9076,8982,244026
8/30/2011,8968,8986,9020,8942,185934
8/29/2011,8964,8904,8970,8894,239944
8/26/2011,8800,8872,8886,8788,222760
8/25/2011,8880,8896,8924,8862,111818
8/24/2011,8914,8936,8962,8898,142772
8/23/2011,8942,8860,8946,8860,160852
8/22/2011,8820,8858,8888,8810,122244
8/19/2011,8820,8800,8826,8758,141966
8/18/2011,8856,8904,8908,8840,133688
8/17/2011,8864,8850,8886,8834,151994
8/16/2011,8814,8906,8914,8804,259390
8/15/2011,8866,8848,8896,8834,177018
8/12/2011,8774,8848,8868,8764,140548
8/11/2011,8764,8670,8766,8662,227052
8/10/2011,8718,8700,8754,8680,210300
8/9/2011,8636,8610,8670,8464,303186
8/8/2011,8828,8800,8900,8800,238698
8/5/2011,8878,9000,9000,8770,329178
8/4/2011,9144,9210,9222,9132,180866
8/3/2011,9230,9292,9298,9230,175950
8/2/2011,9228,9200,9288,9196,306582
8/1/2011,9222,9092,9224,9092,213032
7/29/2011,9058,9090,9174,9044,254578
7/28/2011,9122,9200,9202,9122,182542
7/27/2011,9222,9202,9256,9200,179086
7/26/2011,9172,9100,9178,9100,139676
7/25/2011,9100,9202,9214,9092,202478
7/22/2011,9246,9240,9254,9214,147978
7/21/2011,9252,9200,9276,9188,299608
7/20/2011,9208,9136,9240,9062,322478
7/19/2011,9128,9132,9132,9082,135236
7/18/2011,9096,9156,9218,9096,161664
7/15/2011,9154,9120,9170,9080,104148
7/14/2011,8982,9030,9030,8946,91860
7/13/2011,8954,8880,8956,8880,118936
7/12/2011,8848,8916,8936,8804,140278
7/11/2011,8932,8932,8984,8922,103878
7/8/2011,8940,8904,8980,8904,157064
7/7/2011,8842,8826,8860,8806,137018
7/6/2011,8828,8848,8876,8790,161686
7/5/2011,8840,8876,8914,8818,181254
7/4/2011,8872,8806,8890,8800,145288
7/1/2011,8788,8780,8790,8722,147960
6/30/2011,8888,8830,8894,8820,101882
6/29/2011,8822,8800,8832,8780,126590
6/28/2011,8732,8768,8812,8710,184182
6/27/2011,8720,8890,8890,8716,220718
6/24/2011,8916,8920,8972,8912,154132
6/23/2011,8996,9040,9040,8924,167660
6/22/2011,9062,9110,9118,9048,108218
6/21/2011,9100,9068,9108,9056,109264
6/20/2011,9040,9030,9090,9016,148784
6/17/2011,9046,9090,9106,9020,150654
6/16/2011,9098,9190,9192,9082,182392
6/15/2011,9214,9200,9246,9170,152002
6/14/2011,9200,9170,9220,9160,124126
6/13/2011,9160,9162,9190,9136,133086
6/10/2011,9180,9260,9282,9172,203446
6/9/2011,9286,9332,9364,9286,150814
6/8/2011,9298,9350,9386,9262,179450
6/7/2011,9352,9330,9374,9302,155430
6/3/2011,9470,9350,9476,9328,167714
6/2/2011,9292,9252,9294,9214,138370
6/1/2011,9262,9302,9330,9250,134692
5/31/2011,9294,9320,9344,9280,130708
5/30/2011,9330,9286,9372,9262,151460
5/27/2011,9290,9298,9304,9252,128834
5/26/2011,9278,9240,9286,9234,155388
5/25/2011,9184,9230,9238,9158,188030
5/24/2011,9246,9162,9262,9120,183630
5/23/2011,9128,9196,9214,9102,184226
5/20/2011,9184,9088,9190,9064,212194
5/19/2011,9056,9100,9108,9042,114856
5/18/2011,8984,8950,9022,8948,143316
5/17/2011,8922,8920,8940,8830,230118
5/16/2011,8932,8976,8986,8916,184224
5/13/2011,9022,8952,9036,8934,178238
5/12/2011,8880,8950,9028,8874,248628
5/11/2011,8984,9030,9040,8974,141008
5/10/2011,8988,8918,9004,8892,175506
5/9/2011,8908,8884,8930,8870,136148
5/6/2011,8832,8860,8930,8822,251428
5/5/2011,9084,9046,9104,8974,189884
5/4/2011,9086,9140,9140,9046,140850
5/3/2011,9186,9170,9192,9136,114712
4/29/2011,9070,9150,9164,9054,200766
4/28/2011,9294,9180,9294,9172,176846
4/27/2011,9142,9216,9242,9124,163014
4/26/2011,9170,9264,9264,9166,144850
4/25/2011,9320,9380,9398,9304,168014
4/22/2011,9362,9280,9364,9250,181450
4/21/2011,9240,9260,9280,9200,139942
4/20/2011,9246,9108,9248,9102,134362
4/19/2011,9056,9188,9200,9032,131062
4/18/2011,9132,9094,9150,9040,100670
4/15/2011,9108,9216,9238,9100,128964
4/14/2011,9164,9250,9300,9162,136508
4/13/2011,9284,9282,9292,9212,94102
4/12/2011,9370,9500,9530,9360,97584
4/11/2011,9488,9454,9560,9454,130752
4/8/2011,9398,9250,9402,9246,164060
4/7/2011,9294,9340,9374,9270,125262
4/6/2011,9360,9284,9370,9244,108660
4/1/2011,9260,9300,9306,9252,117110
3/31/2011,9180,9200,9228,9136,148004
3/30/2011,9184,9120,9214,9102,168428
3/29/2011,9082,9090,9098,9000,223488
3/28/2011,9124,9128,9206,9008,256426
3/25/2011,9110,9080,9184,9058,244796
3/24/2011,8978,9180,9210,8968,326874
3/23/2011,9240,9178,9258,9162,177608
3/22/2011,9160,9240,9254,9152,153062
3/21/2011,9276,9270,9312,9212,148786
3/18/2011,9178,9120,9198,9104,102986
3/17/2011,9026,8900,9050,8882,128816
3/16/2011,8948,8822,8970,8784,139850
3/15/2011,9058,9000,9086,8962,153728
3/14/2011,8988,9060,9156,8958,157598
3/11/2011,9168,9270,9288,9152,167212
3/10/2011,9230,9270,9312,9204,129600
3/9/2011,9388,9500,9516,9376,158240
3/8/2011,9490,9590,9594,9430,132114
3/7/2011,9648,9620,9688,9592,124746
3/4/2011,9632,9580,9638,9530,136878
3/3/2011,9510,9578,9666,9506,138464
3/2/2011,9578,9428,9606,9410,221646
3/1/2011,9428,9438,9460,9330,195288
2/28/2011,9456,9442,9478,9406,132556
2/25/2011,9330,9224,9346,9214,135158
2/24/2011,9180,9364,9408,9060,198346
2/23/2011,9316,9300,9366,9128,209838
2/22/2011,9732,9746,9788,9572,255262
2/21/2011,9644,9620,9682,9566,151608
2/18/2011,9654,9848,9860,9652,185922
2/17/2011,9688,9880,9924,9686,210282
2/16/2011,9848,9880,9896,9752,203074
2/15/2011,10038,10088,10126,10026,140688
2/14/2011,10182,10184,10214,10060,145110
2/11/2011,10160,10076,10200,10076,158712
2/10/2011,10198,10236,10296,10164,176780
2/9/2011,10130,10010,10134,9900,186386
2/1/2011,9908,9920,9942,9858,87282
1/31/2011,9856,9708,9876,9706,108334
1/28/2011,9682,9622,9724,9622,128198
1/27/2011,9674,9712,9758,9622,174380
1/26/2011,9586,9688,9688,9306,243932
1/25/2011,9794,9968,9988,9792,220190
1/24/2011,10008,9898,10160,9898,320304
1/21/2011,9856,9770,9884,9770,227258
1/20/2011,9834,9800,9890,9770,211524
1/19/2011,9856,9760,9860,9734,182388
1/18/2011,9720,9722,9780,9644,204972
1/17/2011,9764,9800,9832,9710,237124
1/14/2011,9836,9766,9852,9744,192084
1/13/2011,9790,9900,9988,9780,277382
1/12/2011,9718,9886,9942,9672,463450
1/11/2011,9890,9870,9916,9810,193388
1/10/2011,9814,9920,9934,9762,262514
1/7/2011,9852,9960,10080,9758,416438
1/6/2011,10088,9880,10118,9880,255552
1/5/2011,9794,9800,9860,9754,183922
1/4/2011,9924,9820,9952,9798,219102
1/3/2011,9850,9850,9850,9850,0
12/31/2010,9786,9708,9830,9682,167614
12/30/2010,9770,9638,9776,9582,212312
12/29/2010,9672,9796,9820,9640,250426
12/28/2010,9814,9800,9890,9766,256362
12/27/2010,9734,9600,9766,9576,315972
12/24/2010,9656,9698,9706,9526,219074
12/23/2010,9648,9488,9676,9472,283236
12/22/2010,9446,9520,9530,9412,202346
12/21/2010,9466,9440,9482,9370,279554
12/20/2010,9340,9452,9514,9204,332634
12/17/2010,9400,9352,9450,9338,241226
12/16/2010,9352,9376,9406,9318,228882
12/15/2010,9350,9412,9556,9334,398414
12/14/2010,9464,9450,9490,9380,308760
12/13/2010,9414,9150,9450,9150,319524
12/10/2010,9196,9188,9218,9132,269338
12/9/2010,9210,9238,9284,9158,366354
12/8/2010,9072,9190,9260,9060,431526
12/7/2010,9352,9202,9354,9178,514188
12/6/2010,9230,9150,9240,9080,388348
12/3/2010,9084,9046,9134,9026,302122
12/2/2010,9066,9106,9156,9052,313958
12/1/2010,8984,8804,9010,8792,595126
11/30/2010,8844,8750,8850,8624,435758
11/29/2010,8776,8600,8776,8540,414904
11/26/2010,8626,8732,8746,8494,527458
11/25/2010,8688,8650,8808,8650,356416
11/24/2010,8658,8522,8660,8510,357452
11/23/2010,8448,8600,8640,8410,473372
11/22/2010,8558,8560,8682,8538,401660
11/19/2010,8830,8820,8860,8610,531958
11/18/2010,8656,8660,8732,8352,555788
11/17/2010,8592,8592,8630,8592,83740
11/16/2010,8954,9128,9176,8934,558954
11/15/2010,9044,9034,9262,8806,700560
11/12/2010,9154,9574,9600,9154,458192
11/11/2010,9574,9620,9718,9512,553812
11/10/2010,9556,9650,9772,9526,642002
11/9/2010,9574,9420,9706,9380,715358
11/8/2010,9466,9266,9688,9186,646260
11/5/2010,9282,9052,9282,9052,239840
11/4/2010,8962,8700,8988,8666,460408
11/3/2010,8638,8678,8730,8590,226684
11/2/2010,8664,8650,8740,8570,267186
11/1/2010,8618,8550,8674,8522,172374
10/29/2010,8464,8626,8650,8464,172088
10/28/2010,8480,8402,8480,8340,151602
10/27/2010,8320,8556,8576,8076,207916
10/26/2010,8470,8550,8562,8438,228102
10/25/2010,8548,8376,8642,8366,327530
10/22/2010,8326,8288,8370,8272,253238
10/21/2010,8294,8300,8428,8250,410142
10/20/2010,8132,8064,8176,8010,265696
10/19/2010,8188,8180,8290,8138,318482
10/18/2010,8118,8188,8226,8076,255500
10/15/2010,8316,8330,8340,8236,271736
10/14/2010,8302,8272,8362,8228,365066
10/13/2010,8214,8202,8252,8142,241704
10/12/2010,8162,8146,8210,8028,281152
10/11/2010,8184,8184,8184,8184,9564
10/8/2010,7752,7740,7860,7672,242122
10/7/2010,7480,7500,7500,7480,18
9/30/2010,7746,7680,7750,7600,141196
9/29/2010,7684,7748,7780,7604,190706
9/28/2010,7830,7720,7848,7720,168424
9/27/2010,7792,7860,7970,7740,207812
9/24/2010,7450,7548,7548,7280,8
9/21/2010,7596,7596,7604,7510,230110
9/20/2010,7604,7438,7668,7438,358028
9/17/2010,7326,7340,7348,7292,214936
9/16/2010,7316,7368,7388,7260,328378
9/15/2010,7344,7360,7394,7332,301866
9/14/2010,7338,7398,7450,7324,447618
9/13/2010,7422,7366,7428,7306,292582
9/10/2010,7368,7336,7374,7288,277762
9/9/2010,7294,7430,7458,7068,489398
9/8/2010,7396,7500,7508,7388,289734
9/7/2010,7436,7338,7436,7314,437704
9/6/2010,7338,7338,7398,7332,231294
9/3/2010,7306,7280,7324,7228,421264
9/2/2010,7240,7182,7244,7166,412928
9/1/2010,7160,7170,7264,7124,392352
8/31/2010,7162,7260,7260,7154,253060
8/30/2010,7328,7298,7358,7280,231970
8/27/2010,7238,7150,7254,7150,274358
8/26/2010,7134,7110,7148,7096,239118
8/25/2010,7088,7196,7200,7064,261806
8/24/2010,7156,7176,7248,7132,199026
8/23/2010,6978,6988,7026,6948,220246
8/20/2010,6958,7060,7082,6942,256308
8/19/2010,7188,7178,7200,7102,331236
8/18/2010,7176,7298,7322,7144,412662
8/17/2010,7266,7250,7268,7208,306798
8/16/2010,7290,7280,7378,7266,406428
8/13/2010,7234,7090,7248,7086,301338
8/12/2010,7070,7046,7130,7014,316612
8/11/2010,7056,7094,7136,7044,302568
8/10/2010,7084,7142,7170,7062,402010
8/9/2010,7184,7058,7220,7026,655522
8/6/2010,7058,6890,7068,6872,566646
8/5/2010,6858,7000,7024,6854,315382
8/4/2010,6940,6978,6978,6916,274154
8/3/2010,6900,6930,6948,6864,284814
8/2/2010,6910,6800,6946,6800,259290
7/30/2010,6740,6744,6788,6728,211170
7/29/2010,6720,6660,6748,6640,273924
7/28/2010,6624,6582,6628,6570,121330
7/27/2010,6566,6654,6660,6556,227402
7/26/2010,6674,6600,6696,6600,186174
7/23/2010,6628,6636,6642,6608,157178
7/22/2010,6594,6500,6612,6500,223734
7/21/2010,6516,6546,6554,6506,121618
7/20/2010,6526,6518,6538,6478,179894
7/19/2010,6536,6520,6538,6504,121930
7/16/2010,6538,6460,6544,6454,252244
7/15/2010,6398,6412,6426,6386,153356
7/14/2010,6406,6380,6410,6376,194362
7/13/2010,6348,6346,6398,6316,219290
7/12/2010,6324,6378,6378,6312,92658
7/9/2010,6344,6300,6352,6284,118472
7/8/2010,6284,6312,6312,6272,121204
7/7/2010,6220,6226,6232,6194,113232
7/6/2010,6220,6188,6232,6152,230026
7/5/2010,6256,6284,6292,6252,104640
7/2/2010,6292,6272,6312,6232,180388
7/1/2010,6284,6328,6358,6270,98246
6/30/2010,6336,6330,6352,6308,116036
6/29/2010,6388,6460,6472,6368,170608
6/28/2010,6474,6496,6540,6472,138942
6/25/2010,6494,6474,6512,6474,110612
6/24/2010,6502,6496,6522,6478,126994
6/23/2010,6496,6460,6498,6436,99350
6/22/2010,6492,6492,6506,6476,67516
6/21/2010,6518,6450,6534,6450,140140
6/18/2010,6432,6412,6448,6412,91582
6/17/2010,6410,6450,6456,6402,127908
6/11/2010,6362,6380,6404,6350,140584
6/10/2010,6362,6398,6420,6362,204852
6/9/2010,6408,6448,6454,6320,368822
6/8/2010,6448,6452,6462,6430,108440
6/7/2010,6442,6506,6506,6412,231388
6/4/2010,6630,6612,6654,6602,136752
6/3/2010,6610,6634,6640,6580,157660
6/2/2010,6630,6576,6630,6560,153340
6/1/2010,6576,6582,6634,6550,179462
5/31/2010,6584,6640,6640,6578,144520
5/28/2010,6666,6696,6698,6644,109560
5/27/2010,6666,6660,6668,6628,152232
5/26/2010,6646,6628,6650,6570,207376
5/25/2010,6604,6670,6672,6598,174476
5/24/2010,6686,6670,6698,6660,160074
5/21/2010,6686,6612,6690,6592,226228
5/20/2010,6630,6610,6680,6610,229444
5/19/2010,6570,6538,6614,6520,166954
5/18/2010,6590,6520,6602,6488,224778
5/17/2010,6504,6600,6630,6468,318098
5/14/2010,6656,6700,6728,6650,238106
5/13/2010,6734,6788,6792,6678,351938
5/12/2010,6778,6760,6810,6752,150800
5/11/2010,6744,6788,6800,6736,180538
5/10/2010,6800,6770,6806,6750,186498
5/7/2010,6704,6820,6820,6702,281486
5/6/2010,6862,6938,6944,6856,222380
5/5/2010,6924,6866,6930,6848,198134
5/4/2010,6910,6930,6942,6896,150550
4/30/2010,6950,6936,6958,6886,192888
4/29/2010,6916,6946,6976,6916,251504
4/28/2010,6966,6992,7026,6934,351232
4/27/2010,7062,7006,7078,6986,336880
4/26/2010,7028,7044,7068,7014,242204
4/23/2010,7002,6930,7020,6924,251800
4/22/2010,6918,6916,6940,6896,111366
4/21/2010,6930,6884,6944,6866,153192
4/20/2010,6902,6914,6930,6874,86630
4/19/2010,6888,6948,6964,6874,108318
4/16/2010,6988,6990,7008,6974,92242
4/15/2010,6980,7010,7010,6966,115490
4/14/2010,6984,7002,7024,6982,158738
4/13/2010,6990,7000,7002,6940,169844
4/12/2010,7024,7030,7056,7000,214918
4/9/2010,6998,6976,7024,6966,196430
4/8/2010,6970,6960,7032,6952,371606
4/7/2010,6968,6888,6994,6886,368764
4/6/2010,6868,6882,6892,6854,165454
4/2/2010,6880,6880,6888,6852,119946
4/1/2010,6848,6848,6866,6796,260424
3/31/2010,6850,6878,6916,6844,352710
3/30/2010,6894,6910,6940,6782,710442
3/29/2010,6886,6862,6918,6854,209610
3/26/2010,6860,6876,6884,6838,219374
3/25/2010,6892,6870,6918,6868,222262
3/24/2010,6888,6900,6922,6852,276752
3/23/2010,6896,6950,6950,6892,260026
3/22/2010,6902,6866,6940,6862,325718
3/19/2010,6880,6858,6896,6840,246002
3/18/2010,6850,6904,6906,6822,310792
3/17/2010,6888,6868,6924,6866,328958
3/16/2010,6844,6820,6858,6810,295900
3/15/2010,6854,6880,6912,6794,406324
3/12/2010,6904,6922,6956,6888,332210
3/11/2010,6954,7086,7098,6890,658346
3/10/2010,7046,7050,7086,7032,521414
3/9/2010,7092,7016,7104,7010,802350
3/8/2010,7030,7008,7048,6972,505750
3/5/2010,7018,6900,7038,6860,621786
3/4/2010,6884,6960,6970,6880,332544
3/3/2010,6968,6912,6986,6912,377554
3/2/2010,6888,6918,6976,6888,429384
3/1/2010,6922,7000,7002,6904,344422
2/26/2010,6864,6900,6924,6844,301028
2/25/2010,6900,7000,7006,6858,391872
2/24/2010,6956,6962,6988,6938,309294
2/23/2010,7016,6938,7018,6920,405170
2/22/2010,6932,6900,6972,6846,451592
2/12/2010,6782,6820,6842,6750,165296
2/11/2010,6820,6800,6856,6800,233452
2/10/2010,6766,6800,6826,6730,437428
2/9/2010,6776,6802,6814,6748,351342
2/8/2010,6784,6740,6796,6732,469572
2/5/2010,6684,6582,6728,6572,529578
2/4/2010,6648,6662,6694,6608,447720
2/3/2010,6720,6686,6724,6636,470116
2/2/2010,6558,6644,6644,6534,459570
2/1/2010,6556,6662,6682,6554,575700
1/29/2010,6646,6700,6772,6640,720468
1/28/2010,6704,6682,6720,6618,631430
1/27/2010,6750,6750,6774,6690,665180
1/26/2010,6706,6826,6846,6706,765770
1/25/2010,6818,6790,6868,6774,800640
1/22/2010,6808,6752,6826,6658,786590
1/21/2010,6818,6688,6830,6662,694602
1/20/2010,6702,6888,6894,6698,622982
1/19/2010,6846,6850,6892,6810,434246
1/18/2010,6820,6790,6862,6750,581646
1/15/2010,6842,6860,6944,6786,586250
1/14/2010,6888,6880,6918,6844,472570
1/13/2010,6794,6800,6880,6736,544822
1/12/2010,7034,7022,7100,7008,495840
1/11/2010,7124,7124,7204,7120,697064
1/8/2010,7036,7130,7150,6914,857686
1/7/2010,7134,7420,7464,7030,971910
1/6/2010,7376,7314,7466,7304,758566
1/5/2010,7344,7320,7388,7288,726722
1/4/2010,7302,7300,7368,7244,641592
12/31/2009,7276,7060,7280,7060,899204
12/30/2009,7050,7008,7098,7008,521426
12/29/2009,7026,7100,7116,7012,557638
12/28/2009,7016,6910,7018,6890,484398
12/25/2009,6890,6916,6946,6864,418898
12/24/2009,6908,6836,6908,6802,430076
12/23/2009,6816,6798,6824,6732,482166
12/22/2009,6784,6830,6884,6780,387658
12/21/2009,6864,6978,7020,6844,517190
12/18/2009,6958,6888,6994,6872,501208
12/17/2009,7030,7060,7154,7012,593566
12/16/2009,7038,6890,7056,6890,370912
12/15/2009,6898,6920,6942,6866,289964
12/14/2009,6876,6884,6914,6714,401714
12/11/2009,6884,6884,6946,6878,347404
12/10/2009,6860,6864,6926,6760,387550
12/9/2009,6892,7020,7020,6880,415756
12/8/2009,7108,7130,7150,7034,381042
12/7/2009,7096,6930,7182,6930,530860
12/4/2009,6944,6788,6948,6776,473254
12/3/2009,6836,6780,6864,6774,364884
12/2/2009,6828,6800,6854,6720,298630
12/1/2009,6768,6758,6778,6706,199466
11/30/2009,6756,6650,6772,6650,305094
11/27/2009,6526,6746,6746,6492,248800
11/26/2009,6790,6800,6890,6780,278092
11/25/2009,6766,6646,6770,6642,176272
11/24/2009,6594,6622,6718,6566,178798
11/23/2009,6746,6606,6746,6606,136392
11/20/2009,6496,6506,6526,6458,95128
11/19/2009,6502,6476,6520,6442,155404
11/18/2009,6476,6450,6496,6426,148142
11/17/2009,6392,6450,6452,6382,149486
11/16/2009,6360,6290,6414,6286,210220
11/13/2009,6256,6234,6262,6218,127102
11/12/2009,6268,6230,6296,6230,170790
11/11/2009,6216,6200,6234,6182,167126
11/10/2009,6170,6250,6256,6160,185146
11/9/2009,6206,6192,6224,6158,158466
11/6/2009,6206,6120,6206,6112,177986
11/5/2009,6130,6120,6158,6102,181072
11/4/2009,6120,6128,6140,6096,129980
11/3/2009,6068,6100,6118,6062,137430
11/2/2009,6062,5950,6068,5950,155574
10/30/2009,6080,6102,6144,6076,158840
10/29/2009,6026,6016,6054,6002,173496
10/28/2009,6102,6104,6182,6088,226962
10/27/2009,6144,6166,6178,6126,199514
10/26/2009,6262,6228,6282,6202,268846
10/23/2009,6272,6160,6280,6142,267140
10/22/2009,6104,6170,6192,6102,164178
10/21/2009,6084,6140,6142,6060,190802
10/20/2009,6136,6218,6232,6122,154932
10/19/2009,6170,6120,6196,6100,180426
10/16/2009,6134,6040,6138,6036,261646
10/15/2009,6014,6034,6064,6000,165514
10/14/2009,6042,6002,6050,5986,183308
10/13/2009,5988,6020,6054,5970,235170
10/12/2009,6006,5978,6010,5946,224464
10/9/2009,5862,5872,5918,5814,147488
9/30/2009,5784,5730,5786,5710,162952
9/29/2009,5746,5730,5752,5642,260320
9/28/2009,5726,5850,5858,5634,241414
9/25/2009,5822,5804,5838,5796,193852
9/24/2009,5802,5870,5894,5782,407400
9/23/2009,5882,5924,5942,5868,367130
9/22/2009,5888,5946,5958,5866,308568
9/21/2009,5988,5980,6022,5954,307902
9/18/2009,5976,6010,6054,5968,477132
9/17/2009,6030,6000,6036,5964,421946
9/16/2009,5984,5984,5996,5888,451854
9/15/2009,5812,5790,5834,5790,267348
9/14/2009,5754,5800,5840,5726,424610
9/11/2009,5956,6038,6078,5948,361282
9/10/2009,6070,6014,6096,6010,504048
9/9/2009,6050,6050,6100,6008,368668
9/8/2009,6002,5922,6008,5896,339720
9/7/2009,5930,6002,6046,5920,461530
9/4/2009,6072,6052,6146,6006,531350
9/3/2009,6082,6024,6096,5988,426576
9/2/2009,6022,6150,6170,6010,381492
9/1/2009,6252,6270,6300,6200,386786
8/31/2009,6290,6548,6548,6264,503648
8/28/2009,6510,6516,6554,6482,372476
8/27/2009,6464,6516,6536,6450,403666
8/26/2009,6526,6498,6548,6478,451188
8/25/2009,6518,6542,6564,6468,597586
8/24/2009,6552,6462,6568,6462,590036
8/21/2009,6316,6348,6414,6292,778004
8/20/2009,6414,6308,6434,6256,859102
8/19/2009,6242,6394,6452,6116,861330
8/18/2009,6370,6350,6386,6308,498354
8/17/2009,6284,6402,6426,6260,618504
8/14/2009,6548,6654,6698,6508,669586
8/13/2009,6672,6700,6748,6636,684258
8/12/2009,6590,6696,6766,6578,884224
8/11/2009,6608,6598,6644,6524,729346
8/10/2009,6646,6382,6658,6382,849442
8/7/2009,6356,6338,6478,6288,778344
8/6/2009,6344,6422,6430,6284,471300
8/5/2009,6414,6480,6512,6396,398878
8/4/2009,6420,6500,6526,6352,347456
8/3/2009,6418,6354,6478,6310,483904
7/31/2009,5894,5900,5944,5854,357846
7/30/2009,5770,5760,5798,5720,351284
7/29/2009,5756,5800,5846,5718,583682
7/28/2009,5818,5630,5830,5624,777920
7/27/2009,5630,5636,5676,5602,428266
7/24/2009,5666,5768,5776,5650,446772
7/23/2009,5748,5742,5770,5722,431572
7/22/2009,5716,5752,5790,5708,591434
7/21/2009,5776,5818,5860,5766,523596
7/20/2009,5836,5800,5842,5782,575274
7/17/2009,5728,5680,5752,5662,552998
7/16/2009,5698,5720,5738,5654,622070
7/15/2009,5728,5610,5730,5610,653368
7/14/2009,5616,5580,5622,5550,574458
7/13/2009,5522,5614,5614,5520,543458
7/10/2009,5576,5570,5636,5488,788510
7/9/2009,5562,5498,5580,5496,547654
7/8/2009,5518,5636,5636,5494,541326
7/7/2009,5772,5794,5834,5734,615494
7/6/2009,5782,5812,5842,5754,621500
7/3/2009,5806,5958,5972,5760,708912
7/2/2009,5988,6160,6168,5986,559490
7/1/2009,6146,6070,6156,6066,364748
6/30/2009,6106,6100,6140,6080,388610
6/29/2009,6060,6140,6174,6060,523470
6/26/2009,6202,6180,6216,6148,488778
6/25/2009,6142,6000,6160,5974,798562
6/24/2009,6006,6040,6046,5976,389276
6/23/2009,6030,6016,6048,5948,463190
6/22/2009,6078,6080,6132,6052,296196
6/19/2009,6154,6180,6188,6128,294210
6/18/2009,6156,6286,6286,6138,327478
6/17/2009,6276,6262,6294,6246,209784
6/16/2009,6290,6240,6298,6214,231684
6/15/2009,6240,6280,6280,6176,306630
6/12/2009,6352,6460,6478,6332,206172
6/11/2009,6446,6430,6492,6370,264726
6/10/2009,6460,6568,6580,6416,268262
6/9/2009,6540,6566,6578,6474,187448
6/8/2009,6520,6600,6618,6504,116614
6/5/2009,6640,6666,6734,6634,92456
6/4/2009,6558,6500,6572,6450,116088
6/3/2009,6694,6728,6728,6644,127486
6/2/2009,6682,6710,6756,6660,186298
6/1/2009,6926,6800,6960,6782,163722
5/27/2009,6584,6600,6622,6546,229336
5/26/2009,6530,6666,6678,6514,286966
5/25/2009,6666,6708,6732,6644,244646
5/22/2009,6694,6650,6754,6632,321128
5/21/2009,6662,6696,6774,6656,301400
5/20/2009,6702,6720,6810,6700,408708
5/19/2009,6766,6666,6790,6626,364316
5/18/2009,6552,6580,6630,6532,195664
5/15/2009,6818,6890,6944,6790,415888
5/14/2009,6826,6892,6900,6810,362264
5/13/2009,7026,7030,7086,6962,575070
5/12/2009,6972,6840,7002,6804,506134
5/11/2009,6760,6930,6930,6736,496794
5/8/2009,6936,6868,6946,6788,584244
5/7/2009,6816,6900,6950,6808,613114
5/6/2009,6824,6646,6826,6610,566616
5/5/2009,6656,6628,6706,6604,495490
5/4/2009,6582,6582,6582,6574,10726
5/1/2009,6338,6200,6338,6178,348308
4/30/2009,6338,6200,6338,6178,348308
4/29/2009,6118,6052,6120,5972,358680
4/28/2009,6042,6102,6136,5990,465378
4/27/2009,6042,6200,6228,6042,309446
4/24/2009,6254,6400,6458,6250,604946
4/23/2009,6336,6276,6350,6228,629878
4/22/2009,6240,6300,6394,6204,485710
4/21/2009,6170,6280,6312,6170,301882
4/20/2009,6444,6448,6570,6420,544282
4/17/2009,6474,6440,6478,6280,470686
4/16/2009,6446,6490,6546,6422,360848
4/15/2009,6490,6380,6500,6322,379292
4/14/2009,6242,6200,6264,6126,478258
4/13/2009,6158,5970,6240,5946,428478
4/10/2009,5978,5888,5996,5866,227724
4/9/2009,5860,5800,5866,5782,228672
4/8/2009,5716,5850,5850,5708,251690
4/7/2009,5874,5738,5882,5704,230026
4/3/2009,5720,5790,5798,5688,238780
4/2/2009,5700,5650,5700,5628,240632
4/1/2009,5584,5510,5650,5510,252010
3/31/2009,5470,5380,5500,5360,202000
3/30/2009,5382,5400,5432,5354,122544
3/27/2009,5428,5494,5582,5402,203414
3/26/2009,5504,5410,5524,5380,192566
3/25/2009,5370,5458,5464,5366,99466
3/24/2009,5420,5520,5560,5414,101472
3/23/2009,5550,5478,5618,5444,195138
3/20/2009,5404,5370,5440,5350,143614
3/19/2009,5346,5280,5354,5274,143974
3/18/2009,5244,5272,5282,5242,99420
3/17/2009,5252,5220,5278,5220,95596
3/16/2009,5190,5146,5226,5126,110758
3/13/2009,5156,5220,5246,5136,113712
3/12/2009,5170,5176,5216,5154,100190
3/11/2009,5252,5340,5354,5244,133530
3/10/2009,5342,5230,5380,5210,201366
3/9/2009,5230,5226,5288,5182,133066
3/6/2009,5158,5080,5162,5070,67828
3/5/2009,5096,5220,5220,5090,53802
3/4/2009,5120,5040,5120,5040,47776
3/3/2009,5060,5050,5090,5024,49296
3/2/2009,5120,5110,5184,5088,49510
2/27/2009,5114,5160,5166,5050,59848
2/26/2009,5148,5250,5276,5140,74496
2/25/2009,5168,5198,5250,5148,56828
2/24/2009,5086,5130,5188,5022,100726
2/23/2009,5226,5100,5240,5068,95810
2/20/2009,5118,5064,5154,5042,100116
2/19/2009,5014,5058,5154,5006,139902
2/18/2009,5166,5166,5200,5166,6804
2/17/2009,5376,5416,5492,5374,153472
2/16/2009,5452,5468,5514,5322,206220
2/13/2009,5462,5388,5466,5360,100872
2/12/2009,5352,5360,5388,5262,115508
2/11/2009,5336,5460,5532,5248,188514
2/10/2009,5532,5548,5586,5450,164300
2/9/2009,5528,5260,5528,5260,157654
2/6/2009,5270,5202,5312,5202,138482
2/5/2009,5148,5190,5258,5104,136382
2/4/2009,5220,5126,5246,5124,86886
2/3/2009,5140,4950,5154,4938,111604
2/2/2009,4972,5088,5118,4964,43142
1/23/2009,5180,5170,5200,5162,32982
1/22/2009,5224,5274,5274,5152,61880
1/21/2009,5212,5158,5242,5112,88446
1/20/2009,5180,5228,5246,5156,75168
1/19/2009,5224,5280,5298,5202,72070
1/16/2009,5246,5264,5320,5240,102580
1/15/2009,5204,5280,5308,5192,109320
1/14/2009,5406,5372,5456,5292,212854
1/13/2009,5372,5372,5372,5372,6096
1/12/2009,5558,5550,5716,5550,132846
1/9/2009,5528,5382,5550,5382,171052
1/8/2009,5366,5300,5426,5300,121320
1/7/2009,5474,5622,5622,5412,140236
1/6/2009,5430,5260,5430,5210,120076
1/5/2009,5220,5120,5240,5086,213996
12/31/2008,5002,5078,5088,4934,161348
12/30/2008,5070,5100,5188,5046,183666
12/29/2008,5142,5298,5298,5104,252318
12/26/2008,5048,5102,5166,5020,311562
12/25/2008,5092,4882,5118,4870,183174
12/24/2008,4896,4860,4910,4840,60882
12/23/2008,4802,4880,4884,4796,73612
12/22/2008,4906,4780,4906,4752,77554
12/19/2008,4710,4606,4716,4596,57698
12/18/2008,4634,4624,4690,4624,53748
12/17/2008,4758,4760,4796,4738,75768
12/16/2008,4710,4740,4804,4672,89068
12/15/2008,4874,4784,4900,4772,152888
12/12/2008,4690,4872,4968,4568,175246
12/11/2008,4842,4788,4866,4750,119240
12/10/2008,4792,4650,4820,4630,106314
12/9/2008,4592,4620,4676,4576,71766
12/8/2008,4674,4400,4674,4390,69474
12/5/2008,4440,4472,4548,4440,22772
12/4/2008,4616,4690,4760,4564,87818
12/3/2008,4692,4650,4718,4612,58874
12/2/2008,4650,4700,4736,4632,62240
12/1/2008,4854,4766,4892,4712,78522
11/28/2008,4800,4850,4850,4720,54426
11/27/2008,4776,4830,4916,4772,72440
11/26/2008,4812,4660,4856,4660,56262
11/25/2008,4442,4412,4476,4410,36388
11/24/2008,4292,4268,4328,4240,33440
11/21/2008,4246,4202,4288,4152,30490
11/20/2008,4358,4334,4406,4334,54504
11/19/2008,4458,4410,4460,4410,51024
11/18/2008,4412,4430,4502,4402,121074
11/17/2008,4450,4350,4528,4332,162044
11/14/2008,4406,4460,4536,4350,181938
11/13/2008,4406,4496,4496,4406,43704
11/12/2008,4602,4680,4724,4578,94844
11/11/2008,4772,4782,4904,4722,189248
11/10/2008,4860,4800,4860,4760,33138
11/7/2008,4668,4702,4702,4550,77610
11/6/2008,4694,4700,4770,4684,49104
11/5/2008,4878,4928,4964,4852,73654
11/4/2008,4772,4720,4834,4648,116548
11/3/2008,4736,4600,4736,4578,33652
10/31/2008,4542,4412,4618,4376,95126
10/30/2008,4606,4604,4606,4460,68012
10/29/2008,4356,4420,4466,4332,73916
10/28/2008,4500,4462,4544,4300,116604
10/27/2008,4322,4342,4526,4322,63298
10/24/2008,4438,4788,4788,4416,103646
10/23/2008,4670,4502,4694,4502,8328
10/22/2008,4658,4662,4790,4658,33086
10/21/2008,4812,5080,5100,4774,77926
10/20/2008,5088,4968,5090,4896,63390
10/17/2008,4920,4950,5018,4616,118738
10/16/2008,4784,4784,4794,4784,3788
10/15/2008,5034,5034,5058,5034,5234
10/14/2008,5264,5350,5350,5242,53616
10/13/2008,5148,5012,5188,5012,57368
10/10/2008,5274,5274,5276,5274,2304
10/9/2008,5580,5696,5696,5468,93726
10/8/2008,5576,5576,5730,5576,58134
10/7/2008,5868,5868,5868,5868,632
10/6/2008,5618,5626,5730,5618,670
9/26/2008,6544,6488,6564,6434,187620
9/25/2008,6554,6314,6600,6260,216814
9/24/2008,6434,6402,6440,6234,152882
9/23/2008,6458,6498,6498,6364,112162
9/22/2008,6200,6196,6200,6130,43614
9/19/2008,5900,5952,5994,5844,151314
9/18/2008,5820,6150,6198,5816,166536
9/17/2008,6084,6174,6280,6084,49750
9/16/2008,6404,6404,6430,6404,2738
9/15/2008,6774,6754,6868,6668,97426
9/12/2008,6770,6754,6868,6668,96490
9/11/2008,6762,6820,6900,6720,65086
9/10/2008,6888,6802,6926,6702,72618
9/9/2008,6870,7090,7128,6870,36518
9/8/2008,7140,7300,7320,7132,32032
9/5/2008,7232,7200,7264,7150,24476
9/4/2008,7348,7302,7380,7278,45648
9/3/2008,7386,7392,7452,7318,64032
9/2/2008,7360,7300,7420,7220,64090
9/1/2008,7522,7446,7570,7380,55568
8/29/2008,7432,7130,7476,7038,69196
8/28/2008,7204,7220,7242,7096,41814
8/27/2008,7332,7466,7532,7214,49160
8/26/2008,7410,7650,7650,7410,20622
8/25/2008,7766,7906,7938,7748,20186
8/22/2008,7900,8080,8150,7880,21042
8/21/2008,7918,7850,8046,7800,26200
8/20/2008,7832,7670,7976,7640,19054
8/19/2008,7572,7598,7706,7472,19022
8/18/2008,7576,7568,7694,7488,14754
8/15/2008,7422,7550,7556,7422,8648
8/14/2008,7750,8058,8058,7594,20952
8/13/2008,7760,7576,7788,7576,17798
8/12/2008,7540,7460,7660,7390,26264
8/11/2008,7410,7600,7600,7410,17300
8/8/2008,7770,7938,7974,7718,13262
8/7/2008,7972,7738,7976,7676,12846
8/6/2008,7840,7510,8106,7510,13728
8/5/2008,7796,7802,7900,7796,804
8/4/2008,8168,8420,8420,8168,9318
8/1/2008,8594,8700,8710,8532,17036
7/31/2008,8820,8736,8878,8690,20450
7/30/2008,8652,8796,8830,8600,19510
7/29/2008,8774,9100,9148,8774,11916
7/28/2008,9212,9250,9326,9158,8972
7/25/2008,9200,9110,9216,9058,15212
7/24/2008,9084,8998,9180,8800,17168
7/23/2008,8996,9430,9474,8960,12054
7/22/2008,9478,9400,9488,9320,10868
7/21/2008,9558,9780,9780,9558,3888
7/20/2008,9930,10208,10208,9920,13998
7/17/2008,10398,10376,10410,10376,8964
7/16/2008,10328,10326,10382,10300,14944
7/15/2008,10428,10396,10456,10362,8812
7/14/2008,10418,10400,10420,10332,14138
7/11/2008,10510,10560,10560,10474,9506
7/10/2008,10456,10510,10520,10402,19036
7/9/2008,10460,10460,10526,10400,17958
7/8/2008,10468,10334,10484,10326,18052
7/7/2008,10534,10500,10564,10424,18636
7/4/2008,10600,10610,10648,10490,8246
7/3/2008,10560,10858,10896,10420,17596
7/2/2008,10720,10802,10810,10620,8646
7/1/2008,10856,10726,10856,10726,20264
6/30/2008,10718,10700,10820,10680,31920
6/27/2008,10688,10860,10860,10666,17080
6/26/2008,10650,10468,10670,10468,14996
6/25/2008,10408,10400,10444,10352,8712
6/24/2008,10326,10396,10406,10322,7782
6/23/2008,10508,10430,10588,10420,9996
6/20/2008,10510,10600,10652,10490,16026
6/19/2008,10720,10790,10838,10690,12290
6/18/2008,10774,10822,10968,10774,15640
6/17/2008,10798,10980,10980,10722,18130
6/16/2008,11084,11198,11254,11044,13942
6/13/2008,11068,11000,11230,10892,14374
6/12/2008,10932,11000,11180,10812,10846
6/11/2008,10832,10602,10930,10578,8074
6/10/2008,10690,10700,10750,10674,14060
6/9/2008,10624,10700,10800,10586,11764
6/6/2008,10624,10700,10800,10586,11764
6/5/2008,10412,10420,10456,10360,6754
6/4/2008,10372,10366,10426,10350,8598
6/3/2008,10420,10382,10460,10382,7214
6/2/2008,10410,10450,10478,10382,7024
5/30/2008,10304,10400,10440,10258,10692
5/29/2008,10562,10586,10650,10540,12532
5/28/2008,10580,10558,10648,10490,17662
5/27/2008,10686,10648,10848,10582,15980
5/26/2008,10590,10600,10710,10508,14006
5/23/2008,10466,10400,10466,10256,9188
5/22/2008,10492,10600,10880,10460,13100
5/21/2008,10452,10000,10488,10000,10128
5/20/2008,10440,10400,10496,10380,3510
5/19/2008,10538,10688,10710,10522,26932
5/16/2008,10592,10580,10650,10504,43282
5/15/2008,10600,10720,10738,10402,17608
5/14/2008,10790,10740,10840,10662,18718
5/13/2008,10610,10678,10700,10582,46130
5/12/2008,10720,10408,10780,10408,44138
5/9/2008,10272,10408,10408,10246,43872
5/8/2008,10308,10270,10350,10226,37232
5/7/2008,10170,10290,10366,10160,46890
5/6/2008,10298,10210,10348,10188,48256
5/5/2008,10170,10182,10216,10120,54676
5/2/2008,10170,10150,10200,10064,5140
5/1/2008,10170,10150,10200,10064,5140
4/30/2008,10170,10150,10200,10064,5140
4/29/2008,10160,10276,10278,10018,29806
4/28/2008,10412,10274,10434,10274,25080
4/25/2008,10308,10282,10368,10282,22140
4/24/2008,10524,10602,10640,10510,32122
4/23/2008,10700,10600,10700,10552,3160
4/22/2008,10380,10158,10426,10158,3928
4/21/2008,10296,10794,10794,10280,5878
4/18/2008,10794,10720,10916,10704,33720
4/17/2008,10818,10750,10880,10604,26666
4/16/2008,10790,11054,11054,10706,36116
4/15/2008,10956,10690,10956,10670,6784
4/14/2008,10600,10198,10736,10140,5128
4/11/2008,10198,10302,10310,10182,3904
4/10/2008,10210,10350,10430,10112,4784
4/9/2008,10144,10060,10176,10020,4676
4/8/2008,10280,10250,10342,10240,5288
4/7/2008,10202,9980,10226,9928,4976
4/4/2008,9850,10000,10044,9818,24786
4/3/2008,9850,10000,10044,9818,24786
4/2/2008,9672,9612,9890,9402,26352
4/1/2008,9582,9582,9582,9582,524
3/31/2008,10454,10456,10500,10190,53102
3/28/2008,10530,10618,10630,10478,25212
3/27/2008,10544,10626,10708,10522,61882
3/26/2008,10676,10750,10750,10452,55876
3/25/2008,10380,10458,10576,10082,59214
3/24/2008,10252,9900,10260,9900,45132
3/21/2008,9830,9770,9946,9752,10332
3/20/2008,9898,9774,9996,9774,6648
3/19/2008,10180,10000,10444,10000,53456
3/18/2008,10378,10378,10378,10378,704
3/17/2008,10786,10786,10890,10786,24682
3/14/2008,11236,11250,11350,11100,46522
3/13/2008,11270,11120,11418,10900,44768
3/12/2008,10970,11360,11418,10808,52028
3/11/2008,11296,11028,11426,11028,47680
3/10/2008,11194,11194,11194,11194,150
3/7/2008,11648,11648,11850,11648,6220
3/6/2008,12166,12100,12388,11700,61410
3/5/2008,12094,12098,12200,12094,7682
3/4/2008,12510,12992,12992,11996,39488
3/3/2008,12512,12320,12512,12320,5144
2/29/2008,12152,11900,12152,11762,64338
2/28/2008,11680,11798,11880,11600,34502
2/27/2008,11756,11580,11940,11580,29760
2/26/2008,11352,11560,11850,11150,28214
2/25/2008,11506,11288,11506,11260,16668
2/22/2008,11054,11030,11120,10930,54214
2/21/2008,11076,10960,11120,10912,64452
2/20/2008,10860,10858,10940,10750,51094
2/19/2008,10820,10868,10918,10580,51256
2/18/2008,10810,10748,11088,10718,46376
2/15/2008,10718,10610,10818,10610,49080
2/14/2008,10442,10300,10482,10300,45904
2/13/2008,10268,10150,10348,10150,46260
2/5/2008,10228,10050,10228,10002,8466
2/4/2008,9918,9860,9962,9750,34740
2/1/2008,9798,9848,9888,9790,38786
1/31/2008,9758,9726,9836,9690,33588
1/29/2008,9716,9658,9720,9606,31976
1/28/2008,9562,9580,9638,9526,31636
1/25/2008,9586,9474,9628,9474,17282
1/24/2008,9362,9138,9380,9138,24582
1/23/2008,9484,9604,9648,9438,31688
1/22/2008,9576,9700,9716,9576,19906
1/21/2008,9970,9950,10036,9902,25542
1/18/2008,9930,10180,10198,9882,24966
1/17/2008,10244,10020,10246,9968,23590
1/16/2008,10070,10244,10248,9968,23040
1/15/2008,10252,10280,10296,10080,25506
1/14/2008,10128,9988,10128,9950,12548
1/11/2008,9842,9630,9880,9630,28108
1/10/2008,9630,9510,9670,9510,27232
1/9/2008,9576,9530,9580,9450,24082
1/8/2008,9470,9470,9504,9408,30842
1/7/2008,9448,9420,9514,9404,27720
1/4/2008,9434,9450,9496,9410,26854
1/3/2008,9424,9380,9536,9380,27024
1/2/2008,9296,9300,9360,9244,25098
1/1/2008,9298,9300,9410,9208,18694
12/31/2007,9298,9300,9410,9208,18694
12/28/2007,9298,9300,9410,9208,18694
12/27/2007,9300,9258,9486,9258,18712
12/26/2007,9246,9040,9248,9020,22664
12/25/2007,9016,9044,9044,8956,17068
12/24/2007,8996,8798,9034,8770,18810
12/21/2007,8818,8752,8840,8710,15848
12/20/2007,8750,8808,8808,8742,17482
12/19/2007,8786,8650,8816,8650,15608
12/18/2007,8680,8786,8786,8680,17510
12/17/2007,8786,8748,8798,8722,7196
12/14/2007,8712,8650,8728,8650,14406
12/13/2007,8710,8592,8874,8560,15740
12/12/2007,8518,8588,8588,8500,15662
12/11/2007,8576,8502,8608,8502,18592
12/10/2007,8522,8532,8566,8492,14402
12/7/2007,8558,8520,8560,8428,13962
12/6/2007,8480,8552,8552,8472,13278
12/5/2007,8576,8586,8636,8530,12412
12/4/2007,8580,8598,8664,8568,15670
12/3/2007,8560,8748,8748,8550,18444
11/30/2007,8554,8698,8698,8500,6584
11/29/2007,8522,8576,8600,8400,14088
11/28/2007,8550,8632,8656,8550,14248
11/27/2007,8700,8760,8760,8698,9636
11/26/2007,8804,8770,8866,8764,11676
11/23/2007,8710,8760,8776,8648,11516
11/22/2007,8780,8700,8798,8700,8644
11/21/2007,8690,8500,8692,8490,7118
11/20/2007,8420,8688,8688,8360,7378
11/19/2007,8722,8748,8798,8658,8460
11/16/2007,8530,8824,8888,8530,4872
11/15/2007,8880,8900,8930,8860,3592
11/14/2007,8900,8950,8960,8872,3498
11/13/2007,8948,8780,8970,8762,2842
11/12/2007,8836,8910,8930,8820,2406
11/9/2007,8910,8860,8948,8860,4764
11/8/2007,8860,8760,8898,8760,4490
11/7/2007,8816,8730,8878,8730,4184
11/6/2007,8666,8596,8670,8596,3726
11/5/2007,8600,8550,8628,8550,4428
11/2/2007,8540,8550,8564,8520,3304
11/1/2007,8598,8700,8700,8550,3222
10/31/2007,8516,8502,8554,8500,5142
10/30/2007,8572,8700,8700,8550,18646
10/29/2007,8424,8350,8424,8350,2098
