5/10/2016,2686,2679,2698,2674,2862
5/9/2016,2686,2689,2695,2676,1722
5/6/2016,2684,2682,2689,2679,264
5/5/2016,2687,2687,2691,2675,196
5/4/2016,2685,2686,2707,2681,338
5/3/2016,2695,2682,2695,2658,322
5/2/2016,2672,2686,2686,2668,0
4/29/2016,2676,2686,2686,2668,128
4/28/2016,2680,2680,2685,2673,248
4/27/2016,2682,2692,2692,2679,320
4/26/2016,2680,2703,2703,2678,258
4/25/2016,2683,2680,2697,2679,342
4/22/2016,2688,2715,2715,2681,550
4/21/2016,2721,2694,2735,2691,2170
4/20/2016,2676,2681,2694,2673,516
4/19/2016,2670,2662,2684,2650,558
4/18/2016,2653,2663,2663,2640,668
4/15/2016,2786,2769,2791,2768,4766
4/14/2016,2770,2819,2875,2754,11602
4/13/2016,2819,2908,2921,2817,11236
4/12/2016,2900,2970,2970,2900,4026
4/11/2016,2971,2992,2996,2958,3746
4/8/2016,2992,2967,2995,2965,4364
4/7/2016,2976,2959,2976,2952,2424
4/6/2016,2959,2950,2970,2946,8688
4/5/2016,2949,2929,2952,2914,4900
4/1/2016,2920,2907,2928,2905,2978
3/31/2016,2903,2883,2906,2868,4828
3/30/2016,2908,2903,2930,2889,3972
3/29/2016,2898,2855,2909,2836,7024
3/28/2016,2853,2840,2860,2836,2576
3/25/2016,2842,2839,2849,2833,2744
3/24/2016,2844,2843,2844,2824,3048
3/23/2016,2838,2837,2840,2830,2248
3/22/2016,2835,2843,2845,2819,2786
3/21/2016,2842,2821,2844,2800,9374
3/18/2016,2829,2850,2850,2827,5486
3/17/2016,2852,2854,2857,2841,4674
3/16/2016,2856,2870,2876,2856,6430
3/15/2016,2870,2858,2870,2855,1724
3/14/2016,2864,2852,2872,2852,2582
3/11/2016,2850,2843,2855,2836,2126
3/10/2016,2841,2855,2855,2834,3482
3/9/2016,2855,2840,2858,2828,2850
3/8/2016,2854,2865,2874,2853,6300
3/7/2016,2856,2852,2881,2847,7320
3/4/2016,2845,2845,2854,2818,9344
3/3/2016,2845,2886,2895,2837,15282
3/2/2016,2887,2880,2890,2875,4056
3/1/2016,2878,2887,2899,2877,12352
2/29/2016,2887,2876,2941,2848,27362
2/26/2016,2880,2889,2889,2869,13074
2/25/2016,2883,2885,2889,2881,4738
2/24/2016,2885,2880,2886,2875,3394
2/23/2016,2881,2887,2887,2879,3960
2/22/2016,2887,2879,2890,2876,3496
2/19/2016,2881,2885,2891,2876,4092
2/18/2016,2885,2884,2888,2872,3006
2/17/2016,2881,2885,2892,2879,5052
2/16/2016,2885,2890,2890,2882,1748
2/15/2016,2888,2880,2893,2880,1572
2/5/2016,2888,2888,2892,2887,2408
2/4/2016,2889,2888,2893,2887,3738
2/3/2016,2887,2883,2889,2883,3030
2/2/2016,2885,2885,2886,2881,1410
2/1/2016,2883,2873,2886,2873,3456
1/29/2016,2875,2876,2880,2861,4840
1/28/2016,2876,2880,2883,2872,2390
1/27/2016,2881,2880,2885,2880,2020
1/26/2016,2880,2890,2897,2876,6732
1/25/2016,2887,2889,2891,2883,2200
1/22/2016,2885,2883,2889,2874,4206
1/21/2016,2881,2885,2892,2876,6108
1/20/2016,2888,2890,2893,2872,5564
1/19/2016,2892,2893,2916,2891,8724
1/18/2016,2896,2891,2896,2885,5602
1/15/2016,2891,2890,2892,2885,2870
1/14/2016,2891,2883,2896,2880,6958
1/13/2016,2884,2888,2890,2878,9132
1/12/2016,2890,2875,2894,2875,7188
1/11/2016,2887,2922,2923,2839,19662
1/8/2016,2924,2918,2925,2906,8792
1/7/2016,2919,2917,2932,2910,11440
1/6/2016,2916,2910,2916,2892,8074
1/5/2016,2911,2912,2916,2902,10772
1/4/2016,2917,2892,3002,2890,9796
12/31/2015,2891,2890,2894,2887,5658
12/30/2015,2892,2890,2900,2885,11380
12/29/2015,2886,2890,2900,2882,9624
12/28/2015,2894,2878,2894,2876,10038
12/25/2015,2880,2888,2889,2870,8940
12/24/2015,2889,2892,2895,2881,6948
12/23/2015,2893,2888,2895,2883,5628
12/22/2015,2892,2884,2894,2880,6280
12/21/2015,2886,2886,2890,2868,9880
12/18/2015,2884,2889,2897,2883,5086
12/17/2015,2890,2884,2897,2884,7544
12/16/2015,2889,2880,2889,2867,10086
12/15/2015,2881,2875,2884,2870,6782
12/14/2015,2876,2866,2880,2849,10374
12/11/2015,2868,2861,2869,2859,4700
12/10/2015,2861,2849,2862,2845,5280
12/9/2015,2850,2846,2854,2843,4636
12/8/2015,2847,2841,2854,2837,6166
12/7/2015,2845,2837,2847,2833,3602
12/4/2015,2838,2840,2841,2826,4592
12/3/2015,2838,2845,2846,2825,4582
12/2/2015,2848,2838,2851,2832,5248
12/1/2015,2836,2832,2841,2820,7514
11/30/2015,2835,2816,2835,2812,6006
11/27/2015,2818,2821,2826,2809,4720
11/26/2015,2823,2818,2829,2812,6478
11/25/2015,2818,2802,2822,2800,8426
11/24/2015,2804,2782,2807,2780,6340
11/23/2015,2782,2790,2794,2774,5426
11/20/2015,2791,2778,2796,2776,8564
11/19/2015,2778,2768,2780,2765,6248
11/18/2015,2770,2764,2771,2762,7220
11/17/2015,2766,2766,2769,2757,6568
11/16/2015,2767,2777,2781,2762,10780
11/13/2015,2780,2776,2786,2770,10130
11/12/2015,2776,2774,2779,2771,4444
11/11/2015,2774,2772,2778,2768,3960
11/10/2015,2777,2767,2778,2763,5044
11/9/2015,2773,2761,2783,2761,5594
11/6/2015,2770,2768,2772,2756,9276
11/5/2015,2764,2767,2770,2761,3426
11/4/2015,2766,2771,2778,2766,1870
11/3/2015,2768,2755,2775,2745,7476
11/2/2015,2756,2759,2763,2754,3118
10/30/2015,2763,2762,2769,2756,2274
10/29/2015,2763,2769,2771,2752,4800
10/28/2015,2765,2777,2780,2754,6136
10/27/2015,2777,2780,2786,2770,3132
10/26/2015,2778,2775,2787,2771,2870
10/23/2015,2780,2779,2791,2770,7764
10/22/2015,2781,2771,2869,2771,9344
10/21/2015,2769,2766,2769,2756,3320
10/20/2015,2766,2764,2774,2758,7618
10/19/2015,2766,2765,2777,2759,8656
10/16/2015,2770,2768,2780,2759,8374
10/15/2015,2766,2736,2770,2734,11160
10/14/2015,2738,2739,2746,2729,7064
10/13/2015,2735,2733,2742,2717,17274
10/12/2015,2721,2720,2725,2717,2730
10/9/2015,2724,2712,2729,2706,5576
9/30/2015,2748,2739,2749,2734,2662
9/29/2015,2740,2738,2741,2730,2888
9/28/2015,2739,2738,2757,2731,5042
9/25/2015,2738,2725,2738,2722,1484
9/24/2015,2726,2719,2734,2719,2286
9/23/2015,2719,2708,2719,2703,2788
9/22/2015,2711,2721,2722,2710,2526
9/21/2015,2721,2708,2730,2691,7924
9/18/2015,2712,2724,2735,2708,4582
9/17/2015,2726,2745,2745,2720,5978
9/16/2015,2743,2745,2752,2736,3230
9/15/2015,2743,2746,2746,2742,1588
9/14/2015,2746,2744,2750,2742,1966
9/11/2015,2746,2747,2750,2740,4492
9/10/2015,2746,2736,2749,2736,4744
9/9/2015,2740,2747,2753,2737,3232
9/8/2015,2740,2729,2741,2726,3072
9/2/2015,2741,2741,2745,2711,2260
9/1/2015,2745,2743,2747,2741,3306
8/31/2015,2744,2743,2750,2740,2878
8/28/2015,2748,2750,2776,2739,6810
8/27/2015,2729,2727,2734,2725,2102
8/26/2015,2731,2723,2747,2716,12526
8/25/2015,2730,2680,2746,2680,14224
8/24/2015,2672,2691,2691,2660,17522
8/21/2015,2702,2710,2715,2696,2484
8/20/2015,2707,2712,2720,2700,1890
8/19/2015,2712,2715,2718,2705,1350
8/18/2015,2717,2720,2724,2710,1358
8/17/2015,2717,2733,2736,2715,1808
8/14/2015,2737,2733,2744,2732,714
8/13/2015,2733,2728,2750,2723,1940
8/12/2015,2736,2733,2737,2727,1172
8/11/2015,2738,2720,2746,2719,2208
8/10/2015,2717,2718,2721,2711,1146
8/7/2015,2720,2712,2722,2708,1580
8/6/2015,2714,2716,2720,2704,858
8/5/2015,2716,2720,2725,2701,2034
8/4/2015,2724,2702,2725,2695,2136
8/3/2015,2698,2731,2735,2697,3916
7/31/2015,2737,2760,2764,2737,2894
7/30/2015,2760,2778,2778,2760,2344
7/29/2015,2774,2767,2779,2767,1722
7/28/2015,2769,2754,2771,2751,3406
7/27/2015,2760,2763,2763,2748,3380
7/24/2015,2769,2770,2775,2757,2550
7/23/2015,2770,2785,2786,2770,1876
7/22/2015,2784,2783,2788,2775,1924
7/21/2015,2787,2794,2799,2781,1072
7/20/2015,2795,2790,2798,2776,1750
7/17/2015,2792,2784,2800,2776,2326
7/16/2015,2787,2777,2787,2775,1326
7/15/2015,2783,2789,2789,2775,1376
7/14/2015,2788,2795,2803,2782,1790
7/13/2015,2799,2786,2810,2780,1702
7/10/2015,2786,2784,2792,2782,2524
7/9/2015,2785,2774,2819,2760,13496
7/8/2015,2744,2747,2787,2711,30046
7/7/2015,2795,2778,2808,2770,3196
7/6/2015,2774,2775,2785,2769,400
7/3/2015,2781,2770,2785,2770,358
7/2/2015,2780,2784,2784,2767,628
7/1/2015,2784,2774,2800,2774,1514
6/30/2015,2772,2769,2776,2747,1998
6/29/2015,2775,2790,2799,2760,1496
6/26/2015,2797,2807,2807,2792,1532
6/25/2015,2802,2818,2818,2795,1738
6/24/2015,2813,2819,2825,2809,514
6/23/2015,2550,2550,2577,2550,4
6/19/2015,2808,2808,2812,2802,488
6/18/2015,2808,2809,2818,2800,910
6/17/2015,2804,2806,2830,2793,680
6/16/2015,2801,2799,2806,2793,768
6/15/2015,2796,2825,2830,2783,1520
6/12/2015,2825,2827,2830,2817,1456
6/11/2015,2830,2815,2840,2810,3804
6/10/2015,2820,2825,2840,2818,2338
6/9/2015,2818,2826,2827,2811,702
6/8/2015,2824,2795,2830,2795,1016
6/5/2015,2795,2782,2795,2765,1072
6/4/2015,2784,2771,2787,2760,324
6/3/2015,2777,2782,2782,2777,14
6/2/2015,2785,2781,2785,2781,30
6/1/2015,2790,2789,2796,2782,182
5/29/2015,2791,2775,2794,2775,128
5/28/2015,2776,2798,2798,2770,326
5/27/2015,2774,2769,2779,2765,40
5/26/2015,2779,2769,2779,2769,44
5/25/2015,2775,2771,2784,2764,172
5/22/2015,2771,2760,2771,2750,114
5/21/2015,2750,2752,2770,2750,62
5/20/2015,2761,2777,2777,2755,58
5/19/2015,2799,2799,2800,2545,1546
5/18/2015,2776,2550,2776,2545,0
5/15/2015,2550,2550,2550,2545,1546
5/14/2015,2548,2549,2549,2526,152
5/13/2015,2526,2530,2543,2526,316
5/12/2015,2531,2539,2556,2530,222
5/11/2015,2530,2556,2560,2530,360
5/8/2015,2558,2557,2560,2530,238
5/7/2015,2534,2530,2554,2530,318
5/6/2015,2531,2530,2565,2530,402
5/5/2015,2562,2565,2565,2562,310
5/4/2015,2524,2531,2549,2518,1398
4/30/2015,2540,2521,2549,2518,1270
4/29/2015,2521,2530,2541,2518,474
4/28/2015,2522,2538,2541,2521,372
4/27/2015,2539,2540,2540,2520,664
4/24/2015,2540,2543,2581,2525,148
4/23/2015,2540,2553,2581,2525,428
4/22/2015,2541,2522,2542,2522,150
4/21/2015,2526,2526,2531,2521,326
4/20/2015,2520,2530,2535,2517,1250
4/17/2015,2524,2535,2537,2514,1316
4/16/2015,2538,2545,2549,2535,210
4/15/2015,2549,2536,2555,2536,248
4/14/2015,2545,2547,2562,2532,310
4/13/2015,2558,2540,2562,2532,458
4/10/2015,2546,2565,2565,2545,1472
4/9/2015,2568,2584,2594,2566,348
4/8/2015,2580,2594,2594,2574,878
4/7/2015,2590,2598,2598,2580,310
4/3/2015,2598,2591,2620,2591,648
4/2/2015,2593,2591,2599,2584,366
4/1/2015,2593,2577,2593,2576,1124
3/31/2015,2576,2580,2580,2562,382
3/30/2015,2566,2556,2595,2531,1160
3/27/2015,2559,2584,2584,2555,800
3/26/2015,2589,2577,2590,2574,386
3/25/2015,2575,2573,2579,2569,146
3/24/2015,2574,2590,2594,2566,546
3/23/2015,2587,2584,2595,2583,382
3/20/2015,2582,2609,2610,2580,878
3/19/2015,2609,2603,2610,2603,568
3/18/2015,2604,2625,2625,2600,1406
3/17/2015,2625,2631,2631,2618,192
3/16/2015,2626,2631,2637,2625,678
3/13/2015,2629,2626,2629,2621,1054
3/12/2015,2623,2621,2627,2616,238
3/11/2015,2620,2624,2627,2616,472
3/10/2015,2619,2615,2641,2615,264
3/9/2015,2620,2623,2623,2615,196
3/6/2015,2619,2619,2625,2619,436
3/5/2015,2619,2616,2621,2616,104
3/4/2015,2622,2624,2625,2620,206
3/3/2015,2623,2613,2625,2612,408
3/2/2015,2623,2620,2630,2620,768
2/27/2015,2621,2621,2628,2611,780
2/26/2015,2626,2623,2631,2621,330
2/17/2015,2630,2626,2635,2622,402
2/16/2015,2629,2629,2630,2618,414
2/13/2015,2628,2631,2637,2620,496
2/12/2015,2631,2631,2642,2631,214
2/11/2015,2638,2640,2641,2636,142
2/10/2015,2639,2639,2645,2636,358
2/9/2015,2639,2643,2645,2636,456
2/6/2015,2643,2656,2668,2636,586
2/5/2015,2639,2633,2649,2602,1446
2/4/2015,2636,2651,2664,2636,1146
2/3/2015,2648,2641,2651,2640,290
2/2/2015,2648,2644,2656,2639,700
1/30/2015,2646,2671,2681,2630,1524
1/29/2015,2676,2695,2696,2673,872
1/28/2015,2699,2703,2704,2696,172
1/27/2015,2700,2704,2704,2695,470
1/26/2015,2700,2690,2701,2677,514
1/23/2015,2702,2701,2703,2693,572
1/22/2015,2701,2714,2715,2699,872
1/21/2015,2709,2701,2720,2699,1820
1/20/2015,2698,2689,2701,2689,1170
1/19/2015,2690,2659,2717,2659,2256
1/16/2015,2560,2560,2560,2500,40
1/15/2015,2558,2500,2559,2500,560
1/14/2015,2560,2557,2560,2540,98
1/13/2015,2559,2545,2559,2540,298
1/12/2015,2540,2540,2549,2540,26
1/9/2015,2549,2549,2549,2540,24
1/8/2015,2540,2540,2545,2535,136
1/7/2015,2535,2545,2545,2535,8
1/6/2015,2536,2539,2544,2536,198
1/5/2015,2538,2535,2551,2535,498
12/31/2014,2538,2538,2551,2537,498
12/30/2014,2545,2555,2556,2544,1152
12/29/2014,2552,2536,2552,2535,1218
12/26/2014,2540,2541,2556,2536,706
12/25/2014,2545,2549,2550,2542,382
12/24/2014,2547,2538,2549,2538,556
12/23/2014,2543,2546,2551,2535,418
12/22/2014,2553,2546,2553,2541,1706
12/19/2014,2545,2547,2549,2544,524
12/18/2014,2551,2549,2554,2540,498
12/17/2014,2541,2538,2555,2538,700
12/16/2014,2545,2554,2570,2530,838
12/15/2014,2562,2547,2578,2546,574
12/12/2014,2553,2555,2561,2550,760
12/11/2014,2562,2571,2571,2555,2842
12/10/2014,2572,2582,2588,2570,1434
12/9/2014,2588,2581,2590,2580,1712
12/8/2014,2589,2594,2594,2586,1426
12/5/2014,2591,2594,2594,2580,682
12/4/2014,2590,2584,2593,2584,1034
12/3/2014,2588,2576,2591,2576,902
12/2/2014,2590,2590,2594,2576,1436
12/1/2014,2584,2586,2590,2551,1366
11/28/2014,2588,2559,2657,2559,4724
11/27/2014,2562,2558,2566,2553,952
11/26/2014,2562,2557,2567,2536,2348
11/25/2014,2560,2559,2564,2558,1412
11/24/2014,2559,2563,2590,2551,4738
11/21/2014,2559,2558,2567,2556,2002
11/20/2014,2559,2562,2569,2550,4858
11/19/2014,2562,2590,2591,2561,5674
11/18/2014,2594,2591,2602,2588,1764
11/17/2014,2593,2601,2601,2586,1880
11/3/2014,2700,2700,2700,2700,2
10/31/2014,2700,2701,2701,2700,4
10/23/2014,2721,2760,2760,2710,6
10/20/2014,2760,2760,2760,2760,6
10/17/2014,2759,2678,2780,2678,72
10/14/2014,2680,2680,2680,2678,8
10/13/2014,2678,2680,2680,2678,18
10/9/2014,2680,2680,2680,2680,4
9/25/2014,2679,2679,2679,2679,2
9/24/2014,2709,2709,2709,2709,2
9/23/2014,2708,2681,2708,2681,10
9/19/2014,2680,2680,2680,2680,2
9/17/2014,2688,2688,2688,2688,2
9/15/2014,2561,2590,2590,2560,514
9/12/2014,2605,2590,2611,2590,732
9/11/2014,2590,2590,2590,2580,756
9/10/2014,2599,2599,2599,2599,10
9/9/2014,2600,2580,2600,2580,238
9/3/2014,2603,2590,2603,2590,220
9/2/2014,2582,2590,2590,2582,46
9/1/2014,2585,2570,2585,2565,824
8/29/2014,2580,2590,2605,2548,3304
8/28/2014,2600,2645,2650,2600,680
8/27/2014,2653,2653,2654,2643,506
8/26/2014,2656,2653,2661,2636,764
8/25/2014,2653,2640,2655,2640,514
8/22/2014,2656,2649,2656,2648,744
8/21/2014,2653,2648,2654,2646,1344
8/20/2014,2655,2658,2658,2648,1236
8/19/2014,2660,2656,2664,2655,746
8/18/2014,2662,2684,2685,2650,1354
8/15/2014,2678,2680,2685,2676,904
8/14/2014,2675,2671,2685,2671,1304
8/13/2014,2674,2681,2682,2669,1638
8/12/2014,2684,2660,2685,2653,2136
8/11/2014,2653,2639,2653,2636,4408
8/8/2014,2635,2630,2637,2621,2690
8/7/2014,2634,2610,2636,2610,6058
8/6/2014,2613,2605,2620,2605,6696
8/5/2014,2608,2598,2610,2592,5188
8/4/2014,2594,2591,2599,2591,2574
8/1/2014,2591,2591,2597,2587,7680
7/31/2014,2593,2585,2595,2583,6554
7/30/2014,2583,2580,2589,2580,2360
7/29/2014,2579,2586,2588,2572,5550
7/28/2014,2587,2600,2600,2587,1526
7/25/2014,2595,2599,2599,2587,898
7/24/2014,2595,2590,2603,2589,1530
7/23/2014,2589,2585,2592,2585,1470
7/22/2014,2585,2592,2597,2582,1140
7/21/2014,2592,2587,2604,2578,2928
7/18/2014,2587,2608,2610,2587,3646
7/17/2014,2607,2604,2613,2601,5214
7/16/2014,2604,2594,2605,2589,4246
7/15/2014,2589,2589,2591,2585,3154
7/14/2014,2586,2574,2587,2573,2074
7/11/2014,2582,2586,2586,2576,2276
7/10/2014,2579,2575,2584,2571,4326
7/9/2014,2573,2577,2577,2569,2574
7/8/2014,2577,2596,2596,2576,3466
7/7/2014,2595,2579,2595,2572,11380
7/4/2014,2576,2566,2576,2565,2582
7/3/2014,2565,2566,2569,2562,5072
7/2/2014,2566,2559,2569,2557,5720
7/1/2014,2559,2550,2563,2549,7488
6/30/2014,2555,2552,2559,2552,3814
6/27/2014,2552,2580,2580,2550,12868
6/26/2014,2577,2588,2588,2575,4364
6/25/2014,2587,2590,2595,2586,3116
6/24/2014,2589,2588,2594,2587,5590
6/23/2014,2591,2594,2595,2585,7450
6/20/2014,2592,2595,2601,2592,3656
6/19/2014,2595,2593,2597,2590,4358
6/18/2014,2595,2600,2606,2595,6850
6/17/2014,2598,2589,2603,2588,4386
6/16/2014,2596,2598,2606,2593,3916
6/13/2014,2598,2596,2605,2591,4516
6/12/2014,2598,2615,2615,2597,10546
6/11/2014,2616,2616,2618,2613,6164
6/10/2014,2615,2622,2628,2614,12032
6/9/2014,2622,2623,2633,2605,15226
6/6/2014,2619,2612,2624,2612,10982
6/5/2014,2617,2598,2627,2596,25286
6/4/2014,2597,2586,2599,2584,6350
6/3/2014,2584,2573,2592,2573,5614
5/30/2014,2580,2586,2591,2580,5866
5/29/2014,2589,2587,2598,2584,9216
5/28/2014,2584,2582,2588,2580,5296
5/27/2014,2581,2591,2600,2580,7010
5/26/2014,2591,2630,2630,2588,13776
5/23/2014,2631,2625,2633,2625,2880
5/22/2014,2626,2629,2635,2622,3666
5/21/2014,2631,2627,2639,2625,3808
5/20/2014,2630,2625,2634,2616,5248
5/19/2014,2624,2640,2644,2622,5486
5/16/2014,2639,2630,2650,2630,10246
5/15/2014,2628,2628,2629,2621,3532
5/14/2014,2629,2629,2633,2627,3494
5/13/2014,2627,2635,2635,2620,7684
5/12/2014,2636,2634,2641,2633,6026
5/9/2014,2633,2648,2653,2630,14454
5/8/2014,2649,2653,2660,2647,7520
5/7/2014,2652,2687,2687,2642,21108
5/6/2014,2687,2689,2693,2683,5186
5/5/2014,2686,2694,2695,2680,6892
5/1/2014,2666,2666,2666,2666,2
4/30/2014,2688,2682,2695,2681,10454
4/29/2014,2683,2695,2703,2681,7942
4/28/2014,2696,2707,2713,2694,14762
4/25/2014,2865,2855,2868,2854,3250
4/24/2014,2857,2849,2860,2844,5514
4/23/2014,2838,2849,2849,2835,4566
4/22/2014,2841,2821,2843,2815,12494
4/21/2014,2818,2781,2837,2768,21556
4/18/2014,2787,2817,2817,2770,11440
4/17/2014,2810,2853,2856,2805,12322
4/16/2014,2857,2865,2868,2852,4654
4/15/2014,2854,2850,2881,2846,16818
4/14/2014,2847,2836,2848,2833,7524
4/11/2014,2837,2829,2839,2820,6544
4/10/2014,2825,2795,2841,2794,18096
4/9/2014,2796,2796,2797,2792,4858
4/8/2014,2795,2796,2798,2790,8456
4/4/2014,2795,2787,2797,2786,3928
4/3/2014,2792,2792,2795,2788,3242
4/2/2014,2793,2795,2800,2788,10494
4/1/2014,2792,2787,2798,2782,11218
3/31/2014,2782,2784,2798,2771,13586
3/28/2014,2794,2806,2806,2765,20772
3/27/2014,2805,2817,2817,2803,7438
3/26/2014,2817,2824,2825,2815,5076
3/25/2014,2824,2831,2831,2820,10134
3/24/2014,2829,2825,2829,2821,15208
3/21/2014,2822,2803,2823,2802,10940
3/20/2014,2802,2802,2808,2798,5052
3/19/2014,2797,2804,2805,2793,3958
3/18/2014,2797,2798,2801,2790,6108
3/17/2014,2797,2806,2806,2795,8150
3/14/2014,2803,2810,2810,2797,10920
3/12/2014,2805,2813,2816,2798,8564
3/11/2014,2812,2794,2814,2794,8016
3/10/2014,2804,2815,2823,2802,13446
3/6/2014,2824,2829,2829,2824,7802
3/5/2014,2830,2824,2830,2822,11276
3/4/2014,2825,2822,2826,2818,8370
3/3/2014,2823,2814,2824,2810,14130
2/28/2014,2812,2813,2819,2778,19880
2/27/2014,2815,2813,2820,2813,6374
2/26/2014,2815,2824,2824,2811,10758
2/25/2014,2823,2823,2827,2818,9406
2/24/2014,2821,2814,2822,2813,7872
2/21/2014,2817,2819,2828,2811,12086
2/20/2014,2820,2824,2830,2818,7514
2/19/2014,2826,2830,2831,2823,7776
2/18/2014,2825,2821,2835,2819,14682
2/17/2014,2822,2820,2833,2820,4808
2/14/2014,2827,2834,2835,2817,17174
2/13/2014,2835,2842,2843,2833,6622
2/12/2014,2842,2837,2845,2831,6866
2/11/2014,2835,2840,2840,2833,7618
2/10/2014,2838,2838,2844,2831,17862
2/7/2014,2838,2843,2847,2810,12184
1/30/2014,2841,2840,2847,2837,5728
1/29/2014,2842,2847,2849,2841,7462
1/28/2014,2845,2854,2855,2841,12226
1/27/2014,2854,2850,2857,2850,9700
1/24/2014,2851,2852,2855,2846,10174
1/23/2014,2847,2847,2851,2845,8476
1/22/2014,2846,2842,2850,2841,12470
1/21/2014,2844,2843,2849,2842,7026
1/20/2014,2845,2848,2854,2844,13418
1/17/2014,2855,2836,2856,2835,24632
1/15/2014,2832,2830,2834,2820,13356
1/14/2014,2829,2825,2835,2825,17040
1/13/2014,2822,2820,2825,2810,12544
1/10/2014,2823,2820,2829,2813,14812
1/9/2014,2820,2840,2844,2811,40388
1/8/2014,2840,2842,2850,2832,17320
1/7/2014,2838,2825,2861,2824,30886
1/6/2014,2829,2831,2832,2821,18502
1/3/2014,2825,2810,2828,2805,31022
1/2/2014,2815,2847,2847,2814,45216
12/31/2013,2845,2850,2853,2838,31798
12/30/2013,2850,2857,2860,2848,18024
12/27/2013,2849,2851,2853,2845,5608
12/26/2013,2851,2849,2861,2848,16860
12/25/2013,2854,2862,2865,2846,28832
12/24/2013,2856,2851,2860,2849,21428
12/23/2013,2854,2867,2868,2835,51012
12/20/2013,2870,2863,2874,2861,17406
12/19/2013,2864,2851,2869,2851,22574
12/18/2013,2855,2861,2863,2852,17590
12/17/2013,2860,2863,2872,2845,35176
12/16/2013,2866,2896,2896,2864,28302
12/13/2013,2889,2876,2900,2868,25698
12/12/2013,2880,2875,2892,2872,17184
12/11/2013,2873,2868,2875,2843,53514
12/10/2013,2872,2870,2874,2865,9326
12/9/2013,2870,2874,2875,2865,10736
12/6/2013,2874,2866,2879,2863,10164
12/5/2013,2868,2871,2873,2865,7304
12/4/2013,2871,2879,2879,2867,10830
12/3/2013,2877,2870,2881,2870,17112
12/2/2013,2871,2881,2881,2862,17942
11/29/2013,2881,2870,2881,2870,7682
11/28/2013,2871,2880,2880,2866,16334
11/27/2013,2884,2880,2894,2878,22926
11/26/2013,2879,2865,2882,2861,20744
11/25/2013,2865,2877,2878,2859,11358
11/22/2013,2876,2870,2880,2867,7288
11/21/2013,2873,2881,2881,2872,7904
11/19/2013,2870,2851,2871,2850,13116
11/18/2013,2853,2848,2857,2847,5596
11/15/2013,2847,2855,2864,2847,12732
11/13/2013,2815,2812,2820,2812,6
11/12/2013,2801,2800,2801,2800,4
11/11/2013,2770,2810,2810,2737,78
11/8/2013,2810,2810,2810,2760,46
11/7/2013,2810,2810,2810,2810,2
11/6/2013,2780,2780,2780,2780,30
11/4/2013,2737,2745,2745,2736,218
11/1/2013,2732,2762,2762,2722,184
10/31/2013,2770,2769,2770,2769,4
10/30/2013,2772,2776,2776,2772,6
10/29/2013,2787,2789,2789,2787,4
10/25/2013,2788,2806,2806,2788,6
10/23/2013,2825,2804,2825,2804,66
10/22/2013,2796,2796,2796,2796,6
10/17/2013,2822,2807,2824,2803,12
10/16/2013,2825,2818,2827,2806,16
10/14/2013,2820,2816,2831,2816,118
10/11/2013,2824,2826,2828,2824,12
10/10/2013,2830,2818,2830,2818,50
10/9/2013,2815,2810,2815,2810,14
9/30/2013,2815,2831,2831,2815,62
9/27/2013,2832,2831,2832,2831,60
9/26/2013,2831,2825,2831,2816,124
9/25/2013,2805,2794,2805,2794,36
9/24/2013,2813,2832,2836,2810,152
9/23/2013,2831,2823,2831,2823,98
9/17/2013,2805,2797,2805,2797,26
9/16/2013,2814,2767,2815,2767,390
9/13/2013,2770,2762,2770,2762,172
9/11/2013,2744,2752,2752,2736,56
9/10/2013,2790,2790,2790,2790,12
9/9/2013,2798,2798,2798,2798,6
9/6/2013,2690,2690,2690,2690,224
9/5/2013,2690,2689,2690,2685,280
9/4/2013,2689,2689,2690,2689,168
9/3/2013,2689,2690,2690,2689,30
9/2/2013,2690,2687,2691,2676,216
8/30/2013,2686,2671,2690,2671,58
8/29/2013,2685,2685,2686,2680,70
8/28/2013,2687,2678,2693,2678,376
8/27/2013,2686,2685,2694,2685,414
8/26/2013,2688,2672,2688,2672,110
8/23/2013,2683,2675,2683,2675,4
8/22/2013,2685,2673,2688,2671,226
8/21/2013,2684,2680,2694,2666,490
8/20/2013,2690,2680,2690,2674,284
8/19/2013,2684,2686,2690,2684,186
8/16/2013,2680,2680,2680,2678,54
8/15/2013,2682,2666,2690,2665,718
8/14/2013,2678,2689,2689,2674,210
8/13/2013,2684,2685,2696,2684,1088
8/12/2013,2692,2693,2697,2688,568
8/9/2013,2695,2690,2698,2681,1610
8/8/2013,2680,2650,2690,2650,1240
8/7/2013,2647,2647,2653,2643,512
8/6/2013,2645,2648,2648,2626,2318
8/5/2013,2654,2655,2669,2653,1498
8/2/2013,2660,2651,2667,2651,486
8/1/2013,2653,2667,2667,2653,1526
7/31/2013,2673,2660,2676,2660,988
7/30/2013,2659,2666,2671,2654,1062
7/29/2013,2667,2689,2689,2666,1154
7/26/2013,2689,2703,2703,2685,1544
7/25/2013,2705,2701,2709,2700,942
7/24/2013,2703,2710,2713,2697,1352
7/23/2013,2721,2715,2721,2708,1104
7/22/2013,2715,2691,2717,2689,4334
7/19/2013,2689,2695,2696,2684,2410
7/18/2013,2691,2687,2695,2687,298
7/17/2013,2692,2685,2693,2677,1042
7/16/2013,2689,2689,2692,2688,1150
7/15/2013,2688,2698,2722,2687,3764
7/12/2013,2697,2695,2697,2690,816
7/11/2013,2691,2689,2698,2685,2088
7/10/2013,2690,2689,2691,2682,1390
7/9/2013,2685,2678,2685,2677,824
7/8/2013,2678,2681,2686,2677,2370
7/5/2013,2679,2683,2697,2675,5612
7/4/2013,2684,2681,2684,2677,2306
7/3/2013,2678,2681,2685,2671,2358
7/2/2013,2679,2672,2684,2666,9422
7/1/2013,2672,2643,2672,2636,8694
6/28/2013,2644,2641,2649,2633,3606
6/27/2013,2641,2646,2653,2637,4612
6/26/2013,2646,2639,2648,2634,8306
6/25/2013,2641,2635,2647,2635,5512
6/24/2013,2637,2639,2647,2636,10780
6/21/2013,2639,2645,2656,2635,13874
6/20/2013,2647,2633,2657,2633,20264
6/19/2013,2630,2631,2635,2624,9284
6/18/2013,2633,2644,2646,2631,9894
6/17/2013,2639,2630,2640,2622,16684
6/14/2013,2625,2616,2640,2616,26972
6/13/2013,2616,2580,2628,2580,36370
6/7/2013,2563,2558,2566,2552,5338
6/6/2013,2556,2538,2562,2537,8222
6/5/2013,2540,2541,2550,2538,7646
6/4/2013,2543,2565,2565,2542,18586
6/3/2013,2565,2565,2573,2564,8392
5/31/2013,2562,2575,2577,2559,5806
5/30/2013,2568,2559,2569,2558,6898
5/29/2013,2558,2562,2568,2555,6906
5/28/2013,2561,2571,2573,2555,7742
5/27/2013,2567,2558,2570,2553,21614
5/24/2013,2548,2543,2549,2539,5300
5/23/2013,2539,2552,2555,2535,5596
5/22/2013,2551,2536,2557,2536,5814
5/21/2013,2540,2543,2544,2535,4846
5/20/2013,2539,2558,2560,2536,9386
5/17/2013,2556,2563,2563,2551,3122
5/16/2013,2558,2540,2567,2537,12544
5/15/2013,2544,2535,2548,2535,5282
5/14/2013,2537,2557,2558,2536,14254
5/13/2013,2552,2562,2563,2551,5764
5/10/2013,2565,2564,2570,2563,5310
5/9/2013,2559,2564,2567,2549,10144
5/8/2013,2564,2567,2582,2560,12000
5/7/2013,2570,2576,2576,2565,7436
5/6/2013,2578,2571,2579,2560,10752
5/3/2013,2570,2547,2574,2547,20816
5/2/2013,2544,2527,2548,2525,10994
4/26/2013,2525,2525,2530,2520,4538
4/25/2013,2522,2526,2534,2518,8264
4/24/2013,2527,2523,2543,2521,8226
4/23/2013,2524,2534,2535,2520,10452
4/22/2013,2533,2546,2548,2533,8110
4/19/2013,2545,2554,2557,2544,6082
4/18/2013,2549,2535,2549,2530,10318
4/17/2013,2534,2529,2540,2526,8642
4/16/2013,2527,2510,2528,2506,7190
4/15/2013,2521,2534,2535,2510,10886
4/12/2013,2534,2536,2540,2532,4054
4/11/2013,2538,2545,2558,2535,8050
4/10/2013,2545,2531,2549,2530,6770
4/9/2013,2529,2531,2537,2525,6290
4/8/2013,2525,2525,2528,2520,8552
4/3/2013,2476,2481,2485,2475,7644
4/2/2013,2483,2493,2493,2481,8650
4/1/2013,2492,2497,2500,2489,8982
3/29/2013,2499,2491,2501,2481,13096
3/28/2013,2502,2509,2509,2498,8540
3/27/2013,2506,2508,2511,2506,10050
3/26/2013,2508,2513,2514,2507,6278
3/25/2013,2514,2518,2519,2513,4960
3/22/2013,2516,2513,2519,2509,10288
3/21/2013,2513,2513,2518,2510,7026
3/20/2013,2513,2520,2522,2504,19982
3/19/2013,2514,2495,2515,2493,33748
3/18/2013,2493,2490,2494,2477,19296
3/15/2013,2492,2489,2499,2488,17750
3/14/2013,2488,2498,2498,2487,16708
3/13/2013,2492,2496,2497,2485,17688
3/12/2013,2492,2469,2500,2462,39866
3/11/2013,2473,2480,2482,2471,11612
3/8/2013,2477,2486,2486,2475,11458
3/7/2013,2473,2479,2480,2467,11042
3/6/2013,2480,2483,2484,2478,10104
3/5/2013,2480,2475,2488,2471,19236
3/4/2013,2469,2478,2482,2462,25132
3/1/2013,2478,2487,2489,2474,25446
2/28/2013,2484,2484,2494,2482,22818
2/27/2013,2480,2482,2497,2479,24176
2/26/2013,2485,2508,2512,2484,45618
2/25/2013,2510,2509,2519,2509,30732
2/22/2013,2510,2511,2517,2507,31370
2/21/2013,2512,2517,2518,2503,34200
2/20/2013,2517,2521,2526,2515,23690
2/19/2013,2518,2509,2520,2506,25388
2/18/2013,2506,2522,2525,2504,20962
2/8/2013,2524,2522,2526,2513,32796
2/7/2013,2520,2527,2535,2519,35616
2/6/2013,2527,2530,2539,2522,28114
2/5/2013,2530,2539,2541,2529,38618
2/4/2013,2541,2539,2548,2538,42668
2/1/2013,2544,2537,2549,2534,49014
1/31/2013,2539,2534,2541,2533,40452
1/30/2013,2530,2523,2538,2521,51824
1/29/2013,2523,2535,2537,2522,47544
1/28/2013,2535,2535,2540,2531,32152
1/25/2013,2532,2532,2535,2524,30524
1/24/2013,2530,2551,2560,2525,59242
1/23/2013,2553,2553,2560,2549,33092
1/22/2013,2553,2561,2567,2546,69082
1/21/2013,2563,2585,2585,2562,71778
1/18/2013,2583,2587,2589,2581,29360
1/17/2013,2583,2597,2599,2580,65228
1/16/2013,2596,2596,2610,2586,57056
1/15/2013,2595,2589,2597,2585,43552
1/14/2013,2586,2599,2604,2584,53204
1/11/2013,2593,2600,2603,2581,68664
1/10/2013,2600,2608,2608,2596,44694
1/9/2013,2601,2617,2617,2598,67412
1/8/2013,2614,2598,2622,2597,133292
1/7/2013,2597,2574,2597,2570,103894
1/4/2013,2572,2567,2584,2564,28476
12/31/2012,2568,2570,2573,2562,36568
12/28/2012,2568,2575,2576,2563,31294
12/27/2012,2572,2561,2578,2553,60674
12/26/2012,2564,2566,2570,2563,36372
12/25/2012,2563,2554,2564,2550,45624
12/24/2012,2554,2569,2575,2552,108238
12/21/2012,2562,2563,2570,2559,59202
12/20/2012,2565,2549,2568,2544,114042
12/19/2012,2552,2548,2562,2547,72446
12/18/2012,2549,2535,2552,2535,73926
12/17/2012,2536,2538,2545,2531,37226
12/14/2012,2535,2528,2537,2526,47094
12/13/2012,2528,2519,2530,2515,47020
12/12/2012,2518,2518,2521,2512,45312
12/11/2012,2523,2528,2532,2521,59284
12/10/2012,2531,2530,2537,2527,58056
12/7/2012,2532,2530,2534,2524,49586
12/6/2012,2529,2525,2537,2522,61678
12/5/2012,2524,2522,2527,2516,60052
12/4/2012,2517,2520,2530,2512,62134
12/3/2012,2520,2508,2525,2507,91006
11/30/2012,2508,2504,2513,2502,53456
11/29/2012,2503,2505,2515,2496,81050
11/28/2012,2503,2506,2511,2499,56436
11/27/2012,2503,2514,2516,2502,77196
11/26/2012,2511,2514,2517,2510,43860
11/23/2012,2513,2509,2515,2505,69730
11/22/2012,2509,2503,2515,2501,102848
11/21/2012,2504,2498,2506,2495,60488
11/20/2012,2496,2496,2504,2491,50658
11/19/2012,2493,2494,2497,2480,80904
11/16/2012,2490,2493,2500,2483,90844
11/15/2012,2493,2492,2508,2489,136450
11/14/2012,2497,2485,2556,2460,460878
11/13/2012,2489,2525,2536,2469,349132
11/12/2012,2532,2540,2542,2521,123668
11/9/2012,2547,2555,2559,2545,69774
11/8/2012,2553,2550,2568,2548,148770
11/7/2012,2549,2558,2559,2545,48570
11/6/2012,2554,2543,2558,2540,87188
11/5/2012,2541,2531,2547,2530,135796
11/2/2012,2535,2543,2548,2533,76060
11/1/2012,2546,2538,2550,2534,66036
10/31/2012,2538,2545,2546,2527,89906
10/30/2012,2545,2548,2558,2534,111020
10/29/2012,2549,2548,2561,2541,89644
10/26/2012,2550,2563,2564,2549,73720
10/25/2012,2564,2560,2568,2555,95624
10/24/2012,2558,2556,2562,2533,157990
10/23/2012,2555,2566,2574,2552,68540
10/22/2012,2567,2561,2569,2556,60716
10/19/2012,2560,2571,2571,2557,39748
10/18/2012,2468,2473,2477,2460,65730
10/17/2012,2471,2464,2473,2459,48000
10/16/2012,2468,2435,2473,2435,77264
10/15/2012,2459,2467,2470,2451,116592
10/12/2012,2477,2483,2487,2470,69482
10/11/2012,2479,2472,2486,2471,85716
10/10/2012,2477,2468,2482,2459,103582
10/9/2012,2470,2459,2475,2457,115434
10/8/2012,2452,2459,2467,2443,88952
9/28/2012,2448,2452,2469,2440,149194
9/27/2012,2457,2483,2493,2451,220700
9/26/2012,2493,2526,2531,2483,196718
9/25/2012,2529,2547,2556,2519,119794
9/24/2012,2549,2550,2554,2536,89004
9/21/2012,2550,2564,2570,2546,114568
9/20/2012,2563,2566,2579,2560,158174
9/19/2012,2566,2554,2569,2547,132180
9/18/2012,2548,2540,2555,2532,109958
9/17/2012,2551,2568,2595,2548,270170
9/14/2012,2561,2566,2577,2555,169788
9/13/2012,2558,2539,2574,2534,329738
9/12/2012,2537,2530,2537,2524,86766
9/11/2012,2529,2530,2539,2521,101450
9/10/2012,2534,2518,2534,2516,97022
9/7/2012,2515,2509,2519,2505,78582
9/6/2012,2505,2518,2518,2501,101174
9/5/2012,2518,2530,2531,2517,74792
9/4/2012,2531,2544,2545,2529,76842
9/3/2012,2540,2527,2549,2527,124090
8/31/2012,2530,2526,2537,2521,112088
8/30/2012,2528,2525,2532,2519,79294
8/29/2012,2520,2533,2538,2511,117076
8/28/2012,2533,2538,2549,2532,129454
8/27/2012,2538,2529,2555,2525,199292
8/24/2012,2521,2528,2528,2517,84874
8/23/2012,2526,2533,2534,2520,157924
8/22/2012,2524,2535,2539,2521,137990
8/21/2012,2529,2534,2546,2528,174906
8/20/2012,2533,2525,2539,2520,211086
8/17/2012,2519,2511,2522,2511,140914
8/16/2012,2512,2524,2524,2504,188826
8/15/2012,2520,2490,2524,2487,506794
8/14/2012,2485,2480,2495,2476,189908
8/13/2012,2482,2476,2495,2461,269000
8/10/2012,2475,2482,2488,2471,94884
8/9/2012,2479,2472,2480,2471,76052
8/8/2012,2466,2473,2476,2465,64576
8/7/2012,2478,2467,2483,2465,106466
8/6/2012,2467,2462,2475,2459,93580
8/3/2012,2463,2466,2471,2458,120552
8/2/2012,2472,2489,2493,2470,144394
8/1/2012,2492,2490,2503,2485,185500
7/31/2012,2495,2500,2502,2490,102112
7/30/2012,2506,2500,2527,2496,314082
7/27/2012,2491,2480,2498,2476,207540
7/26/2012,2479,2478,2493,2469,216566
7/25/2012,2474,2472,2489,2470,148078
7/24/2012,2474,2458,2503,2444,397372
7/23/2012,2475,2485,2497,2462,229814
7/20/2012,2490,2525,2533,2489,313424
7/19/2012,2524,2518,2541,2514,212642
7/18/2012,2514,2522,2524,2510,143114
7/17/2012,2522,2551,2552,2518,223530
7/16/2012,2541,2532,2562,2532,387192
7/13/2012,2524,2515,2529,2512,202386
7/12/2012,2509,2528,2531,2507,264420
7/11/2012,2529,2539,2554,2521,484662
7/10/2012,2548,2568,2579,2542,365142
7/9/2012,2582,2515,2598,2510,1149000
7/6/2012,2511,2537,2537,2510,183308
7/5/2012,2527,2520,2533,2515,318952
7/4/2012,2519,2525,2538,2511,309638
7/3/2012,2518,2478,2519,2477,369788
7/2/2012,2476,2501,2504,2473,224942
6/29/2012,2489,2485,2498,2474,182488
6/28/2012,2481,2502,2504,2480,227286
6/27/2012,2500,2534,2545,2494,452090
6/26/2012,2537,2547,2562,2535,389326
6/25/2012,2533,2555,2558,2530,269646
6/21/2012,2535,2518,2564,2513,518312
6/20/2012,2524,2537,2542,2519,171918
6/19/2012,2526,2523,2544,2519,218970
6/18/2012,2513,2517,2525,2507,169106
6/15/2012,2510,2525,2530,2506,228846
6/14/2012,2523,2533,2547,2520,263662
6/13/2012,2536,2530,2553,2526,233218
6/12/2012,2532,2529,2539,2524,142358
6/11/2012,2537,2525,2555,2521,299980
6/8/2012,2514,2527,2532,2510,309480
6/7/2012,2521,2538,2542,2514,402436
6/6/2012,2527,2543,2548,2516,570190
6/5/2012,2540,2472,2572,2471,1168800
6/4/2012,2461,2469,2487,2454,299360
6/1/2012,2476,2481,2497,2470,206598
5/31/2012,2485,2465,2495,2460,213214
5/30/2012,2470,2461,2481,2452,130522
5/29/2012,2378,2355,2379,2352,135634
5/28/2012,2359,2364,2365,2347,99582
5/25/2012,2355,2364,2365,2346,128730
5/24/2012,2367,2372,2377,2355,144576
5/23/2012,2371,2370,2382,2358,212538
5/22/2012,2391,2411,2414,2389,173872
5/21/2012,2417,2420,2461,2411,330638
5/18/2012,2385,2392,2396,2377,112048
5/17/2012,2392,2388,2398,2375,145398
5/16/2012,2372,2388,2397,2369,93814
5/15/2012,2393,2390,2395,2369,166390
5/14/2012,2389,2432,2432,2385,146558
5/11/2012,2430,2460,2462,2429,126546
5/10/2012,2463,2462,2467,2456,82364
5/9/2012,2464,2469,2475,2460,100930
5/8/2012,2471,2482,2484,2470,92298
5/7/2012,2476,2483,2490,2471,110842
5/4/2012,2489,2483,2494,2475,167410
5/3/2012,2482,2494,2495,2478,159526
5/2/2012,2502,2525,2525,2502,146728
4/27/2012,2517,2525,2529,2515,102218
4/26/2012,2522,2512,2528,2509,152696
4/25/2012,2515,2519,2521,2507,107282
4/24/2012,2514,2531,2535,2508,200644
4/23/2012,2528,2550,2550,2525,190852
4/20/2012,2545,2561,2566,2543,167656
4/19/2012,2561,2553,2565,2544,210230
4/18/2012,2556,2552,2557,2542,189126
4/17/2012,2547,2557,2559,2546,117244
4/16/2012,2556,2547,2569,2542,281478
4/13/2012,2556,2577,2582,2553,294280
4/12/2012,2572,2597,2601,2570,251446
4/11/2012,2593,2602,2608,2593,130108
4/10/2012,2618,2618,2623,2610,174018
4/9/2012,2610,2610,2616,2603,176072
4/6/2012,2604,2606,2616,2597,206790
4/5/2012,2606,2602,2611,2596,191068
3/30/2012,2589,2583,2596,2582,182848
3/29/2012,2588,2598,2602,2580,201480
3/28/2012,2599,2608,2612,2594,322142
3/27/2012,2616,2624,2628,2612,180826
3/26/2012,2619,2624,2635,2618,258726
3/23/2012,2622,2626,2631,2614,185262
3/22/2012,2618,2638,2639,2612,207874
3/21/2012,2636,2621,2640,2619,259424
3/20/2012,2626,2641,2646,2622,267802
3/19/2012,2653,2658,2678,2647,401548
3/16/2012,2652,2662,2674,2640,351148
3/15/2012,2645,2637,2652,2623,284844
3/14/2012,2636,2664,2667,2630,378384
3/13/2012,2662,2635,2663,2635,382268
3/12/2012,2632,2642,2648,2618,284498
3/9/2012,2644,2626,2654,2625,401962
3/8/2012,2620,2627,2643,2617,364902
3/7/2012,2630,2655,2661,2630,375762
3/6/2012,2664,2667,2684,2658,385644
3/5/2012,2674,2675,2698,2657,528890
3/2/2012,2667,2638,2677,2629,579954
3/1/2012,2628,2627,2651,2626,427248
2/29/2012,2638,2601,2647,2595,560628
2/28/2012,2590,2576,2592,2570,169484
2/27/2012,2570,2571,2579,2569,94912
2/24/2012,2568,2584,2584,2564,135736
2/23/2012,2583,2583,2589,2576,154386
2/22/2012,2580,2568,2585,2560,190124
2/21/2012,2572,2572,2577,2558,160052
2/20/2012,2574,2561,2574,2547,193844
2/17/2012,2550,2532,2551,2529,112374
2/16/2012,2525,2532,2538,2519,87770
2/15/2012,2535,2545,2551,2532,99318
2/14/2012,2547,2570,2570,2544,75406
2/13/2012,2562,2546,2563,2544,77450
2/10/2012,2544,2565,2567,2541,109226
2/9/2012,2574,2579,2593,2569,104428
2/8/2012,2583,2572,2584,2566,104682
2/7/2012,2571,2593,2607,2564,151614
2/6/2012,2591,2580,2593,2576,100406
2/3/2012,2575,2573,2588,2569,111362
2/2/2012,2574,2570,2581,2561,134130
2/1/2012,2567,2572,2582,2559,187448
1/31/2012,2571,2538,2581,2538,177258
1/30/2012,2544,2511,2544,2506,68854
1/20/2012,2330,2323,2331,2318,22690
1/19/2012,2316,2321,2329,2304,32694
1/18/2012,2322,2337,2338,2320,25868
1/17/2012,2338,2329,2344,2328,32274
1/16/2012,2324,2350,2350,2324,26630
1/13/2012,2354,2361,2370,2351,27936
1/12/2012,2374,2367,2377,2361,23464
1/11/2012,2367,2369,2372,2362,17010
1/10/2012,2370,2377,2378,2362,30084
1/9/2012,2372,2372,2383,2366,26786
1/6/2012,2374,2363,2376,2361,19622
1/5/2012,2374,2381,2383,2364,35260
1/4/2012,2380,2384,2394,2378,42562
12/30/2011,2375,2380,2387,2371,31182
12/29/2011,2378,2365,2385,2362,47582
12/28/2011,2368,2363,2369,2359,22006
12/27/2011,2353,2355,2365,2351,14932
12/26/2011,2354,2348,2361,2345,30500
12/23/2011,2346,2338,2355,2330,25270
12/22/2011,2337,2337,2339,2332,17174
12/21/2011,2333,2352,2352,2332,20094
12/20/2011,2344,2353,2355,2344,14230
12/19/2011,2346,2345,2351,2335,22384
12/16/2011,2341,2327,2348,2325,25610
12/15/2011,2325,2317,2333,2310,22538
12/14/2011,2330,2326,2338,2326,15236
12/13/2011,2324,2329,2339,2321,29410
12/12/2011,2331,2362,2366,2328,48204
12/9/2011,2366,2358,2376,2356,25122
12/8/2011,2362,2362,2367,2350,22936
12/7/2011,2369,2363,2376,2360,21928
12/6/2011,2358,2358,2362,2353,16310
12/5/2011,2365,2363,2373,2360,26244
12/1/2011,2370,2385,2395,2362,57948
11/30/2011,2361,2367,2372,2347,98400
11/29/2011,2359,2327,2363,2305,145918
11/28/2011,2325,2328,2340,2316,47492
11/25/2011,2319,2345,2358,2318,35060
11/24/2011,2352,2374,2375,2349,29558
11/23/2011,2378,2397,2405,2373,31672
11/22/2011,2395,2425,2428,2385,30284
11/21/2011,2429,2440,2451,2426,15776
11/18/2011,2440,2460,2465,2436,31858
11/17/2011,2476,2490,2493,2475,17874
11/16/2011,2491,2505,2511,2491,8092
11/15/2011,2501,2494,2504,2491,6212
11/14/2011,2502,2501,2507,2495,6508
11/11/2011,2497,2493,2504,2490,9442
11/10/2011,2494,2501,2508,2485,14080
11/9/2011,2513,2519,2525,2512,6212
11/8/2011,2516,2511,2523,2508,11434
11/7/2011,2514,2525,2528,2511,9272
11/4/2011,2529,2530,2533,2523,8084
11/3/2011,2522,2526,2533,2519,6896
11/2/2011,2530,2518,2532,2515,7536
11/1/2011,2525,2522,2540,2513,14712
10/31/2011,2523,2541,2542,2520,12242
10/28/2011,2542,2572,2572,2541,12350
10/27/2011,2553,2523,2558,2523,23082
10/26/2011,2533,2511,2548,2508,34570
10/25/2011,2522,2524,2527,2511,19646
10/24/2011,2519,2510,2523,2493,28258
10/21/2011,2500,2503,2508,2497,17600
10/20/2011,2496,2532,2532,2485,24386
10/19/2011,2540,2558,2575,2532,34962
10/18/2011,2553,2582,2582,2552,34042
10/17/2011,2589,2594,2604,2582,34214
10/14/2011,2590,2568,2598,2567,46550
10/13/2011,2567,2574,2576,2557,21658
10/12/2011,2583,2590,2597,2575,23450
10/11/2011,2568,2602,2608,2567,19772
10/10/2011,2594,2594,2605,2588,13922
9/30/2011,2624,2612,2626,2605,18064
9/29/2011,2512,2540,2550,2505,27430
9/28/2011,2577,2593,2593,2566,9936
9/27/2011,2593,2605,2609,2588,12580
9/26/2011,2578,2639,2649,2565,25826
9/23/2011,2636,2661,2672,2631,28824
9/22/2011,2780,2794,2795,2772,11904
9/21/2011,2693,2681,2703,2681,12968
9/20/2011,2682,2683,2692,2680,10858
9/19/2011,2685,2705,2707,2685,12950
9/16/2011,2707,2707,2708,2694,6228
9/15/2011,2709,2716,2716,2708,14454
9/14/2011,2713,2729,2730,2711,16650
9/13/2011,2728,2742,2745,2728,11258
9/9/2011,2743,2726,2749,2726,20560
9/8/2011,2728,2731,2733,2726,11728
9/7/2011,2729,2725,2735,2722,19476
9/6/2011,2723,2720,2730,2710,32934
9/5/2011,2721,2697,2725,2697,45252
9/2/2011,2685,2686,2690,2682,12912
9/1/2011,2690,2696,2697,2689,12528
8/31/2011,2693,2695,2700,2690,23830
8/30/2011,2693,2696,2705,2688,32250
8/29/2011,2702,2693,2704,2687,36766
8/26/2011,2687,2674,2691,2670,40136
8/25/2011,2669,2673,2678,2668,17780
8/24/2011,2676,2675,2683,2661,38442
8/23/2011,2671,2687,2688,2663,30926
8/22/2011,2683,2695,2702,2681,18026
8/19/2011,2689,2692,2698,2682,20450
8/18/2011,2702,2719,2721,2700,29690
8/17/2011,2716,2723,2723,2714,13562
8/16/2011,2719,2730,2732,2718,14676
8/15/2011,2730,2716,2731,2716,22952
8/12/2011,2712,2732,2736,2711,16482
8/11/2011,2727,2720,2731,2717,23154
8/10/2011,2724,2723,2732,2720,19346
8/9/2011,2718,2726,2727,2698,50914
8/8/2011,2737,2740,2752,2735,35552
8/5/2011,2753,2756,2764,2746,28698
8/4/2011,2774,2772,2781,2764,22526
8/3/2011,2779,2788,2788,2777,18266
8/2/2011,2778,2771,2785,2770,30590
8/1/2011,2770,2776,2776,2762,21746
7/29/2011,2770,2777,2787,2765,23574
7/28/2011,2782,2788,2795,2776,28866
7/27/2011,2790,2772,2792,2766,52238
7/26/2011,2768,2772,2777,2762,28350
7/25/2011,2770,2750,2774,2747,33304
7/22/2011,2750,2746,2753,2745,19630
7/21/2011,2752,2764,2769,2750,22084
7/20/2011,2767,2776,2779,2764,13688
7/19/2011,2773,2774,2783,2771,11340
7/18/2011,2772,2763,2786,2763,17152
7/15/2011,2767,2765,2781,2765,15040
7/14/2011,2773,2761,2784,2761,19684
7/13/2011,2769,2754,2769,2749,24860
7/12/2011,2743,2782,2786,2741,36216
7/11/2011,2787,2807,2808,2786,15818
7/8/2011,2804,2811,2820,2801,15192
7/7/2011,2806,2792,2807,2787,20926
7/6/2011,2796,2785,2796,2780,15892
7/5/2011,2782,2790,2793,2779,10928
7/4/2011,2787,2778,2793,2772,14510
7/1/2011,2775,2763,2780,2761,21072
6/30/2011,2797,2787,2800,2779,26866
6/29/2011,2786,2785,2797,2782,23672
6/28/2011,2772,2790,2796,2770,29858
6/27/2011,2789,2804,2804,2786,25018
6/24/2011,2809,2805,2815,2801,22300
6/23/2011,2804,2813,2814,2784,38856
6/22/2011,2820,2828,2834,2818,12766
6/21/2011,2828,2812,2835,2812,26124
6/20/2011,2812,2808,2819,2804,20300
6/17/2011,2804,2832,2835,2801,47508
6/16/2011,2840,2860,2860,2839,19602
6/15/2011,2862,2848,2869,2847,25634
6/14/2011,2849,2858,2861,2842,15314
6/13/2011,2862,2857,2871,2848,24230
6/10/2011,2850,2861,2864,2840,30410
6/9/2011,2863,2873,2877,2862,24120
6/8/2011,2867,2866,2875,2862,24390
6/7/2011,2867,2897,2898,2864,39082
6/3/2011,2914,2915,2923,2906,19808
6/2/2011,2914,2910,2920,2907,25682
6/1/2011,2911,2920,2925,2907,33952
5/31/2011,2920,2952,2958,2916,80074
5/30/2011,2966,2930,2981,2922,105080
5/27/2011,2920,2919,2925,2905,37470
5/26/2011,2917,2890,2919,2886,53060
5/25/2011,2884,2874,2892,2874,20148
5/24/2011,2878,2892,2893,2872,17554
5/23/2011,2888,2878,2904,2874,36926
5/20/2011,2874,2885,2885,2868,17174
5/19/2011,2882,2890,2894,2880,11238
5/18/2011,2880,2885,2891,2879,14214
5/17/2011,2881,2890,2890,2876,13404
5/16/2011,2886,2870,2894,2868,24242
5/13/2011,2874,2861,2879,2860,19496
5/12/2011,2858,2861,2874,2855,12886
5/11/2011,2876,2879,2886,2875,20356
5/10/2011,2879,2880,2881,2868,14220
5/9/2011,2876,2872,2882,2870,15916
5/6/2011,2859,2856,2876,2845,21310
5/5/2011,2873,2875,2876,2855,20706
5/4/2011,2877,2869,2887,2867,28454
5/3/2011,2748,2744,2751,2734,12504
4/29/2011,2733,2760,2760,2732,25086
4/28/2011,2762,2779,2787,2756,33484
4/27/2011,2780,2812,2824,2775,29484
4/26/2011,2811,2819,2820,2810,16242
4/25/2011,2825,2839,2839,2819,14384
4/22/2011,2826,2808,2831,2803,36638
4/21/2011,2809,2834,2834,2804,33378
4/20/2011,2834,2843,3159,2833,19972
4/19/2011,2834,2827,3171,2827,31766
4/18/2011,2822,2818,2827,2811,19554
4/15/2011,2822,2820,3152,2807,21274
4/14/2011,2817,2830,2835,2816,18364
4/13/2011,2834,2820,2835,2810,18472
4/12/2011,2828,2855,2855,2824,38386
4/11/2011,2860,2869,2874,2858,26530
4/8/2011,2855,2842,2857,2833,25842
4/7/2011,2842,2834,2844,2821,42054
4/6/2011,2836,2829,2844,2826,23992
4/1/2011,2833,2865,2869,2828,43638
3/31/2011,2857,2875,2880,2855,24516
3/30/2011,2875,2885,3200,2873,32088
3/29/2011,2882,2870,3190,2863,32190
3/28/2011,2876,2886,3189,2863,45170
3/25/2011,2886,2886,2897,2882,40818
3/24/2011,2876,2896,2898,2873,41726
3/23/2011,2900,2904,2907,2892,48242
3/22/2011,2899,2879,2912,2872,103648
3/21/2011,2880,2876,2889,2870,60192
3/18/2011,2871,2887,2887,2862,73174
3/17/2011,2862,2833,2868,2833,101242
3/16/2011,2835,2815,2844,2810,45440
3/15/2011,2836,2843,2843,2819,56298
3/14/2011,2840,2795,2845,2795,101390
3/11/2011,2814,2805,2821,2805,45992
3/10/2011,2804,2821,2830,2801,74848
3/9/2011,2843,2850,2854,2831,48926
3/8/2011,2850,2860,2877,2835,93084
3/7/2011,2876,2875,2881,2856,53328
3/4/2011,2873,2881,2886,2859,82712
3/3/2011,2868,2879,2889,2862,88342
3/2/2011,2882,2857,2891,2854,123286
3/1/2011,2866,2882,2885,2862,92806
2/28/2011,2877,2878,2899,2867,211610
2/25/2011,2881,2841,2884,2834,191112
2/24/2011,2836,2881,2886,2821,171182
2/23/2011,2871,2867,2878,2848,177314
2/22/2011,2928,2960,2970,2898,304364
2/21/2011,2946,2951,2974,2942,206038
2/18/2011,2972,3009,3029,2968,345444
2/17/2011,2990,3030,3042,2983,247114
2/16/2011,3029,3022,3035,2997,360772
2/15/2011,3048,3065,3072,3042,359196
2/14/2011,3081,3033,3110,3022,987426
2/11/2011,2999,3016,3035,2987,480468
2/10/2011,3025,3050,3064,3015,699854
2/9/2011,3051,2892,3051,2875,574606
2/1/2011,2861,2838,2865,2829,88902
1/31/2011,2838,2827,2845,2822,80128
1/28/2011,2813,2819,2826,2803,89522
1/27/2011,2823,2848,2850,2818,135060
1/26/2011,2822,2838,2858,2805,225786
1/25/2011,2822,2801,2852,2791,347502
1/24/2011,2805,2785,2824,2783,142120
1/21/2011,2761,2768,2778,2757,52312
1/20/2011,2770,2790,2790,2770,73574
1/19/2011,2800,2790,2814,2778,150184
1/18/2011,2783,2791,2796,2760,138118
1/17/2011,2789,2775,2812,2769,231690
1/14/2011,2769,2705,2785,2702,264962
1/13/2011,2703,2718,2728,2700,24174
1/12/2011,2707,2685,2725,2684,34006
1/11/2011,2686,2700,2701,2682,27410
1/10/2011,2695,2713,2718,2692,25584
1/7/2011,2710,2750,2750,2708,29398
1/6/2011,2762,2761,2771,2758,20698
1/5/2011,2754,2762,2764,2751,17718
1/4/2011,2767,2735,2768,2735,33156
12/31/2010,2734,2730,2744,2730,13472
12/30/2010,2740,2741,2744,2727,21024
12/29/2010,2745,2762,2775,2737,27394
12/28/2010,2757,2758,2771,2755,17768
12/27/2010,2751,2755,2762,2746,21694
12/24/2010,2765,2788,2788,2761,20304
12/23/2010,2781,2770,2784,2765,29662
12/22/2010,2758,2751,2762,2744,36312
12/21/2010,2750,2744,2750,2734,15362
12/20/2010,2736,2746,2753,2730,20330
12/17/2010,2734,2737,2743,2728,19070
12/16/2010,2738,2740,2751,2734,26700
12/15/2010,2737,2746,2768,2733,59948
12/14/2010,2753,2757,2758,2736,42682
12/13/2010,2749,2725,2753,2716,43492
12/10/2010,2740,2757,2762,2731,49190
12/9/2010,2761,2763,2776,2749,48424
12/8/2010,2748,2770,2772,2747,70050
12/7/2010,2789,2756,2793,2753,139706
12/6/2010,2753,2723,2757,2715,72844
12/3/2010,2693,2692,2699,2681,15692
12/2/2010,2581,2600,2602,2570,29452
12/1/2010,2672,2644,2674,2644,11440
11/30/2010,2550,2551,2560,2536,12998
11/29/2010,2557,2550,2559,2532,22406
11/26/2010,2546,2575,2575,2542,32400
11/25/2010,2568,2587,2587,2566,23520
11/24/2010,2585,2599,2599,2574,13520
11/23/2010,2576,2601,2605,2571,21452
11/22/2010,2594,2599,2610,2592,20250
11/19/2010,2616,2626,2637,2600,41820
11/18/2010,2612,2600,2630,2578,66430
11/17/2010,2565,2560,2610,2540,120066
11/16/2010,2620,2671,2673,2615,59896
11/15/2010,2668,2587,2685,2587,144328
11/12/2010,2603,2655,2660,2557,209630
11/11/2010,2660,2670,2678,2652,37286
11/10/2010,2674,2696,2719,2670,102806
11/9/2010,2702,2689,2708,2685,72614
11/8/2010,2689,2740,2740,2677,91464
11/5/2010,2688,2670,2700,2665,114950
11/4/2010,2648,2637,2649,2629,48946
11/3/2010,2631,2641,2655,2628,37342
11/2/2010,2642,2655,2664,2635,68190
11/1/2010,2662,2660,2673,2648,72952
10/29/2010,2646,2706,2709,2640,137736
10/28/2010,2696,2709,2719,2677,269916
10/27/2010,2683,2700,2755,2650,993066
10/26/2010,2680,2700,2708,2677,104992
10/25/2010,2702,2690,2714,2671,238998
10/22/2010,2664,2669,2688,2654,157842
10/21/2010,2670,2674,2726,2664,577042
10/20/2010,2653,2612,2662,2600,246320
10/19/2010,2635,2638,2661,2619,200564
10/18/2010,2639,2600,2684,2591,264122
10/15/2010,2612,2612,2618,2602,51278
10/14/2010,2613,2587,2620,2582,81002
10/13/2010,2586,2575,2587,2565,80452
10/12/2010,2565,2585,2585,2555,117372
10/11/2010,2598,2600,2635,2590,289220
10/8/2010,2560,2558,2597,2553,17090
9/30/2010,2561,2554,2561,2551,15410
9/29/2010,2556,2555,2563,2550,29780
9/28/2010,2563,2558,2565,2543,29410
9/27/2010,2562,2571,2579,2560,16482
9/21/2010,2564,2559,2566,2556,28692
9/20/2010,2565,2569,2578,2561,48782
9/17/2010,2554,2544,2561,2544,30966
9/16/2010,2545,2561,2564,2542,38860
9/15/2010,2564,2562,2574,2561,30290
9/14/2010,2561,2569,2572,2559,28558
9/13/2010,2567,2574,2577,2556,29312
9/10/2010,2574,2570,2577,2565,31074
9/9/2010,2564,2570,2574,2551,43790
9/8/2010,2575,2570,2580,2562,35716
9/7/2010,2574,2554,2578,2547,71634
9/6/2010,2554,2545,2555,2536,32088
9/3/2010,2537,2531,2538,2523,23794
9/2/2010,2531,2538,2547,2525,29528
9/1/2010,2535,2526,2536,2525,30102
8/31/2010,2528,2531,2534,2522,33394
8/30/2010,2536,2544,2549,2532,62182
8/27/2010,2534,2513,2539,2510,75944
8/26/2010,2512,2499,2516,2493,31174
8/25/2010,2501,2499,2506,2496,30098
8/24/2010,2505,2497,2515,2497,33054
8/23/2010,2498,2511,2512,2485,37074
8/20/2010,2454,2470,2473,2452,33196
8/19/2010,2463,2455,2463,2447,27774
8/18/2010,2450,2460,2463,2449,35984
8/17/2010,2463,2460,2464,2452,30162
8/16/2010,2469,2454,2475,2450,50198
8/13/2010,2455,2454,2458,2451,38700
8/12/2010,2446,2445,2456,2441,51794
8/11/2010,2447,2458,2462,2443,71010
8/10/2010,2458,2452,2469,2445,143986
8/9/2010,2457,2441,2468,2437,249346
8/6/2010,2479,2450,2491,2431,299094
8/5/2010,2432,2432,2445,2426,46862
8/4/2010,2426,2420,2431,2419,32082
8/3/2010,2423,2420,2437,2414,65840
8/2/2010,2416,2393,2418,2392,38806
7/30/2010,2385,2393,2397,2380,17976
7/29/2010,2393,2388,2398,2388,27228
7/28/2010,2388,2380,2390,2378,20956
7/27/2010,2379,2383,2390,2378,30752
7/26/2010,2386,2366,2391,2362,53704
7/23/2010,2364,2352,2366,2352,21366
7/22/2010,2354,2355,2355,2345,17104
7/21/2010,2354,2354,2362,2350,15990
7/20/2010,2355,2354,2357,2352,7298
7/19/2010,2357,2354,2358,2351,13928
7/16/2010,2357,2345,2358,2345,27224
7/15/2010,2339,2334,2346,2329,16794
7/14/2010,2331,2341,2344,2328,13052
7/13/2010,2337,2338,2341,2332,12408
7/12/2010,2337,2346,2353,2334,22488
7/9/2010,2345,2342,2350,2342,17714
7/8/2010,2341,2344,2349,2340,17232
7/7/2010,2344,2334,2346,2332,19062
7/6/2010,2335,2327,2337,2321,13594
7/5/2010,2325,2318,2325,2314,6718
7/2/2010,2317,2306,2318,2306,7246
7/1/2010,2306,2313,2313,2304,2102
6/30/2010,2307,2294,2310,2294,3286
6/29/2010,2294,2298,2299,2292,4130
6/28/2010,2300,2305,2306,2298,3570
6/25/2010,2302,2308,2313,2297,6038
6/24/2010,2307,2297,2310,2296,8178
6/23/2010,2297,2296,2300,2294,3546
6/22/2010,2271,2258,2273,2258,5108
6/21/2010,2264,2273,2273,2261,6386
6/18/2010,2271,2284,2285,2270,4090
6/17/2010,2284,2288,2289,2282,2064
6/14/2010,2287,2287,2287,2281,3450
6/11/2010,2287,2287,2287,2281,3450
6/10/2010,2284,2281,2289,2281,4002
6/9/2010,2283,2273,2285,2273,5126
6/8/2010,2274,2269,2278,2268,4140
6/7/2010,2269,2270,2270,2263,3374
6/4/2010,2273,2263,2276,2263,5002
6/3/2010,2263,2265,2269,2262,4176
6/2/2010,2266,2273,2274,2261,8494
6/1/2010,2275,2279,2279,2274,2518
5/31/2010,2276,2275,2278,2273,5638
5/28/2010,2278,2285,2287,2267,10762
5/27/2010,2284,2283,2286,2282,1812
5/26/2010,2283,2284,2288,2280,3132
5/25/2010,2282,2281,2285,2280,4144
5/24/2010,2285,2289,2292,2282,7748
5/21/2010,2289,2298,2298,2285,6330
5/20/2010,2296,2302,2306,2293,7120
5/19/2010,2306,2296,2306,2293,7046
5/18/2010,2298,2284,2298,2283,5398
5/17/2010,2284,2292,2295,2281,8728
5/14/2010,2294,2292,2295,2289,4748
5/13/2010,2293,2294,2295,2288,3632
5/12/2010,2294,2293,2297,2291,5768
5/11/2010,2291,2291,2294,2281,10314
5/10/2010,2293,2287,2294,2287,5504
5/7/2010,2287,2290,2293,2280,6974
5/6/2010,2294,2296,2301,2293,3732
5/5/2010,2298,2293,2300,2293,5410
5/4/2010,2293,2292,2295,2289,4088
4/30/2010,2294,2301,2301,2291,4806
4/29/2010,2298,2296,2310,2295,17418
4/28/2010,2296,2305,2311,2296,10100
4/27/2010,2306,2303,2307,2296,7930
4/26/2010,2304,2313,2314,2301,12184
4/23/2010,2312,2308,2313,2307,9790
4/22/2010,2308,2312,2313,2306,16030
4/21/2010,2312,2318,2319,2309,33502
4/20/2010,2313,2295,2313,2291,40160
4/19/2010,2295,2282,2296,2280,14486
4/16/2010,2282,2280,2283,2280,1960
4/15/2010,2281,2283,2283,2279,1780
4/14/2010,2282,2282,2284,2278,4608
4/13/2010,2280,2277,2280,2275,2922
4/12/2010,2274,2276,2285,2273,5770
4/9/2010,2273,2272,2276,2272,3162
4/8/2010,2273,2281,2284,2271,5944
4/7/2010,2285,2287,2287,2280,5050
4/6/2010,2283,2281,2287,2279,2030
4/2/2010,2281,2282,2285,2279,2164
4/1/2010,2282,2280,2286,2276,5560
3/31/2010,2280,2289,2292,2280,4900
3/30/2010,2291,2300,2305,2288,8728
3/29/2010,2297,2288,2298,2288,3840
3/26/2010,2291,2290,2294,2288,2392
3/25/2010,2292,2294,2299,2291,3318
3/24/2010,2294,2294,2294,2286,5672
3/23/2010,2293,2292,2309,2290,13228
3/22/2010,2292,2295,2296,2290,3906
3/19/2010,2295,2294,2299,2291,7672
3/18/2010,2294,2287,2296,2285,11456
3/17/2010,2286,2277,2289,2276,7648
3/16/2010,2277,2270,2279,2267,6202
3/15/2010,2273,2280,2284,2272,3352
3/12/2010,2279,2274,2280,2274,1122
3/11/2010,2277,2279,2281,2275,2326
3/10/2010,2279,2280,2283,2278,2122
3/9/2010,2282,2279,2282,2278,2296
3/8/2010,2278,2279,2280,2275,2632
3/5/2010,2275,2270,2276,2270,2244
3/4/2010,2272,2280,2281,2271,4400
3/3/2010,2280,2280,2281,2277,1796
3/2/2010,2277,2283,2285,2277,3674
3/1/2010,2286,2290,2290,2283,2416
2/26/2010,2285,2283,2288,2281,3784
2/25/2010,2284,2288,2290,2283,4360
2/24/2010,2285,2279,2286,2277,4122
2/23/2010,2281,2278,2283,2278,4216
2/22/2010,2283,2273,2286,2272,7992
2/12/2010,2270,2274,2274,2268,2042
2/11/2010,2274,2273,2277,2271,3796
2/10/2010,2270,2271,2273,2266,3980
2/9/2010,2268,2266,2270,2257,4434
2/8/2010,2266,2254,2270,2252,5854
2/5/2010,2250,2247,2256,2246,2074
2/4/2010,2251,2250,2252,2246,1824
2/3/2010,2255,2254,2258,2250,3246
2/2/2010,2247,2249,2250,2245,2098
2/1/2010,2245,2248,2248,2242,3488
1/29/2010,2245,2244,2251,2244,2490
1/28/2010,2247,2247,2252,2242,5454
1/27/2010,2255,2256,2260,2255,2026
1/26/2010,2256,2256,2259,2254,2628
1/25/2010,2255,2264,2267,2253,5154
1/22/2010,2263,2273,2274,2262,5076
1/21/2010,2276,2269,2277,2263,3942
1/20/2010,2267,2277,2279,2266,4612
1/19/2010,2277,2274,2282,2274,3662
1/18/2010,2275,2275,2281,2272,5270
1/15/2010,2279,2285,2285,2274,5574
1/14/2010,2285,2286,2289,2282,5166
1/13/2010,2281,2289,2293,2278,14762
1/12/2010,2299,2290,2310,2286,36490
1/11/2010,2292,2284,2294,2281,11550
1/8/2010,2278,2278,2289,2270,11380
1/7/2010,2277,2295,2296,2256,19124
1/6/2010,2289,2276,2300,2275,17006
1/5/2010,2278,2280,2286,2277,7190
1/4/2010,2278,2275,2283,2272,11170
12/31/2009,2272,2268,2273,2266,5750
12/30/2009,2269,2276,2277,2267,3886
12/29/2009,2276,2286,2287,2273,9950
12/28/2009,2282,2268,2283,2268,8516
12/25/2009,2192,2194,2194,2190,2428
12/24/2009,2275,2271,2277,2269,3214
12/23/2009,2268,2270,2273,2265,3540
12/22/2009,2270,2272,2276,2268,3300
12/21/2009,2272,2270,2276,2266,3528
12/18/2009,2268,2265,2274,2261,8680
12/17/2009,2272,2278,2279,2270,5382
12/16/2009,2276,2281,2284,2273,8486
12/15/2009,2283,2282,2293,2280,12286
12/14/2009,2281,2289,2289,2276,5542
12/11/2009,2197,2190,2203,2187,11758
12/10/2009,2281,2278,2285,2265,9672
12/9/2009,2275,2270,2295,2267,15934
12/8/2009,2272,2274,2274,2268,2884
12/7/2009,2273,2268,2278,2267,7646
12/4/2009,2270,2269,2271,2263,4692
12/3/2009,2177,2183,2183,2174,7990
12/2/2009,2177,2157,2180,2157,29454
12/1/2009,2158,2156,2160,2153,4200
11/30/2009,2156,2146,2160,2146,11704
11/27/2009,2146,2163,2163,2146,9102
11/26/2009,2164,2166,2170,2160,5520
11/25/2009,2164,2164,2168,2162,3334
11/24/2009,2164,2169,2175,2164,10814
11/23/2009,2172,2166,2175,2164,17628
11/20/2009,2164,2164,2166,2162,5274
11/19/2009,2163,2165,2166,2162,5402
11/18/2009,2164,2162,2165,2162,3012
11/17/2009,2161,2166,2169,2160,5194
11/16/2009,2164,2164,2167,2162,8348
11/13/2009,2162,2161,2166,2160,11196
11/12/2009,2161,2160,2165,2156,12918
11/11/2009,2158,2155,2162,2154,9104
11/10/2009,2153,2155,2157,2151,6152
11/9/2009,2153,2156,2158,2152,5446
11/6/2009,2158,2157,2159,2155,3334
11/5/2009,2158,2161,2161,2155,3952
11/4/2009,2160,2160,2162,2158,3330
11/3/2009,2158,2161,2165,2157,4252
11/2/2009,2160,2159,2162,2157,4300
10/30/2009,2160,2168,2169,2160,7238
10/29/2009,2165,2161,2180,2156,35040
10/28/2009,2160,2161,2164,2158,4404
10/27/2009,2163,2167,2167,2158,7438
10/26/2009,2167,2165,2169,2163,5464
10/23/2009,2167,2162,2167,2161,6438
10/22/2009,2160,2163,2171,2159,10762
10/21/2009,2159,2164,2170,2159,13234
10/20/2009,2164,2164,2168,2157,19766
10/19/2009,2162,2154,2165,2153,15648
10/16/2009,2155,2148,2158,2144,14636
10/15/2009,2149,2150,2153,2148,4916
10/14/2009,2151,2155,2157,2146,10050
10/13/2009,2154,2150,2158,2149,21994
10/12/2009,2144,2140,2147,2139,10990
10/9/2009,2139,2148,2148,2135,3714
9/30/2009,2139,2139,2140,2134,3484
9/29/2009,2137,2130,2145,2125,7592
9/28/2009,2125,2132,2135,2120,11846
9/25/2009,2127,2139,2139,2124,13808
9/24/2009,2135,2146,2146,2134,9754
9/23/2009,2143,2150,2151,2143,7448
9/22/2009,2148,2150,2154,2148,5820
9/21/2009,2153,2155,2156,2147,5802
9/18/2009,2156,2154,2162,2153,12074
9/17/2009,2156,2156,2158,2153,6680
9/16/2009,2156,2166,2169,2152,14068
9/15/2009,2159,2166,2167,2156,8480
9/14/2009,2166,2140,2172,2140,25038
9/11/2009,2148,2152,2157,2147,7452
9/10/2009,2152,2147,2154,2145,9380
9/9/2009,2147,2146,2150,2142,8008
9/8/2009,2147,2140,2147,2137,18966
9/7/2009,2141,2148,2155,2140,18890
9/4/2009,2153,2167,2167,2150,16160
9/3/2009,2168,2167,2172,2160,12878
9/2/2009,2164,2180,2184,2162,35598
9/1/2009,2187,2178,2201,2175,54218
8/31/2009,2178,2186,2188,2170,25560
8/28/2009,2185,2181,2188,2180,19866
8/27/2009,2179,2174,2185,2169,21638
8/26/2009,2173,2176,2180,2172,8916
8/25/2009,2176,2183,2183,2172,13796
8/24/2009,2180,2179,2187,2174,33276
8/21/2009,2169,2165,2172,2163,11520
8/20/2009,2167,2160,2170,2158,14118
8/19/2009,2161,2178,2178,2158,25416
8/18/2009,2172,2175,2190,2163,43530
8/17/2009,2170,2188,2188,2155,47306
8/14/2009,2191,2200,2210,2182,71522
8/13/2009,2203,2159,2206,2157,91238
8/12/2009,2155,2168,2172,2155,11392
8/11/2009,2167,2159,2169,2156,13528
8/10/2009,2160,2148,2161,2148,13596
8/7/2009,2151,2145,2159,2144,11338
8/6/2009,2150,2160,2162,2147,15098
8/5/2009,2161,2170,2172,2159,14234
8/4/2009,2168,2163,2180,2158,34838
8/3/2009,2135,2122,2145,2117,39294
7/31/2009,2117,2125,2128,2111,19830
7/30/2009,2123,2124,2125,2119,6530
7/29/2009,2124,2116,2126,2114,9956
7/28/2009,2118,2112,2118,2112,6196
7/27/2009,2112,2113,2117,2108,7136
7/24/2009,2115,2126,2128,2113,16626
7/23/2009,2125,2124,2127,2121,6390
7/22/2009,2123,2134,2134,2117,19358
7/21/2009,2135,2138,2139,2133,5702
7/20/2009,2138,2137,2140,2135,6542
7/17/2009,2136,2135,2137,2131,4134
7/16/2009,2134,2140,2142,2132,12136
7/15/2009,2141,2138,2143,2137,8428
7/14/2009,2138,2141,2144,2138,9194
7/13/2009,2140,2140,2141,2137,6734
7/10/2009,2138,2134,2141,2134,13546
7/9/2009,2133,2133,2136,2132,6192
7/8/2009,2133,2132,2141,2131,12646
7/7/2009,2135,2132,2137,2130,11674
7/6/2009,2133,2146,2147,2132,34244
7/3/2009,2145,2153,2154,2145,31430
7/2/2009,2154,2158,2159,2152,24404
7/1/2009,2157,2148,2158,2147,29846
6/30/2009,2150,2151,2154,2148,11008
6/29/2009,2150,2151,2155,2146,15772
6/26/2009,2150,2150,2152,2145,14146
6/25/2009,2150,2154,2155,2147,13636
6/24/2009,2153,2159,2159,2147,34590
6/23/2009,2157,2158,2165,2155,41898
6/22/2009,2158,2153,2163,2152,40468
6/19/2009,2157,2148,2158,2146,27032
6/18/2009,2147,2150,2153,2144,15200
6/17/2009,2148,2147,2151,2142,13506
6/16/2009,2145,2150,2153,2143,16618
6/15/2009,2152,2151,2164,2146,27596
6/12/2009,2114,2115,2119,2103,17116
6/11/2009,2111,2120,2121,2108,14696
6/10/2009,2120,2120,2125,2116,22332
6/9/2009,2119,2105,2122,2101,44468
6/8/2009,2149,2137,2154,2137,29344
6/5/2009,2099,2103,2107,2096,21802
6/4/2009,2140,2126,2145,2122,25178
6/3/2009,2101,2105,2108,2094,20362
6/2/2009,2107,2106,2109,2104,19312
6/1/2009,2104,2092,2105,2092,32566
5/27/2009,2091,2106,2106,2089,29578
5/26/2009,2105,2113,2115,2102,30866
5/25/2009,2113,2110,2116,2108,25814
5/22/2009,2109,2108,2110,2103,14146
5/21/2009,2107,2109,2111,2104,15114
5/20/2009,2108,2110,2114,2104,18992
5/19/2009,2112,2117,2117,2110,13656
5/18/2009,2114,2110,2119,2109,26412
5/15/2009,2115,2117,2118,2108,29214
5/14/2009,2116,2107,2117,2103,46518
5/13/2009,2106,2110,2111,2088,38204
5/12/2009,2108,2105,2109,2103,19620
5/11/2009,2102,2117,2120,2101,44714
5/8/2009,2115,2120,2120,2110,23796
5/7/2009,2118,2124,2128,2116,42820
5/6/2009,2121,2116,2125,2114,39386
5/5/2009,2116,2125,2128,2115,33272
5/4/2009,2128,2125,2133,2119,61562
5/1/2009,2117,2118,2119,2110,22436
4/30/2009,2117,2118,2119,2110,22436
4/29/2009,2116,2115,2117,2106,43502
4/28/2009,2114,2121,2126,2112,41080
4/27/2009,2120,2126,2128,2111,88270
4/24/2009,2121,2148,2153,2119,132006
4/23/2009,2153,2152,2161,2150,60062
4/22/2009,2152,2156,2159,2148,64712
4/21/2009,2154,2146,2156,2141,91704
4/20/2009,2149,2156,2159,2147,52288
4/17/2009,2156,2158,2164,2153,58792
4/16/2009,2156,2165,2169,2153,85960
4/15/2009,2162,2165,2175,2160,108250
4/14/2009,2163,2152,2167,2148,127834
4/13/2009,2151,2132,2157,2132,106636
4/10/2009,2134,2132,2140,2128,56994
4/9/2009,2134,2132,2136,2126,38824
4/8/2009,2128,2143,2145,2127,66514
4/7/2009,2144,2140,2149,2136,74986
4/3/2009,2139,2140,2145,2136,50026
4/2/2009,2136,2130,2144,2126,71222
4/1/2009,2129,2135,2136,2127,33736
3/31/2009,2132,2126,2138,2125,44138
3/30/2009,2125,2120,2128,2116,48500
3/27/2009,2122,2135,2140,2121,70312
3/26/2009,2136,2130,2138,2127,60792
3/25/2009,2129,2136,2140,2125,110216
3/24/2009,2139,2152,2156,2139,91884
3/23/2009,2154,2139,2163,2134,187652
3/20/2009,2136,2143,2143,2133,73562
3/19/2009,2138,2141,2148,2137,62434
3/18/2009,2139,2151,2155,2136,82816
3/17/2009,2150,2156,2157,2148,44564
3/16/2009,2152,2148,2155,2145,46790
3/13/2009,2148,2150,2150,2142,41710
3/12/2009,2144,2140,2147,2137,62396
3/11/2009,2141,2148,2153,2132,100640
3/10/2009,2145,2158,2159,2137,120176
3/9/2009,2158,2165,2170,2155,70522
3/6/2009,2161,2159,2168,2156,85844
3/5/2009,2161,2160,2175,2148,185080
3/4/2009,2154,2159,2163,2150,54150
3/3/2009,2159,2154,2166,2147,74786
3/2/2009,2159,2153,2163,2148,52318
2/27/2009,2147,2155,2161,2146,87848
2/26/2009,2155,2180,2182,2155,104750
2/25/2009,2175,2190,2201,2174,110428
2/24/2009,2187,2162,2195,2157,228082
2/23/2009,2167,2161,2176,2157,73742
2/20/2009,2162,2176,2183,2160,107372
2/19/2009,2178,2178,2183,2167,122716
2/18/2009,2173,2150,2179,2137,251052
2/17/2009,2159,2151,2167,2151,79044
2/16/2009,2153,2182,2184,2148,123608
2/13/2009,2182,2181,2194,2176,99844
2/12/2009,2182,2172,2184,2167,93182
2/11/2009,2171,2189,2203,2164,152426
2/10/2009,2194,2201,2204,2184,120110
2/9/2009,2048,2062,2072,2041,220974
2/6/2009,2196,2179,2211,2179,191678
2/5/2009,2055,2073,2096,2052,339282
2/4/2009,2184,2135,2194,2134,193706
2/3/2009,2013,2004,2018,1999,78218
2/2/2009,1999,1966,2023,1965,114738
1/23/2009,1962,1946,1963,1943,32494
1/22/2009,1947,1945,1952,1937,39138
1/21/2009,1938,1932,1951,1931,61218
1/20/2009,1936,1956,1956,1936,65506
1/19/2009,1954,1957,1968,1951,63200
1/16/2009,1955,1956,1962,1952,58596
1/15/2009,1951,1964,1970,1947,113672
1/14/2009,1970,1966,1974,1958,77566
1/13/2009,1964,1975,1982,1963,101798
1/12/2009,1989,2016,2022,1988,117408
1/9/2009,2013,2013,2023,2008,79094
1/8/2009,2011,2003,2016,2001,52462
1/7/2009,2009,2025,2030,2006,93014
1/6/2009,2015,2009,2021,2005,83502
1/5/2009,2010,2000,2018,1999,72002
12/31/2008,1997,1986,1999,1980,57522
12/30/2008,1986,1985,1990,1976,61246
12/29/2008,1985,1995,1998,1983,76634
12/26/2008,1987,1965,1988,1955,133130
12/25/2008,1962,1987,1989,1960,130306
12/24/2008,1986,1981,1989,1974,84376
12/23/2008,1981,1997,1998,1981,112460
12/22/2008,2000,2015,2034,1993,290512
12/19/2008,2014,1999,2015,1996,69064
12/18/2008,2001,2013,2022,1994,109620
12/17/2008,2016,2018,2024,2014,54390
12/16/2008,2014,2007,2016,2006,75572
12/15/2008,2015,2004,2018,2004,98310
12/12/2008,1996,2000,2010,1991,94350
12/11/2008,2000,1993,2003,1989,110708
12/10/2008,1992,1975,1995,1968,153004
12/9/2008,1975,1997,2001,1973,156168
12/8/2008,2000,1988,2017,1983,162542
12/5/2008,1986,1990,1998,1957,275318
12/4/2008,1999,1995,2013,1991,120648
12/3/2008,2000,2008,2010,1983,161746
12/2/2008,2010,2041,2048,2007,262762
12/1/2008,2051,2005,2055,2005,212764
11/28/2008,2008,2005,2012,1997,101426
11/27/2008,2004,2007,2014,1998,107992
11/26/2008,2004,1988,2008,1984,146906
11/25/2008,1987,1995,1995,1983,71106
11/24/2008,1978,1960,1980,1960,94272
11/21/2008,1961,1955,1969,1954,73682
11/20/2008,1969,1979,1979,1963,96084
11/19/2008,1982,1983,1994,1981,78794
11/18/2008,1983,1987,1991,1981,72276
11/17/2008,1992,1986,1996,1982,96270
11/14/2008,1982,1989,1994,1981,149412
11/13/2008,1984,1970,1989,1961,181290
11/12/2008,1971,1971,1986,1957,210360
11/11/2008,1974,1965,1976,1955,142814
11/10/2008,1969,1966,1981,1955,183518
11/7/2008,1963,1950,1969,1945,143580
11/6/2008,1954,1940,1955,1935,118674
11/5/2008,1943,1948,1956,1931,143520
11/4/2008,1939,1944,1952,1938,103642
11/3/2008,1949,1945,1958,1936,98890
10/31/2008,1943,1949,1958,1939,132168
10/30/2008,1957,1974,1975,1956,134244
10/29/2008,1960,1962,1969,1955,73996
10/28/2008,1969,1965,1973,1955,132682
10/27/2008,1950,1962,1975,1950,141834
10/24/2008,1963,1999,1999,1963,158350
10/23/2008,1988,1960,1995,1946,253982
10/22/2008,1968,1967,1985,1956,158508
10/21/2008,1977,2021,2022,1966,225364
10/20/2008,2023,1981,2032,1970,329282
10/17/2008,1967,1972,1988,1955,186288
10/16/2008,1945,1930,1960,1930,144380
10/15/2008,1962,1941,1964,1931,135928
10/14/2008,1958,2003,2030,1953,177318
10/13/2008,1971,1912,1971,1911,118982
10/10/2008,1925,1935,1939,1895,234714
10/9/2008,1951,1965,1965,1938,80384
10/8/2008,1948,1959,1965,1932,94802
10/7/2008,1904,1838,1907,1834,171112
10/6/2008,1956,1956,1960,1956,23358
9/26/2008,1959,1970,1973,1952,83568
9/25/2008,1975,1973,1982,1970,36394
9/24/2008,1981,1989,1989,1969,89310
9/23/2008,1991,2015,2015,1991,73506
9/22/2008,2012,2016,2017,1999,69724
9/19/2008,2006,2000,2008,1996,70244
9/18/2008,2004,2010,2014,1985,104810
9/17/2008,2003,1997,2006,1992,96826
9/16/2008,2000,2018,2020,1990,150752
9/15/2008,2025,2018,2027,2017,46314
9/12/2008,2027,2018,2027,2017,44498
9/11/2008,2018,2011,2019,2004,61412
9/10/2008,2015,2010,2017,2005,68508
9/9/2008,2008,2023,2025,1993,201252
9/8/2008,2028,2030,2043,2023,104456
9/5/2008,2035,2035,2041,2025,78720
9/4/2008,2041,2038,2047,2032,111320
9/3/2008,2042,2070,2074,2035,180006
9/2/2008,2069,2056,2074,2055,145004
9/1/2008,2067,2073,2076,2064,83482
8/29/2008,2070,2053,2072,2051,160814
8/28/2008,2056,2055,2059,2049,88008
8/27/2008,2059,2042,2060,2039,158588
8/26/2008,2035,2032,2047,2030,128158
8/25/2008,2041,2028,2043,2024,99358
8/22/2008,2029,2048,2051,2027,100796
8/21/2008,2039,2037,2052,2033,141740
8/20/2008,2037,2033,2044,2008,212032
8/19/2008,2027,2040,2041,2025,101688
8/18/2008,2042,2034,2050,2032,145166
8/15/2008,2025,2055,2056,2016,301946
8/14/2008,2064,2084,2088,2061,131200
8/13/2008,2069,2060,2070,2054,113326
8/12/2008,2060,2055,2067,2044,169532
8/11/2008,2045,2058,2060,2039,183064
8/8/2008,2074,2080,2083,2072,109484
8/7/2008,2072,2064,2074,2055,127038
8/6/2008,2072,2062,2080,2058,165356
8/5/2008,2058,2050,2065,2029,330892
8/4/2008,2067,2071,2082,2057,163498
8/1/2008,2079,2105,2106,2077,214368
7/31/2008,2112,2120,2122,2107,107780
7/30/2008,2118,2113,2122,2107,121188
7/29/2008,2113,2129,2131,2107,165296
7/28/2008,2133,2140,2144,2128,153742
7/25/2008,2133,2129,2137,2120,152710
7/24/2008,2133,2139,2142,2118,194052
7/23/2008,2137,2140,2145,2133,173390
7/22/2008,2140,2136,2144,2124,242544
7/21/2008,2138,2156,2166,2134,281986
7/20/2008,2162,2150,2175,2149,327984
7/17/2008,2153,2157,2162,2151,78526
7/16/2008,2147,2150,2161,2142,202804
7/15/2008,2161,2138,2167,2134,277510
7/14/2008,2136,2127,2142,2122,136756
7/11/2008,2135,2113,2165,2102,240280
7/10/2008,2109,2123,2127,2108,107432
7/9/2008,2123,2136,2139,2116,125852
7/8/2008,2130,2117,2135,2117,118582
7/7/2008,2132,2155,2158,2124,209666
7/4/2008,2160,2163,2165,2154,127978
7/3/2008,2160,2178,2181,2151,228882
7/2/2008,2175,2169,2179,2165,169448
7/1/2008,2165,2163,2170,2156,157088
6/30/2008,2170,2163,2177,2157,197132
6/27/2008,2164,2185,2188,2156,291174
6/26/2008,2175,2183,2192,2170,366894
6/25/2008,2175,2155,2183,2154,318680
6/24/2008,2158,2174,2184,2143,430540
6/23/2008,2176,2163,2188,2153,499352
6/20/2008,2165,2113,2180,2112,562118
6/19/2008,2120,2107,2144,2105,266790
6/18/2008,2108,2102,2112,2088,152654
6/17/2008,2097,2113,2113,2093,126598
6/16/2008,2119,2114,2125,2111,130462
6/13/2008,2104,2115,2116,2100,125640
6/12/2008,2115,2121,2138,2113,168504
6/11/2008,2104,2114,2119,2096,224106
6/10/2008,2113,2084,2116,2079,235270
6/9/2008,2081,2083,2089,2075,101804
6/6/2008,2081,2083,2089,2075,101804
6/5/2008,2073,2075,2084,2069,83762
6/4/2008,2070,2055,2079,2055,102322
6/3/2008,2066,2065,2069,2051,112056
6/2/2008,1949,1960,1964,1948,81566
5/30/2008,1950,1944,1957,1941,142112
5/29/2008,1955,1959,1969,1951,131798
5/28/2008,1958,1951,1975,1942,179784
5/27/2008,1960,1960,1971,1945,221984
5/26/2008,1960,1951,1962,1902,346302
5/23/2008,1947,1946,1948,1932,114078
5/22/2008,1952,1966,1973,1944,227460
5/21/2008,1965,2032,2033,1965,293550
5/20/2008,2032,2021,2032,2015,94486
5/19/2008,2020,2035,2038,2016,92438
5/16/2008,2036,2034,2046,2034,73810
5/15/2008,2034,2027,2041,2026,117928
5/14/2008,2039,2048,2050,2032,155420
5/13/2008,2044,2070,2072,2044,164728
5/12/2008,2071,2072,2080,2062,186508
5/9/2008,2071,2072,2081,2065,150524
5/8/2008,2066,2067,2075,2056,167920
5/7/2008,2062,2076,2096,2060,264302
5/6/2008,2072,2052,2075,2050,195866
5/5/2008,2059,2044,2063,2042,173276
5/2/2008,2042,2060,2064,2040,192960
5/1/2008,2042,2060,2064,2040,192960
4/30/2008,2042,2060,2064,2040,192960
4/29/2008,2065,2057,2078,2055,224806
4/28/2008,2066,2034,2068,2033,227042
4/25/2008,2034,2028,2043,2027,186092
4/24/2008,2035,2028,2036,2005,253390
4/23/2008,2036,2043,2049,2026,160512
4/22/2008,2035,2026,2049,2026,135284
4/21/2008,2029,2057,2059,2025,189658
4/18/2008,2066,2076,2088,2066,149258
4/17/2008,2078,2083,2090,2072,155488
4/16/2008,2085,2066,2092,2059,301346
4/15/2008,2068,2061,2079,2053,214382
4/14/2008,2059,2030,2065,2025,237992
4/11/2008,2035,2025,2045,2015,194754
4/10/2008,2027,2048,2049,2020,164310
4/9/2008,2038,2036,2048,2033,138474
4/8/2008,2033,2045,2052,2030,127032
4/7/2008,2058,2064,2067,2051,157770
4/4/2008,2064,2045,2070,2036,187506
4/3/2008,2064,2045,2070,2036,187506
4/2/2008,2037,2035,2041,2024,152132
4/1/2008,2018,2038,2048,2017,265948
3/31/2008,2081,2071,2088,2071,193940
3/28/2008,2075,2099,2104,2071,270580
3/27/2008,2094,2070,2105,2070,370224
3/26/2008,2076,2085,2088,2066,228212
3/25/2008,2075,2083,2085,2058,187164
3/24/2008,2071,2063,2082,2052,281226
3/21/2008,2051,2045,2058,2035,176628
3/20/2008,2053,2011,2055,2005,302126
3/19/2008,2054,2050,2061,2028,272614
3/18/2008,2037,2050,2058,2037,233092
3/17/2008,2090,2110,2114,2087,269596
3/14/2008,2130,2145,2148,2116,261368
3/13/2008,2148,2150,2156,2130,259664
3/12/2008,2132,2170,2187,2123,488146
3/11/2008,2154,2161,2169,2148,242418
3/10/2008,2138,2147,2164,2129,357026
3/7/2008,2178,2188,2195,2165,252764
3/6/2008,2211,2219,2231,2192,374134
3/5/2008,2200,2200,2216,2183,307792
3/4/2008,2223,2270,2278,2216,487548
3/3/2008,2275,2218,2281,2217,670040
2/29/2008,2221,2203,2227,2191,402108
2/28/2008,2209,2247,2250,2199,471974
2/27/2008,2238,2268,2287,2230,706936
2/26/2008,2237,2250,2273,2216,751874
2/25/2008,2202,2200,2224,2186,383662
2/22/2008,2179,2200,2209,2171,326852
2/21/2008,2209,2222,2236,2199,464786
2/20/2008,2209,2214,2255,2177,615642
2/19/2008,2211,2220,2235,2178,348070
2/18/2008,2209,2139,2209,2135,376410
2/15/2008,2137,2138,2165,2128,269076
2/14/2008,2129,2137,2151,2123,282652
2/13/2008,2132,2091,2132,2072,205484
2/5/2008,2072,2074,2076,2060,103184
2/4/2008,2069,2084,2091,2068,148042
2/1/2008,2081,2069,2082,2058,170050
1/31/2008,2055,2035,2062,2031,130368
1/29/2008,2050,2059,2064,2045,99456
1/28/2008,1921,1903,1923,1903,136556
1/25/2008,1902,1905,1912,1888,141496
1/24/2008,1901,1890,1922,1890,178554
1/23/2008,1906,1919,1925,1894,227994
1/22/2008,1915,1862,1917,1858,326936
1/21/2008,1878,1870,1889,1857,105560
1/18/2008,1866,1880,1884,1852,85510
1/17/2008,1884,1870,1887,1862,81356
1/16/2008,1873,1908,1911,1860,169566
1/15/2008,1907,1925,1928,1900,109654
1/14/2008,1925,1937,1940,1917,76708
1/11/2008,1931,1928,1937,1927,57572
1/10/2008,1929,1925,1932,1919,80620
1/9/2008,1929,1934,1936,1913,107248
1/8/2008,1928,1950,1958,1910,206226
1/7/2008,1956,1943,1959,1940,92096
1/4/2008,1948,1953,1963,1946,100526
1/3/2008,1947,1953,1955,1940,129982
1/2/2008,1944,1952,1958,1920,173534
1/1/2008,1955,1966,1974,1938,360272
12/31/2007,1955,1966,1974,1938,360272
12/28/2007,1955,1966,1974,1938,360272
12/27/2007,1972,2035,2036,1972,292256
12/26/2007,2030,2027,2040,2025,129308
12/25/2007,2026,2018,2029,2014,103044
12/24/2007,2019,2021,2024,2012,128456
12/21/2007,2024,2030,2031,2021,96532
12/20/2007,2035,2028,2035,2026,147576
12/19/2007,2027,2010,2029,2010,154522
12/18/2007,2033,2032,2039,2025,140720
12/17/2007,2040,2050,2058,2036,232670
12/14/2007,2029,2025,2030,2012,139944
12/13/2007,2023,2031,2045,2020,200608
12/12/2007,2020,2036,2037,2019,196004
12/11/2007,2042,2048,2057,2041,193902
12/10/2007,2054,2046,2060,2036,281480
12/7/2007,2038,2028,2038,2025,179564
12/6/2007,2023,2024,2047,2017,268722
12/5/2007,2035,2039,2039,2022,152840
12/4/2007,2029,2020,2034,2015,203712
12/3/2007,2019,2028,2040,2006,244166
11/30/2007,2030,2057,2059,2016,339662
11/29/2007,2065,2072,2083,2062,366154
11/28/2007,2054,2064,2078,2047,350110
11/27/2007,2060,2091,2099,2055,292164
11/26/2007,2106,2120,2123,2104,272234
11/23/2007,2106,2102,2115,2083,390814
11/22/2007,2100,2086,2105,2074,352004
11/21/2007,2072,2066,2078,2052,345510
11/20/2007,2049,2085,2088,2040,472684
11/19/2007,2094,2105,2112,2086,447594
11/16/2007,2098,2146,2170,2092,838760
11/15/2007,2140,2154,2170,2136,527146
11/14/2007,2140,2120,2146,2118,450578
11/13/2007,2125,2133,2137,2113,329162
11/12/2007,2137,2130,2157,2128,531722
11/9/2007,2135,2131,2150,2120,469590
11/8/2007,2138,2116,2145,2112,501454
11/7/2007,2126,2132,2147,2112,672116
11/6/2007,2122,2126,2138,2112,734338
11/5/2007,2117,2062,2120,2062,813276
11/2/2007,2059,2055,2064,2050,249576
11/1/2007,2073,2075,2080,2058,303066
10/31/2007,2058,2050,2077,2049,291692
10/30/2007,2064,2075,2093,2054,470522
10/29/2007,2076,2042,2082,2036,349442
10/26/2007,2036,2025,2040,2024,203916
10/25/2007,2016,2035,2039,2016,330634
10/24/2007,2047,2064,2071,2044,341754
10/23/2007,2075,2098,2102,2053,427930
10/22/2007,2091,2066,2093,2056,333472
10/19/2007,2076,2064,2081,2064,234134
10/18/2007,2061,2075,2077,2044,302076
10/17/2007,2071,2065,2083,2060,446542
10/16/2007,2067,2022,2076,2020,433234
10/15/2007,2027,2024,2029,2016,228222
10/12/2007,2030,2017,2031,2011,238380
10/11/2007,2010,2031,2036,2006,236870
10/10/2007,2025,2010,2031,2003,273080
10/9/2007,2005,1985,2007,1985,253438
10/8/2007,1999,1988,2015,1985,269604
9/28/2007,2027,2051,2053,2019,321436
9/27/2007,2049,2061,2079,2045,404252
9/26/2007,2047,2045,2060,2041,353794
9/25/2007,2040,2032,2046,2028,258078
9/24/2007,2038,2043,2047,2025,375912
9/21/2007,2031,2058,2063,2019,388416
9/20/2007,2049,2056,2062,2040,396744
9/19/2007,2056,2114,2114,2049,587082
9/18/2007,2116,2096,2126,2093,500836
9/17/2007,2090,2094,2102,2085,387522
9/14/2007,2073,2087,2091,2067,491894
9/13/2007,2085,2111,2114,2081,531566
9/12/2007,2124,2122,2129,2110,495386
9/11/2007,2102,2113,2125,2092,736458
9/10/2007,2112,2087,2113,2078,723524
9/7/2007,2066,2066,2084,2059,773674
9/6/2007,2066,2015,2076,2014,1269396
9/5/2007,2028,2043,2046,2013,464656
9/4/2007,2012,2022,2042,2003,561066
9/3/2007,2008,2006,2025,1998,367694
8/31/2007,2017,2004,2032,2002,532820
8/30/2007,1995,1971,2009,1970,451318
8/29/2007,1959,1963,1973,1955,222922
8/28/2007,1970,1963,1976,1952,243908
8/27/2007,1958,1937,1963,1937,122482
8/24/2007,1891,1891,1895,1882,82080
8/23/2007,1894,1902,1914,1892,189010
8/22/2007,1889,1908,1911,1888,180280
8/21/2007,1905,1897,1907,1895,164398
8/20/2007,1891,1848,1892,1848,86210
8/17/2007,1874,1848,1886,1848,233582
8/16/2007,1897,1910,1917,1896,248852
8/15/2007,1920,1910,1930,1907,415604
8/14/2007,1904,1887,1911,1887,295680
8/13/2007,1891,1886,1899,1881,257590
8/10/2007,1883,1885,1889,1872,189190
8/9/2007,1891,1910,1910,1890,264198
8/8/2007,1893,1890,1896,1880,246846
8/7/2007,1879,1901,1905,1879,266132
8/6/2007,1895,1875,1916,1866,517408
8/3/2007,1879,1841,1885,1839,347608
8/2/2007,1839,1829,1839,1826,113180
8/1/2007,1826,1842,1851,1822,260344
7/31/2007,1839,1841,1849,1831,200682
7/30/2007,1842,1844,1858,1838,232700
7/27/2007,1888,1900,1905,1878,105392
7/26/2007,1843,1831,1849,1831,180736
7/25/2007,1832,1830,1837,1826,152064
7/24/2007,1827,1848,1851,1824,168830
7/23/2007,1848,1843,1852,1840,162226
7/20/2007,1847,1833,1855,1827,244556
7/19/2007,1831,1841,1848,1828,173334
7/18/2007,1838,1829,1841,1819,139784
7/16/2007,1825,1829,1835,1819,202752
7/13/2007,1825,1829,1835,1819,202752
7/12/2007,1827,1804,1827,1802,250072
7/11/2007,1800,1810,1810,1781,351090
7/10/2007,1805,1809,1809,1803,196680
7/9/2007,1818,1817,1824,1814,149490
7/6/2007,1817,1809,1818,1807,158658
7/5/2007,1807,1811,1816,1803,216188
7/4/2007,1811,1818,1829,1810,281066
7/3/2007,1823,1815,1826,1809,242154
7/2/2007,1817,1809,1817,1797,225572
6/29/2007,1808,1815,1824,1806,205292
6/28/2007,1814,1800,1818,1791,373806
6/27/2007,1804,1802,1807,1785,348210
6/26/2007,1797,1830,1830,1792,346636
6/25/2007,1826,1818,1834,1816,210224
6/22/2007,1825,1820,1831,1818,182540
6/21/2007,1827,1829,1834,1819,241500
6/20/2007,1825,1815,1826,1809,252096
6/19/2007,1824,1849,1850,1823,305086
6/18/2007,1853,1860,1868,1848,165388
6/15/2007,1855,1855,1862,1837,263978
6/14/2007,1852,1861,1868,1847,260814
6/13/2007,1848,1876,1879,1845,284288
6/12/2007,1874,1890,1896,1871,237116
6/11/2007,1878,1886,1893,1864,202362
6/8/2007,1879,1898,1905,1876,220708
6/7/2007,1893,1876,1893,1876,206786
6/6/2007,1882,1880,1892,1872,162384
6/5/2007,1780,1770,1780,1763,137770
6/4/2007,1772,1775,1783,1764,164486
6/1/2007,1772,1768,1781,1763,160062
5/31/2007,1767,1785,1786,1766,163232
5/30/2007,1777,1770,1778,1762,185238
5/29/2007,1770,1810,1820,1768,226600
5/28/2007,1811,1811,1820,1811,178592
5/25/2007,1813,1810,1816,1802,235672
5/24/2007,1802,1814,1818,1799,168386
5/23/2007,1809,1802,1818,1801,253720
5/22/2007,1802,1797,1811,1795,274096
5/21/2007,1795,1771,1798,1768,293932
5/18/2007,1782,1787,1801,1779,328908
5/17/2007,1789,1785,1796,1775,369548
5/16/2007,1786,1770,1790,1766,291744
5/15/2007,1760,1765,1775,1753,288656
5/14/2007,1770,1779,1784,1769,254174
5/11/2007,1768,1761,1769,1749,332548
5/10/2007,1764,1792,1794,1761,301328
5/9/2007,1793,1791,1805,1789,214122
5/8/2007,1796,1785,1801,1781,227132
4/30/2007,1794,1800,1800,1787,165088
4/27/2007,1817,1820,1823,1807,268978
4/26/2007,1830,1832,1843,1825,442886
4/25/2007,1804,1787,1813,1782,388768
4/24/2007,1782,1796,1800,1776,372388
4/23/2007,1808,1787,1814,1763,250898
4/20/2007,1798,1787,1803,1763,454202
4/19/2007,1770,1766,1774,1731,399386
4/18/2007,1766,1806,1814,1766,268772
4/17/2007,1815,1824,1830,1810,200618
4/16/2007,1817,1795,1817,1794,190744
4/13/2007,1792,1793,1796,1782,182892
4/12/2007,1790,1811,1815,1789,201994
4/11/2007,1816,1818,1824,1811,150992
4/10/2007,1811,1812,1812,1802,140272
4/9/2007,1829,1828,1836,1822,179294
4/6/2007,1814,1829,1831,1806,223582
4/5/2007,1825,1848,1849,1824,140870
4/4/2007,1844,1837,1845,1836,82288
4/3/2007,1840,1845,1848,1839,143138
4/2/2007,1837,1831,1845,1828,235704
3/30/2007,1879,1871,1881,1869,143376
3/29/2007,1868,1872,1876,1865,135706
3/28/2007,1870,1874,1878,1865,146574
3/27/2007,1875,1860,1876,1857,202184
3/26/2007,1866,1880,1882,1863,196342
3/23/2007,1884,1886,1889,1878,162404
3/22/2007,1883,1904,1910,1882,227456
3/21/2007,1903,1912,1918,1902,201410
3/20/2007,1904,1901,1907,1896,152444
3/19/2007,1903,1893,1905,1889,152412
3/16/2007,1888,1888,1892,1880,144806
3/15/2007,1896,1884,1898,1883,170410
3/14/2007,1879,1879,1884,1873,127160
3/13/2007,1883,1885,1890,1878,141302
3/12/2007,1887,1878,1892,1873,195510
3/9/2007,1880,1904,1904,1878,242066
3/8/2007,1904,1917,1918,1899,206426
3/7/2007,1915,1919,1926,1911,200168
3/6/2007,1926,1924,1930,1913,329958
3/5/2007,1910,1912,1924,1899,370128
3/2/2007,1907,1890,1917,1888,320496
3/1/2007,1897,1915,1927,1891,429614
2/28/2007,1908,1870,1911,1862,349134
2/27/2007,1889,1875,1903,1875,232136
2/26/2007,1888,1870,1895,1855,164460
2/16/2007,1845,1835,1846,1830,47506
2/15/2007,1834,1824,1835,1821,52400
2/14/2007,1831,1830,1833,1830,50668
2/13/2007,1828,1827,1831,1821,73542
2/12/2007,1833,1849,1849,1829,142704
2/9/2007,1845,1843,1851,1843,129552
2/8/2007,1832,1830,1843,1827,168112
2/7/2007,1834,1804,1838,1803,248732
2/6/2007,1813,1806,1814,1800,115548
2/5/2007,1813,1818,1820,1807,120326
2/2/2007,1800,1804,1810,1792,190904
2/1/2007,1819,1804,1822,1802,192258
1/31/2007,1803,1791,1808,1782,293170
1/30/2007,1786,1811,1819,1779,345118
1/29/2007,1816,1821,1826,1803,230348
1/26/2007,1816,1859,1866,1813,307934
1/25/2007,1859,1866,1876,1852,159736
1/24/2007,1867,1884,1889,1867,120272
1/23/2007,1875,1875,1883,1869,75118
1/22/2007,1870,1855,1876,1852,89910
1/19/2007,1864,1870,1878,1856,116864
1/18/2007,1881,1879,1895,1868,175170
1/17/2007,1868,1869,1879,1867,85584
1/16/2007,1881,1911,1911,1877,185950
1/15/2007,1921,1920,1921,1898,177374
1/12/2007,1858,1874,1878,1857,108374
1/11/2007,1869,1876,1884,1866,127362
1/10/2007,1874,1842,1875,1842,163280
1/9/2007,1852,1847,1867,1841,211018
1/8/2007,1860,1838,1864,1838,134248
1/5/2007,1860,1838,1864,1838,134248
1/4/2007,1848,1868,1870,1848,164214
12/29/2006,1908,1905,1917,1896,156126
12/28/2006,1907,1900,1912,1895,201518
12/27/2006,1906,1942,1942,1906,236946
12/26/2006,1938,1947,1954,1931,202904
12/25/2006,1945,1946,1958,1937,210996
12/22/2006,1937,1922,1944,1915,271228
12/21/2006,1915,1880,1915,1874,209388
12/20/2006,1880,1883,1886,1879,59992
12/19/2006,1879,1868,1882,1866,143032
12/18/2006,1873,1874,1875,1866,123848
12/15/2006,1876,1887,1890,1874,227828
12/14/2006,1886,1867,1887,1865,264698
12/13/2006,1861,1868,1868,1859,106226
12/12/2006,1876,1880,1893,1873,169462
12/11/2006,1876,1854,1878,1854,196982
12/8/2006,1857,1861,1876,1853,173006
12/7/2006,1858,1853,1865,1842,177872
12/6/2006,1874,1893,1893,1872,182030
12/5/2006,1903,1880,1915,1878,223352
12/4/2006,1894,1878,1896,1874,124500
12/1/2006,1765,1796,1808,1747,254824
11/30/2006,1792,1780,1797,1773,173892
11/29/2006,1785,1836,1839,1785,150054
11/28/2006,1834,1850,1855,1832,146908
11/27/2006,1864,1891,1893,1863,178170
11/24/2006,1853,1860,1874,1841,225624
11/23/2006,1855,1877,1886,1852,328662
11/22/2006,1867,1820,1867,1810,286702
11/21/2006,1809,1827,1829,1801,134120
11/20/2006,1836,1834,1855,1818,243882
11/17/2006,1819,1803,1856,1792,363352
11/16/2006,1797,1744,1797,1742,119708
11/15/2006,1745,1740,1749,1738,118988
11/14/2006,1723,1735,1739,1721,112936
11/13/2006,1740,1720,1746,1719,159538
11/10/2006,1727,1732,1737,1724,92850
11/9/2006,1744,1749,1755,1742,104088
11/8/2006,1740,1745,1746,1737,29412
11/7/2006,1744,1745,1748,1739,37372
11/6/2006,1724,1702,1725,1699,153052
11/3/2006,1712,1702,1714,1699,41448
11/2/2006,1705,1711,1715,1702,33590
11/1/2006,1695,1696,1704,1691,61588
10/31/2006,1705,1715,1731,1702,184452
10/27/2006,1719,1727,1740,1716,177976
10/26/2006,1723,1721,1727,1716,112254
10/25/2006,1731,1748,1751,1729,165034
10/24/2006,1741,1748,1756,1740,126992
10/23/2006,1735,1747,1749,1733,160976
10/20/2006,1756,1750,1769,1747,180622
10/19/2006,1755,1729,1756,1725,134336
10/18/2006,1650,1673,1678,1648,126400
10/17/2006,1751,1764,1764,1748,13970
10/16/2006,1686,1694,1697,1675,185032
10/13/2006,1695,1675,1696,1666,256790
10/12/2006,1677,1688,1696,1673,225486
10/11/2006,1664,1679,1679,1663,223954
10/10/2006,1690,1697,1701,1685,221316
10/9/2006,1667,1669,1676,1660,256760
9/29/2006,1654,1636,1655,1631,159982
9/28/2006,1622,1625,1631,1618,108904
9/27/2006,1625,1614,1627,1611,140502
9/26/2006,1610,1600,1611,1595,109594
9/25/2006,1600,1613,1617,1597,116602
9/22/2006,1618,1619,1623,1606,145044
9/21/2006,1614,1633,1634,1610,193668
9/20/2006,1630,1634,1641,1623,225760
9/19/2006,1632,1633,1637,1622,144696
9/18/2006,1630,1606,1631,1604,168852
9/15/2006,1602,1604,1610,1596,158800
9/14/2006,1609,1600,1612,1591,183610
9/13/2006,1595,1577,1598,1575,152252
9/12/2006,1584,1585,1589,1570,140554
9/11/2006,1588,1590,1614,1581,219468
9/8/2006,1593,1571,1594,1571,120492
9/7/2006,1563,1568,1569,1556,97780
9/6/2006,1571,1543,1571,1542,122980
9/5/2006,1543,1533,1547,1532,82712
9/4/2006,1533,1551,1554,1532,101928
9/1/2006,1556,1553,1564,1552,103844
8/31/2006,1555,1558,1560,1543,136232
8/30/2006,1547,1580,1584,1546,126062
8/29/2006,1578,1580,1584,1571,96396
8/28/2006,1582,1570,1586,1568,64158
8/25/2006,1571,1572,1575,1564,67016
8/24/2006,1571,1588,1589,1567,95316
8/23/2006,1582,1569,1585,1565,108486
8/22/2006,1569,1576,1584,1563,139408
8/21/2006,1576,1582,1594,1574,133842
8/18/2006,1584,1583,1598,1580,120722
8/17/2006,1587,1570,1589,1564,127898
8/16/2006,1571,1566,1578,1564,119352
8/15/2006,1566,1541,1567,1541,88678
8/14/2006,1541,1540,1546,1535,50408
8/11/2006,1548,1543,1552,1540,65436
8/10/2006,1547,1550,1560,1544,94020
8/9/2006,1547,1528,1553,1527,88116
8/8/2006,1534,1537,1544,1531,74552
8/7/2006,1537,1557,1557,1536,84438
8/4/2006,1573,1566,1578,1565,55192
8/3/2006,1572,1570,1584,1564,114516
8/2/2006,1570,1597,1600,1570,109512
8/1/2006,1596,1614,1614,1594,96458
7/31/2006,1608,1587,1609,1585,139940
7/28/2006,1585,1588,1595,1581,75952
7/27/2006,1585,1584,1604,1577,146044
7/26/2006,1589,1570,1600,1563,153746
7/25/2006,1575,1577,1589,1570,94982
7/24/2006,1577,1546,1582,1544,81796
7/21/2006,1551,1529,1552,1522,41088
7/20/2006,1525,1524,1530,1515,18258
7/19/2006,1523,1530,1540,1521,17084
7/18/2006,1473,1477,1478,1470,3374
7/17/2006,1473,1477,1478,1470,3374
7/14/2006,1564,1571,1572,1561,8274
7/13/2006,1530,1528,1534,1528,4204
7/12/2006,1582,1581,1585,1578,6916
7/11/2006,1535,1534,1536,1525,6258
7/10/2006,1532,1542,1544,1528,13134
7/7/2006,1594,1600,1600,1590,6166
7/6/2006,1547,1544,1552,1538,15024
7/5/2006,1546,1569,1569,1541,26138
7/4/2006,1569,1575,1577,1566,8548
7/3/2006,1574,1575,1577,1570,13604
6/30/2006,1574,1575,1577,1570,13604
6/29/2006,1568,1572,1578,1564,13972
6/28/2006,1572,1579,1582,1571,12218
6/27/2006,1579,1575,1582,1574,10648
6/26/2006,1576,1566,1578,1565,15006
6/23/2006,1569,1573,1573,1566,15582
6/22/2006,1578,1575,1585,1574,25816
6/21/2006,1573,1573,1576,1566,24024
6/20/2006,1569,1560,1570,1559,16024
6/19/2006,1569,1570,1574,1567,16256
6/16/2006,1575,1579,1579,1567,20108
6/15/2006,1576,1571,1580,1567,22798
6/14/2006,1578,1586,1588,1565,32562
6/13/2006,1595,1625,1626,1592,37132
6/12/2006,1627,1639,1645,1625,28316
6/9/2006,1638,1631,1639,1628,25020
6/8/2006,1635,1645,1645,1634,14048
6/7/2006,1641,1629,1646,1628,31344
6/6/2006,1642,1638,1643,1632,31752
6/5/2006,1642,1646,1649,1631,31574
6/2/2006,1634,1639,1639,1621,34422
6/1/2006,1632,1650,1654,1629,46280
5/31/2006,1661,1676,1677,1660,45722
5/30/2006,1678,1684,1694,1675,49100
5/29/2006,1684,1685,1688,1679,40936
5/26/2006,1683,1685,1689,1669,59204
5/25/2006,1682,1700,1701,1681,58060
5/24/2006,1704,1704,1716,1701,57774
5/23/2006,1710,1720,1724,1706,64528
5/22/2006,1707,1706,1728,1700,69014
5/19/2006,1710,1693,1715,1691,62466
5/18/2006,1703,1680,1718,1676,85642
5/17/2006,1670,1659,1674,1659,41654
5/16/2006,1650,1668,1674,1647,33750
5/15/2006,1679,1686,1686,1675,19832
5/12/2006,1671,1687,1687,1663,29658
5/11/2006,1675,1660,1683,1656,28206
5/10/2006,1630,1635,1656,1628,25244
5/9/2006,1665,1630,1666,1629,52108
5/8/2006,1627,1628,1629,1621,15940
4/28/2006,1619,1615,1620,1613,19456
4/27/2006,1619,1620,1628,1618,20916
4/26/2006,1625,1626,1629,1623,15156
4/25/2006,1625,1623,1625,1616,14640
4/24/2006,1624,1619,1630,1618,15516
4/21/2006,1619,1624,1625,1601,20246
4/20/2006,1610,1609,1615,1606,24514
4/19/2006,1615,1615,1616,1613,27090
4/14/2006,1615,1614,1617,1607,20828
4/13/2006,1614,1600,1623,1600,33782
4/12/2006,1605,1592,1605,1589,39686
4/11/2006,1586,1616,1617,1580,43632
4/10/2006,1843,1844,1848,1841,22148
4/7/2006,1628,1630,1634,1625,13988
4/6/2006,1628,1628,1635,1626,19394
4/5/2006,1624,1620,1630,1616,26582
4/4/2006,1623,1616,1626,1615,23134
4/3/2006,1616,1621,1621,1609,21164
3/31/2006,1839,1847,1853,1831,37296
3/30/2006,1620,1632,1632,1612,36908
3/29/2006,1632,1629,1636,1629,25880
3/28/2006,1627,1628,1633,1624,21312
3/27/2006,1629,1637,1640,1627,29538
3/24/2006,1635,1639,1646,1634,33966
3/23/2006,1641,1635,1645,1621,43704
3/22/2006,1639,1638,1644,1633,28886
3/21/2006,1636,1640,1641,1623,35454
3/20/2006,1642,1662,1665,1641,35564
3/17/2006,1662,1685,1685,1661,35218
3/16/2006,1687,1684,1689,1683,16672
3/15/2006,1685,1691,1694,1681,33668
3/14/2006,1691,1690,1701,1687,32646
3/13/2006,1854,1853,1858,1828,45304
3/10/2006,1683,1685,1686,1674,27806
3/9/2006,1684,1686,1691,1683,21464
3/8/2006,1687,1683,1692,1683,26228
3/7/2006,1686,1694,1696,1681,42098
3/6/2006,1695,1706,1707,1693,39678
3/3/2006,1710,1722,1722,1708,26270
3/2/2006,1715,1715,1722,1711,26540
3/1/2006,1715,1708,1717,1708,23612
2/28/2006,1711,1710,1717,1706,21810
2/27/2006,1710,1719,1719,1706,22374
2/24/2006,1719,1722,1722,1710,33356
2/23/2006,1716,1728,1731,1709,36242
2/22/2006,1734,1726,1737,1726,21198
2/21/2006,1728,1734,1735,1726,22276
2/20/2006,1733,1737,1744,1731,29834
2/17/2006,1727,1731,1733,1722,30186
2/16/2006,1728,1735,1736,1725,19648
2/15/2006,1732,1734,1738,1722,19720
2/14/2006,1736,1729,1737,1725,20456
2/13/2006,1730,1741,1741,1728,26410
2/10/2006,1740,1750,1756,1732,21558
2/9/2006,1749,1751,1768,1743,17724
2/8/2006,1737,1731,1759,1714,39198
2/7/2006,1770,1761,1779,1749,40342
2/6/2006,1766,1780,1782,1761,67758
1/27/2006,1727,1737,1737,1720,11538
1/26/2006,1740,1735,1745,1731,17788
1/25/2006,1726,1715,1729,1706,26376
1/24/2006,1711,1724,1725,1703,25142
1/23/2006,1726,1749,1755,1726,24904
1/20/2006,1749,1749,1758,1747,26986
1/19/2006,1749,1744,1750,1743,13844
1/18/2006,1743,1742,1745,1734,39848
1/17/2006,1744,1746,1755,1740,36634
1/16/2006,1746,1743,1749,1743,25250
1/13/2006,1746,1740,1749,1739,22000
1/12/2006,1747,1748,1756,1744,40726
1/11/2006,1750,1751,1752,1732,60092
1/10/2006,1750,1756,1761,1747,44744
1/9/2006,1757,1750,1767,1750,38720
1/6/2006,1829,1814,1830,1811,25716
1/5/2006,1757,1761,1763,1755,38250
1/4/2006,1761,1733,1762,1729,45316
1/3/2006,1794,1787,1794,1777,49714
1/2/2006,1794,1787,1794,1777,49714
12/30/2005,1794,1787,1794,1777,49714
12/29/2005,1738,1739,1745,1734,33396
12/28/2005,1735,1740,1743,1733,50668
12/27/2005,1737,1728,1746,1726,58642
12/26/2005,1728,1733,1736,1726,30776
12/23/2005,1733,1734,1734,1730,29586
12/22/2005,1734,1732,1737,1728,45034
12/21/2005,1730,1722,1734,1719,46960
12/20/2005,1721,1725,1728,1719,26056
12/19/2005,1724,1728,1730,1721,29368
12/16/2005,1726,1721,1727,1716,17760
12/15/2005,1724,1724,1727,1718,26170
12/14/2005,1728,1726,1740,1726,55452
12/13/2005,1722,1729,1731,1709,52612
12/12/2005,1776,1777,1782,1771,36102
12/9/2005,1775,1766,1777,1763,42318
12/8/2005,1710,1716,1719,1706,46338
12/7/2005,1716,1723,1729,1712,53928
12/6/2005,1725,1713,1726,1709,57380
12/5/2005,1712,1687,1712,1687,63282
12/2/2005,1689,1686,1691,1678,36668
12/1/2005,1683,1684,1685,1664,86576
11/30/2005,1768,1766,1773,1761,53946
11/29/2005,1767,1766,1768,1758,38510
11/28/2005,1766,1765,1769,1751,131180
11/25/2005,1767,1762,1769,1762,45408
11/24/2005,1762,1761,1765,1756,52074
11/23/2005,1763,1765,1767,1758,57632
11/22/2005,1765,1760,1767,1756,85264
11/21/2005,1758,1771,1773,1744,171552
11/18/2005,1688,1698,1699,1672,73724
11/17/2005,1778,1763,1778,1763,77902
11/16/2005,1705,1688,1708,1688,68952
11/15/2005,1691,1700,1708,1672,126858
11/14/2005,1761,1761,1769,1730,260128
11/11/2005,1744,1780,1783,1738,98486
11/10/2005,1750,1747,1752,1745,37834
11/9/2005,1778,1779,1783,1773,44632
11/8/2005,1746,1756,1756,1742,80474
11/7/2005,1755,1745,1757,1738,103706
11/4/2005,1747,1750,1750,1742,28064
11/3/2005,1746,1741,1750,1741,33634
11/2/2005,1742,1742,1754,1738,81138
11/1/2005,1741,1738,1745,1738,42144
10/31/2005,1739,1740,1743,1735,55442
10/28/2005,1742,1738,1747,1738,52190
10/27/2005,1740,1730,1742,1725,86780
10/26/2005,1730,1739,1740,1727,81544
10/25/2005,1738,1743,1745,1734,63038
10/24/2005,1745,1738,1752,1738,86816
10/21/2005,1736,1739,1740,1722,133796
10/20/2005,1739,1735,1747,1731,113288
10/19/2005,1733,1727,1735,1723,98228
10/18/2005,1730,1729,1737,1726,81678
10/17/2005,1730,1713,1732,1713,123162
10/14/2005,1715,1719,1725,1713,76848
10/13/2005,1722,1736,1739,1720,68022
10/12/2005,1730,1732,1737,1728,53798
10/11/2005,1732,1729,1736,1725,87748
10/10/2005,1730,1715,1752,1715,109892
9/30/2005,1715,1717,1720,1710,80870
9/29/2005,1721,1688,1722,1688,177350
9/28/2005,1689,1683,1691,1683,34070
9/27/2005,1588,1590,1593,1588,22922
9/26/2005,1686,1684,1691,1684,41790
9/23/2005,1686,1685,1688,1684,37924
9/22/2005,1683,1689,1689,1680,34058
9/21/2005,1592,1592,1595,1590,31296
9/20/2005,1683,1694,1694,1682,50382
9/19/2005,1692,1686,1695,1684,71206
9/16/2005,1642,1641,1643,1637,21874
9/15/2005,1683,1686,1689,1679,46018
9/14/2005,1643,1638,1645,1635,57036
9/13/2005,1677,1673,1679,1672,38308
9/12/2005,1633,1632,1637,1628,45024
9/9/2005,1633,1632,1635,1630,34194
9/8/2005,1632,1640,1641,1630,54566
9/7/2005,1640,1645,1647,1639,26638
9/6/2005,1642,1645,1648,1637,50640
9/5/2005,1643,1645,1646,1640,25702
9/2/2005,1648,1649,1652,1645,37652
9/1/2005,1646,1642,1646,1638,32614
8/31/2005,1646,1645,1652,1643,48312
8/30/2005,1644,1634,1649,1633,64220
8/29/2005,1673,1675,1677,1670,25910
8/26/2005,1635,1631,1637,1631,18954
8/25/2005,1636,1630,1638,1627,46218
8/24/2005,1633,1632,1636,1629,36060
8/23/2005,1637,1643,1643,1633,38186
8/22/2005,1643,1640,1647,1636,37558
8/19/2005,1638,1628,1642,1628,34048
8/18/2005,1678,1670,1695,1670,46042
8/17/2005,1628,1647,1648,1628,82430
8/16/2005,1648,1640,1650,1638,47722
8/15/2005,1646,1645,1649,1641,52208
8/12/2005,1650,1649,1653,1644,75796
8/11/2005,1649,1639,1650,1633,142570
8/10/2005,1638,1626,1640,1624,56194
8/9/2005,1630,1634,1637,1628,45876
8/8/2005,1637,1636,1642,1634,42492
8/5/2005,1638,1630,1639,1626,67390
8/4/2005,1630,1629,1631,1622,70208
8/3/2005,1635,1639,1644,1632,49834
8/2/2005,1638,1639,1642,1628,69654
8/1/2005,1637,1650,1661,1635,105988
7/29/2005,1654,1647,1658,1626,122262
7/28/2005,1646,1663,1663,1644,58886
7/27/2005,1659,1668,1669,1656,60002
7/26/2005,1669,1680,1684,1666,47320
7/25/2005,1640,1639,1645,1635,46356
7/22/2005,1683,1692,1696,1676,48922
7/21/2005,1658,1663,1664,1657,35672
7/20/2005,1705,1711,1714,1702,44514
7/19/2005,1671,1672,1674,1669,31018
7/18/2005,1716,1718,1723,1714,34554
7/15/2005,1717,1719,1722,1714,29482
7/14/2005,1719,1727,1727,1714,71096
7/13/2005,1722,1732,1734,1719,73388
7/12/2005,1735,1738,1741,1732,35364
7/11/2005,1738,1730,1739,1729,48102
7/8/2005,1734,1729,1735,1726,43692
7/7/2005,1731,1736,1742,1729,64182
7/6/2005,1738,1746,1746,1736,34656
7/5/2005,1737,1745,1745,1734,43590
7/4/2005,1743,1740,1747,1731,74328
7/1/2005,1737,1730,1737,1724,42878
6/30/2005,1730,1744,1747,1728,66056
6/29/2005,1743,1743,1749,1739,52400
6/28/2005,1741,1745,1749,1735,84024
6/27/2005,1755,1760,1768,1754,84260
6/24/2005,1760,1745,1761,1742,99128
6/23/2005,1743,1737,1747,1736,87606
6/22/2005,1739,1737,1741,1731,46372
6/21/2005,1734,1748,1749,1732,55300
6/20/2005,1745,1743,1756,1739,84746
6/17/2005,1732,1735,1743,1728,71186
6/16/2005,1735,1745,1748,1733,77860
6/15/2005,1738,1738,1741,1735,59696
6/14/2005,1734,1749,1750,1734,84038
6/13/2005,1747,1745,1754,1740,144052
6/10/2005,1740,1740,1749,1734,128388
6/9/2005,1740,1715,1748,1715,190688
6/8/2005,1723,1720,1724,1714,66444
6/7/2005,1724,1720,1731,1717,119724
6/6/2005,1730,1705,1734,1705,193252
6/3/2005,1697,1693,1699,1692,61512
6/2/2005,1703,1701,1706,1695,126970
6/1/2005,1701,1711,1719,1698,142506
5/31/2005,1716,1721,1726,1708,158540
5/30/2005,1711,1706,1721,1703,185896
5/27/2005,1713,1695,1716,1689,183596
5/26/2005,1691,1685,1691,1681,74922
5/25/2005,1680,1683,1685,1672,93380
5/24/2005,1678,1703,1706,1669,107644
5/23/2005,1693,1680,1694,1679,86502
5/20/2005,1676,1675,1678,1672,49354
5/19/2005,1679,1689,1692,1679,77788
5/18/2005,1686,1686,1687,1677,68574
5/17/2005,1685,1681,1686,1668,93156
5/16/2005,1679,1660,1679,1660,66322
5/13/2005,1666,1670,1674,1662,61030
5/12/2005,1678,1686,1689,1676,58670
5/11/2005,1691,1692,1700,1689,96626
5/10/2005,1688,1685,1691,1683,47846
5/9/2005,1688,1697,1702,1687,50212
4/29/2005,1695,1700,1704,1690,78950
4/28/2005,1705,1692,1707,1692,124392
4/27/2005,1697,1686,1709,1686,170988
4/26/2005,1684,1679,1686,1672,80450
4/25/2005,1673,1680,1682,1667,57330
4/22/2005,1677,1680,1680,1662,77186
4/21/2005,1669,1711,1712,1665,129366
4/20/2005,1716,1714,1722,1706,125296
4/19/2005,1700,1685,1701,1678,76152
4/18/2005,1684,1680,1685,1674,49692
4/15/2005,1686,1687,1698,1678,64622
4/14/2005,1691,1691,1698,1682,55742
4/13/2005,1689,1710,1710,1688,46312
4/12/2005,1714,1710,1723,1707,67626
4/11/2005,1705,1709,1715,1698,53932
4/8/2005,1688,1708,1708,1686,71214
4/7/2005,1738,1743,1745,1735,35732
4/6/2005,1739,1734,1741,1726,52414
4/5/2005,1709,1715,1721,1705,61604
4/4/2005,1717,1719,1730,1711,34798
4/1/2005,1732,1729,1735,1724,63622
3/31/2005,1747,1730,1751,1730,108856
3/30/2005,1725,1722,1737,1722,82194
3/29/2005,1725,1716,1728,1714,52286
3/28/2005,1716,1730,1737,1715,72114
3/25/2005,1732,1730,1740,1728,70108
3/24/2005,1727,1722,1727,1709,80986
3/23/2005,1719,1738,1746,1716,141024
3/22/2005,1739,1731,1745,1720,91194
3/21/2005,1751,1750,1761,1741,157002
3/18/2005,1753,1795,1817,1739,351508
3/17/2005,1788,1785,1805,1780,202442
3/16/2005,1796,1755,1796,1749,237302
3/15/2005,1741,1740,1755,1731,167742
3/14/2005,1745,1762,1768,1735,205164
3/11/2005,1717,1730,1740,1709,119242
3/10/2005,1725,1728,1733,1722,116754
3/9/2005,1723,1721,1733,1718,156886
3/8/2005,1713,1695,1718,1688,167090
3/7/2005,1706,1698,1710,1692,144682
3/4/2005,1695,1714,1722,1688,219602
3/3/2005,1713,1732,1737,1710,210214
3/2/2005,1731,1728,1753,1717,337094
3/1/2005,1734,1766,1768,1728,210640
2/28/2005,1749,1723,1756,1723,314554
2/25/2005,1698,1719,1722,1697,163458
2/24/2005,1728,1721,1730,1714,174254
2/23/2005,1714,1708,1741,1706,265178
2/22/2005,1695,1686,1697,1681,221020
2/21/2005,1685,1650,1690,1647,289370
2/18/2005,1652,1657,1659,1646,107010
2/17/2005,1646,1654,1656,1642,109458
2/16/2005,1658,1678,1678,1658,68898
2/4/2005,1663,1658,1666,1655,68774
2/3/2005,1659,1669,1672,1647,159446
2/2/2005,1671,1674,1685,1670,115856
2/1/2005,1680,1666,1680,1662,91420
1/31/2005,1665,1662,1669,1659,65228
1/28/2005,1662,1665,1666,1660,71542
1/27/2005,1670,1670,1676,1666,59404
1/26/2005,1672,1673,1674,1664,89266
1/25/2005,1669,1690,1695,1667,121162
1/24/2005,1690,1696,1700,1684,86200
1/21/2005,1697,1700,1708,1692,73564
1/20/2005,1702,1717,1717,1698,88556
1/19/2005,1713,1717,1728,1709,71290
1/18/2005,1720,1720,1727,1716,65580
1/17/2005,1720,1717,1725,1707,76734
1/14/2005,1725,1709,1731,1709,96668
1/13/2005,1705,1688,1705,1687,81130
1/12/2005,1657,1658,1662,1653,28242
1/11/2005,1661,1658,1670,1655,66456
1/10/2005,1657,1661,1665,1652,69370
1/7/2005,1661,1650,1669,1647,151982
1/6/2005,1646,1635,1650,1633,59740
1/5/2005,1634,1628,1635,1612,63652
1/4/2005,1663,1665,1668,1659,48868
