6/3/2016,857.5,852,869,849,113390,
6/2/2016,853,846,863,838,127278,
6/1/2016,847.5,852,854,833.5,146094,
5/31/2016,851.5,849,880,845,210462,
5/30/2016,848,850,855,824,222262,
5/27/2016,850,846,864,811,415874,TRUE
5/26/2016,842.5,828,846,820.5,254106,
5/25/2016,818,832,844,813.5,265398,
5/24/2016,829.5,861,862,822,310386,
5/23/2016,863.5,922,928,849,456336,
5/20/2016,921.5,899,927,890.5,267446,
5/19/2016,898.5,894,918,876,341012,
5/18/2016,893,922,938,886.5,397318,
5/17/2016,924.5,873,929,871,357916,
5/16/2016,873,865,893,858,345292,
5/13/2016,870,910,914,855,452182,
5/12/2016,913.5,919,936,906,348118,
5/11/2016,916,942,951,907.5,431202,
5/10/2016,936,920,947,905,568084,
5/9/2016,929.5,991,1024,929,971448,
5/6/2016,984,1038,1039,980,698012,
5/5/2016,1027,1071,1082,1021.5,670186,
5/4/2016,1068,1072,1075,1036,650258,
5/3/2016,1076.5,1111,1132,1048,653390,
5/2/2016,1091,1060,1107,1060,0,
4/29/2016,1107,1060,1107,1060,640640,
4/28/2016,1056.5,1050,1066,1020,968368,
4/27/2016,1056.5,1096,1102,1044,1828214,
4/26/2016,1101.5,1114,1142,1069,2420704,
4/25/2016,1110,1062,1110,1061.5,2144064,
4/22/2016,1063,1028,1084,1000,2383968,
4/21/2016,1025.5,1007,1047,996.5,1818662,
4/20/2016,1008,975,1008,971.5,2078598,
4/19/2016,962.5,945,967,936,1878716,
4/18/2016,941,877,957,870.5,1947790,
4/15/2016,881,915,918,881,1265018,
4/14/2016,913,926,930,904,1457040,
4/13/2016,927.5,908.5,952,899.5,2195580,
4/12/2016,903,864,903,862.5,1102266,
4/11/2016,860.5,837,861,836,1023828,
4/8/2016,834.5,824,836,818.5,759950,
4/7/2016,825.5,817,834,812,699932,
4/6/2016,815,823,829,811.5,556702,
4/1/2016,811.5,795,812,792,781640,
3/31/2016,792,775,794,770.5,498276,
3/30/2016,774.5,785,789,769,482178,
3/29/2016,784,779,786.5,770,382560,
3/28/2016,774.5,767,787,764,444180,
3/25/2016,764,749,765,748.5,139254,
3/24/2016,756,776,779,748.5,417848,
3/23/2016,774.5,769,787,763.5,482498,
3/22/2016,768,767,772,761,279614,
3/21/2016,766,770,790,765,493760,
3/18/2016,772.5,760,786,755.5,663158,
3/17/2016,761,755,770,749,361594,
3/16/2016,753.5,746,755,743.5,320642,
3/15/2016,744,747,763,743,610466,
3/14/2016,745,734,766,730.5,844846,
3/11/2016,736.5,726,744,722.5,361312,
3/10/2016,727,725,753,723,597090,
3/9/2016,722,734.5,737,715.5,706954,
3/8/2016,752,765,765,711,921452,
3/7/2016,729,707,729,707,331190,
3/4/2016,705.5,703,708,693,382976,
3/3/2016,702,709,718,701.5,307740,
3/2/2016,710,710,712,703.5,280908,
3/1/2016,710,717,717,703.5,390972,
2/29/2016,712,703,713,693,405854,
2/26/2016,701.5,702,705,687.5,369686,
2/25/2016,701,706,708,696.5,339488,
2/24/2016,705.5,693,710,687.5,456038,
2/23/2016,691.5,690,701,684.5,304090,
2/22/2016,690,667,690,664,314672,
2/19/2016,668,658,671,656,210776,
2/18/2016,658,655,659,651,107708,
2/17/2016,654,657,662,653,193194,
2/16/2016,657,643,659,642.5,238846,
2/15/2016,642,639,649,632,93436,
2/5/2016,641.5,650,651,640,72672,
2/4/2016,649.5,644,652,643.5,126700,
2/3/2016,644.5,644,645,640.5,56478,
2/2/2016,642,643,645,640.5,64974,
2/1/2016,643,638,650,638,137850,
1/29/2016,639.5,645,647,636.5,144602,
1/28/2016,644.5,653,654,642.5,127382,
1/27/2016,653,649,655,645,160500,
1/26/2016,647.5,643,649,640.5,146142,
1/25/2016,645,647,655,644,182216,
1/22/2016,646,639,653,634,302786,
1/21/2016,637,633,641,628,161820,
1/20/2016,633.5,642,643,632,159460,
1/19/2016,641.5,639,643,633.5,158360,
1/18/2016,639,625,641,622.5,227946,
1/15/2016,626.5,620,632,619.5,200056,
1/14/2016,621,618,622,610,178218,
1/13/2016,617,614,620,612.5,159480,
1/12/2016,612.5,624,625,611,169100,
1/11/2016,623.5,623,630,620.5,109482,
1/8/2016,624,621,627,618,132160,
1/7/2016,621,624,629,619,142258,
1/6/2016,625.5,640,640,625,160180,
1/5/2016,640,636,641,633.5,98744,
1/4/2016,636,647,652,635,106882,
12/31/2015,643,645,651,640.5,162038,
12/30/2015,644.5,641,658,641,207588,
12/29/2015,641,629,643,628.5,144984,
12/28/2015,629,631,632,626.5,86916,
12/25/2015,631.5,630,633,626.5,88412,
12/24/2015,629,636,638,627,136878,
12/23/2015,635,636,638,632.5,90558,
12/22/2015,637.5,639,641,631.5,142486,
12/21/2015,640,631,644,628,236672,
12/18/2015,630,617,631,616.5,124246,
12/17/2015,617.5,618,628,617,121744,
12/16/2015,617.5,617,620,614,63322,
12/15/2015,615.5,613,624,612.5,139754,
12/14/2015,615,610,621,607,137926,
12/11/2015,610.5,606,612,602,89434,
12/10/2015,606.5,608,609,604,100880,
12/9/2015,607.5,611,614,605.5,131834,
12/8/2015,612.5,615,617,605.5,139022,
12/7/2015,617,612,619,610,112334,
12/4/2015,611.5,617,623,600,240154,
12/3/2015,616.5,622,626,615.5,112684,
12/2/2015,623,612,631,609.5,240094,
12/1/2015,613.5,612,617,607,120678,
11/30/2015,611.5,618,624,606.5,155160,
11/27/2015,618,633,633,617,179262,
11/26/2015,632,625,649,620,272544,
11/25/2015,629.5,620,634,613.5,190988,
11/24/2015,694.5,683,696,682,78326,
11/23/2015,681.5,678,687,673,103426,
11/20/2015,677,670,685,666,173430,
11/19/2015,675,706,706,675,215748,
11/18/2015,705,705,707,698.5,64756,
11/17/2015,705,701,708,700,71742,
11/16/2015,704,706,708,697.5,98606,
11/13/2015,707,702,709,702,57468,
11/12/2015,703.5,707,707,701,77226,
11/11/2015,707.5,714,714,706,52188,
11/10/2015,714,711,716,710,57382,
11/9/2015,711,713,713,708.5,39428,
11/6/2015,712.5,708,714,708,53156,
11/5/2015,709,713,716,706,83426,
11/4/2015,712.5,718,718,711,80186,
11/3/2015,717.5,717,718,714.5,54926,
11/2/2015,717.5,725,726,716,76984,
10/30/2015,725,723,728,722,49744,
10/29/2015,723,726,729,721.5,72922,
10/28/2015,724.5,727,730,723.5,80372,
10/27/2015,728.5,737,739,726.5,143790,
10/26/2015,738,741,742,735,57710,
10/23/2015,741.5,740,743,736,82190,
10/22/2015,740,738,742,733,79358,
10/21/2015,737.5,739,739,734.5,65664,
10/20/2015,738,735,739,733,70516,
10/19/2015,735,739,742,733.5,76874,
10/16/2015,739,737,743,735,75088,
10/15/2015,736.5,737,741,734.5,77970,
10/14/2015,738,742,744,734,111300,
10/13/2015,743,744,745,739.5,97672,
10/12/2015,744,765,765,741.5,211520,
10/9/2015,764,756,767,756,82368,
10/8/2015,758,765,765,753,43800,
10/1/2015,759,765,765,756,0,
9/30/2015,759.5,765,765,756,63514,
9/29/2015,763.5,765,768,762,44024,
9/28/2015,766,772,772,765,39850,
9/25/2015,771.5,769,775,768,57536,
9/24/2015,770.5,771,773,768.5,37824,
9/23/2015,770.5,773,773,768,94574,
9/22/2015,774,779,782,774,62498,
9/21/2015,778,775,783,771.5,97610,
9/18/2015,777,776,781,775,61118,
9/17/2015,776.5,780,780,775,61418,
9/16/2015,779,776,781,772.5,109408,
9/15/2015,775,773,778,773,68278,
9/14/2015,774.5,786,787,771.5,177610,
9/11/2015,787.5,791,795,786,60016,
9/10/2015,790.5,793,793,783,72044,
9/9/2015,791,788,801,787,119456,
9/8/2015,787.5,784,788,782.5,46814,
9/7/2015,849,832,849,832,216,
9/3/2015,784,786,787,782,0,
9/2/2015,782,786,787,781.5,44720,
9/1/2015,787,785,791,785,38344,
8/31/2015,786,800,800,786,64038,
8/28/2015,801.5,791,808,788,91606,
8/27/2015,791,784,791,778.5,47618,
8/26/2015,780,793,794,777.5,80348,
8/25/2015,782.5,775,791.5,775,82336,
8/24/2015,778,806,806,775,164290,
8/21/2015,806,805,807,803.5,25996,
8/20/2015,804.5,808,809,804,47698,
8/19/2015,807.5,807,808,803,48138,
8/18/2015,806,813,813,805,59124,
8/17/2015,812,825,827,807,67188,
8/14/2015,825.5,823,827,821.5,53464,
8/13/2015,826,834,835,820.5,122686,
8/12/2015,833.5,808,835,807.5,69936,
8/11/2015,811,800,820,798.5,82454,
8/10/2015,820,822,824,815.5,17944,
8/7/2015,822,823,825,820,17314,
8/6/2015,823.5,820,824,818,23330,
8/5/2015,820,826,826,818,32614,
8/4/2015,824,816,825,815.5,35990,
8/3/2015,818.5,825,828,816,62990,
7/31/2015,823.5,812,825,811.5,42194,
7/30/2015,812,824,824,811,52350,
7/29/2015,823,812,827,811,88218,
7/28/2015,812,806,815,803,55002,
7/27/2015,806.5,803,815,802,59222,
7/24/2015,802,803,807,801,33684,
7/23/2015,803.5,804,809,800.5,42544,
7/22/2015,804,811,813,799.5,93256,
7/21/2015,811,824,824,807,72486,
7/20/2015,820.5,806,823,805.5,113598,
7/17/2015,810,805.5,811,805,38500,
7/16/2015,807.5,804,813,801,78354,
7/15/2015,803.5,809,813,803,69968,
7/14/2015,808,813,822,807,84288,
7/13/2015,812,810,816,806.5,128270,
7/10/2015,810,828,839,810,250484,
7/9/2015,828.5,791,860,785,353358,
7/8/2015,816,848,852,816,210158,
7/7/2015,845.5,854.5,857,844,181178,
7/6/2015,852,880,881,845,216030,
7/3/2015,882,876,884.5,876,99176,
7/2/2015,878,874,882,870,99660,
7/1/2015,874,868,887,867,130698,
6/30/2015,868,869,873,861.5,157558,
6/29/2015,869,879,879,868,120398,
6/26/2015,877,875,883,872,105366,
6/25/2015,874,883.5,884.5,874,137532,
6/24/2015,883.5,881,887,878.5,83454,
6/19/2015,882,879,886,878.5,83434,
6/18/2015,878.5,882,885,877.5,148364,
6/17/2015,881.5,898,899,881,215240,
6/16/2015,898.5,898,902,893.5,87050,
6/15/2015,898,902,906,896,89770,
6/12/2015,901.5,915,916,901,155888,
6/11/2015,915,919,920,914.5,88708,
6/10/2015,918.5,913,919,912.5,100416,
6/9/2015,912,912.5,915,911.5,62316,
6/8/2015,912.5,915.5,917,910.5,72864,
6/5/2015,914.5,920,922,914,91862,
6/4/2015,921,919,922,912,139796,
6/3/2015,919,925,925,918,95782,
6/2/2015,925,924,928,919.5,138626,
6/1/2015,923,916,928,915,259246,
5/29/2015,915.5,913.5,916,909,165124,
5/28/2015,914.5,913,916,908.5,123038,
5/27/2015,913,909,916,909,118972,
5/26/2015,909.5,909,921,908,281984,
5/25/2015,911,910,913,905.5,153824,
5/22/2015,912.5,911,915,903.5,168040,
5/21/2015,910.5,902,914,899.5,191980,
5/20/2015,902,907.5,910,893,223386,
5/19/2015,909,912,914.5,908,144130,
5/18/2015,913.5,915,923,912.5,189484,
5/15/2015,916,910,918,909,196276,
5/14/2015,909.5,914.5,919,901,375430,
5/13/2015,913.5,918,925,911.5,277168,
5/12/2015,915,931,934.5,914,302888,
5/11/2015,931,935,939,926.5,306952,
5/8/2015,934,924,939,920.5,558324,
5/7/2015,924,935,938,920,283108,
5/6/2015,934.5,934,941,923,506558,
5/5/2015,931,909,940,908,659798,
5/4/2015,909,908,919,881,341654,
4/30/2015,913,906,920,906,183040,
4/29/2015,906,931,936,901,276438,
4/28/2015,933,945,946,928,256498,
4/27/2015,947,929,957,923,370404,
4/24/2015,928,903,933,903,275558,
4/23/2015,902,910,915,901,101222,
4/22/2015,910,898,919,898,157460,
4/21/2015,900,893,900,891,64834,
4/20/2015,894,910,913,889,148332,
4/17/2015,911,914,918,909,68510,
4/16/2015,912,902,919,899,114140,
4/15/2015,902,922,922,901,153650,
4/14/2015,924,919,926,909,141956,
4/13/2015,921,890,922,889,166786,
4/10/2015,890,908,908,886,112712,
4/9/2015,907,917,920,902,73258,
4/8/2015,915,933,935,901,150362,
4/7/2015,934,930,937,927,38314,
4/3/2015,934,930,940,926,70604,
4/2/2015,933,940,949,931,94936,
4/1/2015,942,939,947,935,77464,
3/31/2015,940,945,954,936,119516,
3/30/2015,946,951,966,946,83466,
3/27/2015,940,946,946,930,70752,
3/26/2015,946,954,956,945,35930,
3/25/2015,954,965,966,944,76092,
3/24/2015,965,964,974,961,45866,
3/23/2015,966,975,978,960,51240,
3/20/2015,976,980,984,975,19220,
3/19/2015,980,982,986,978,28066,
3/18/2015,983,992,995,979,62238,
3/17/2015,996,1003,1003,994,28050,
3/16/2015,1002,1005,1007,992,54494,
3/13/2015,1007,1007,1008,1000,27988,
3/12/2015,1006,1003,1007,1003,14988,
3/11/2015,1005,1003,1008,1000,19762,
3/10/2015,1004,1009,1010,1003,23940,
3/9/2015,1007,1001,1011,998,42470,
3/6/2015,1001,1001,1006,998,26684,
3/5/2015,1000,1020,1020,997,67954,
3/4/2015,1021,1022,1022,1019,16248,
3/3/2015,1020,1023,1025,1018,31666,
3/2/2015,1023,1021,1024,1017,51014,
2/27/2015,1021,1026,1028,1020,23178,
2/26/2015,1026,1019,1027,1019,24714,
2/17/2015,1029,1039,1039,1026,37864,
2/16/2015,1039,1039,1043,1037,31696,
2/13/2015,1040,1034,1043,1032,45234,
2/12/2015,1033,1036,1037,1031,16178,
2/11/2015,1036,1035,1036,1032,16120,
2/10/2015,1035,1035,1037,1033,17346,
2/9/2015,1034,1040,1045,1031,38280,
2/6/2015,1039,1030,1041,1030,65964,
2/5/2015,1031,1031,1033,1029,36176,
2/4/2015,1028,1032,1038,1027,66706,
2/3/2015,1031,1027,1035,1026,68600,
2/2/2015,1027,1025,1029,1024,38330,
1/30/2015,1025,1025,1027,1023,26126,
1/29/2015,1025,1028,1031,1023,55900,
1/28/2015,1027,1023,1028,1021,39164,
1/27/2015,1024,1017,1031,1016,77278,
1/26/2015,1017,1035,1035,1015,152294,
1/23/2015,1033,1033,1037,1030,102068,
1/22/2015,1033,1037,1042,1032,84706,
1/21/2015,1036,1038,1043,1035,70660,
1/20/2015,1038,1042,1044,1029,150906,
1/19/2015,1042,1045,1057,1038,208834,
1/16/2015,1045,1050,1052,1044,79676,
1/15/2015,1047,1040,1050,1034,122498,
1/14/2015,1038,1039,1045,1029,133292,
1/13/2015,1042,1039,1042,1032,69622,
1/12/2015,1040,1055,1060,1037,143376,
1/9/2015,1056,1062,1064,1050,142758,
1/8/2015,1063,1056,1066,1051,214786,
1/7/2015,1055,1055,1057,1045,157394,
1/6/2015,1054,1029,1065,1028,356160,
1/5/2015,1031,1029,1037,1023,82832,
12/31/2014,1032,1053,1056,1028,232922,
12/30/2014,1048,1008,1048,1006,467412,
12/29/2014,1007,1005,1014,1002,118682,
12/26/2014,1007,1005,1011,1004,58342,
12/25/2014,1005,1010,1014,1003,91756,
12/24/2014,1011,998,1016,996,232278,
12/23/2014,999,1018,1020,999,357458,
12/22/2014,1020,1046,1046,1018,200796,
12/19/2014,1030,1034,1036,1029,53936,
12/18/2014,1074,1055,1074,1042,44326,
12/17/2014,1025,1036,1037,1024,159742,
12/16/2014,1037,1041,1044,1030,141406,
12/15/2014,1042,1045,1047,1037,90174,
12/12/2014,1044,1036,1048,1035,234362,
12/11/2014,1036,1032,1037,1025,123550,
12/10/2014,1034,1030,1038,1024,130956,
12/9/2014,1031,1027,1031,1015,184440,
12/8/2014,1029,1036,1040,1029,127226,
12/5/2014,1036,1039,1042,1035,122192,
12/4/2014,1039,1036,1050,1033,266126,
12/3/2014,1036,1029,1039,1026,145284,
12/2/2014,1031,1035,1053,1029,228836,
12/1/2014,1032,1038,1040,1008,280778,
11/28/2014,1039,1050,1050,1037,290410,
11/27/2014,1053,1031,1061,1029,286584,
11/26/2014,1031,1034,1038,1026,174772,
11/25/2014,1035,1029,1036,1019,202160,
11/24/2014,1059,1066,1070,1058,63746,
11/21/2014,1056,1055,1058,1048,61096,
11/20/2014,1055,1055,1058,1052,24948,
11/19/2014,1053,1052,1055,1048,43894,
11/18/2014,1053,1063,1065,1052,105638,
11/17/2014,1064,1063,1070,1063,52506,
11/14/2014,1064,1067,1068,1062,56314,
11/13/2014,1068,1071,1073,1062,84998,
11/12/2014,1072,1071,1073,1065,92374,
11/11/2014,1069,1075,1077,1064,135744,
11/10/2014,1075,1068,1078,1067,132588,
11/7/2014,1068,1062,1069,1060,156608,
11/6/2014,1063,1060,1069,1056,169358,
11/5/2014,1060,1065,1075,1059,274544,
11/4/2014,1069,1086,1087,1063,313612,
11/3/2014,1085,1085,1096,1085,218776,
10/31/2014,1085,1088,1091,1085,169810,
10/30/2014,1088,1093,1099,1087,222324,
10/29/2014,1091,1090,1094,1083,225762,
10/28/2014,1087,1095,1095,1084,245300,
10/27/2014,1096,1110,1114,1092,314980,
10/24/2014,1110,1088,1110,1088,445948,
10/23/2014,1089,1084,1089,1081,172420,
10/22/2014,1084,1084,1093,1077,361738,
10/21/2014,1081,1086,1088,1079,167758,
10/20/2014,1086,1078,1088,1075,312412,
10/17/2014,1075,1071,1083,1066,271484,
10/16/2014,1074,1080,1081,1063,291970,
10/15/2014,1083,1088,1094,1080,254628,
10/14/2014,1087,1097,1097,1085,258898,
10/13/2014,1098,1079,1112,1078,771004,
10/10/2014,1078,1089,1090,1071,407404,
10/9/2014,1088,1056,1093,1052,619300,
10/8/2014,1055,1055,1078,1053,131244,
9/30/2014,1050,1050,1061,1048,181804,
9/29/2014,1049,1059,1063,1044,314592,
9/26/2014,1061,1051,1066,1047,396784,
9/25/2014,1052,1066,1072,1050,464300,
9/24/2014,1068,1065,1072,1061,296586,
9/23/2014,1066,1048,1076,1046,620816,
9/22/2014,1049,1076,1086,1039,841114,
9/19/2014,1077,1086,1087,1072,314452,
9/18/2014,1087,1092,1095,1085,223168,
9/17/2014,1092,1082,1098,1081,343494,
9/16/2014,1082,1092,1097,1081,320256,
9/15/2014,1091,1074,1101,1072,398704,
9/12/2014,1074,1067,1077,1063,251836,
9/11/2014,1067,1072,1074,1065,252350,
9/10/2014,1073,1063,1080,1056,619492,
9/9/2014,1064,1082,1089,1058,510456,
9/5/2014,1084,1095,1100,1083,444274,
9/4/2014,1093,1093,1106,1092,627676,
9/3/2014,1096,1113,1116,1096,487848,
9/2/2014,1115,1092,1123,1089,617792,
9/1/2014,1093,1107,1110,1093,293136,
8/29/2014,1106,1103,1112,1099,317528,
8/28/2014,1103,1109,1114,1102,427924,
8/27/2014,1110,1123,1133,1108,548988,
8/26/2014,1122,1114,1122,1111,312364,
8/25/2014,1111,1104,1112,1099,362746,
8/22/2014,1103,1098,1115,1097,383682,
8/21/2014,1098,1095,1102,1093,299026,
8/20/2014,1095,1106,1107,1094,280914,
8/19/2014,1105,1097,1106,1091,417492,
8/18/2014,1097,1107,1112,1097,462834,
8/15/2014,1105,1087,1106,1081,651582,
8/14/2014,1086,1116,1117,1084,614310,
8/13/2014,1116,1120,1126,1116,359116,
8/12/2014,1119,1132,1134,1118,336766,
8/11/2014,1133,1136,1141,1133,282752,
8/8/2014,1136,1140,1146,1131,404172,
8/7/2014,1139,1130,1145,1130,490186,
8/6/2014,1132,1129,1142,1128,474222,
8/5/2014,1132,1133,1149,1128,775712,
8/4/2014,1131,1112,1132,1109,496792,
8/1/2014,1112,1126,1128,1109,431060,
7/31/2014,1128,1132,1134,1122,311832,
7/30/2014,1130,1138,1144,1128,343220,
7/29/2014,1140,1131,1146,1129,535316,
7/28/2014,1131,1124,1135,1116,650218,
7/25/2014,1123,1127,1138,1119,415448,
7/24/2014,1126,1126,1135,1123,380480,
7/23/2014,1131,1149,1152,1124,656072,
7/22/2014,1149,1157,1163,1147,382368,
7/21/2014,1155,1142,1156,1141,323082,
7/18/2014,1081,1085,1093,1074,155116,
7/17/2014,1085,1089,1091,1084,109444,
7/16/2014,1088,1095,1097,1084,163566,
7/15/2014,1095,1089,1103,1087,286514,
7/14/2014,1090,1089,1094,1082,304488,
7/11/2014,1090,1104,1108,1083,463530,
7/10/2014,1105,1107,1116,1102,302466,
7/9/2014,1110,1118,1119,1106,318026,
7/8/2014,1117,1117,1119,1106,318794,
7/7/2014,1115,1111,1117,1102,535768,
7/4/2014,1114,1123,1127,1113,332726,
7/3/2014,1123,1136,1137,1122,310204,
7/2/2014,1132,1130,1135,1114,550176,
7/1/2014,1129,1128,1136,1124,439802,
6/30/2014,1127,1138,1140,1127,400852,
6/27/2014,1140,1154,1161,1138,475228,
6/26/2014,1157,1143,1161,1138,642414,
6/25/2014,1142,1142,1152,1139,358694,
6/24/2014,1142,1137,1143,1133,398208,
6/23/2014,1140,1143,1161,1140,665516,
6/20/2014,1147,1135,1164,1119,946938,
6/19/2014,1133,1140,1147,1132,452652,
6/18/2014,1140,1148,1150,1139,351824,
6/17/2014,1146,1132,1150,1129,485806,
6/16/2014,1134,1141,1150,1134,489152,
6/13/2014,1144,1132,1149,1129,447168,
6/12/2014,1136,1148,1149,1132,477794,
6/11/2014,1152,1165,1170,1151,392870,
6/10/2014,1166,1175,1178,1157,608830,
6/9/2014,1171,1175,1180,1168,421836,
6/6/2014,1177,1179,1185,1167,557056,
6/5/2014,1177,1160,1177,1149,687900,
6/4/2014,1157,1151,1160,1144,451510,
6/3/2014,1152,1165,1168,1145,572088,
5/30/2014,1159,1158,1163,1148,606388,
5/29/2014,1160,1162,1180,1157,637738,
5/28/2014,1164,1188,1188,1155,731884,
5/27/2014,1190,1189,1193,1181,539796,
5/26/2014,1190,1150,1194,1150,881040,
5/23/2014,1147,1151,1157,1144,398790,
5/22/2014,1148,1142,1170,1142,670000,
5/21/2014,1137,1140,1154,1128,655210,
5/20/2014,1143,1151,1162,1142,533788,
5/19/2014,1151,1146,1174,1135,767418,
5/16/2014,1148,1182,1183,1148,662552,
5/15/2014,1186,1201,1205,1186,449590,
5/14/2014,1199,1204,1210,1196,496960,
5/13/2014,1203,1215,1216,1196,481094,
5/12/2014,1211,1186,1213,1185,717568,
5/9/2014,1183,1180,1191,1175,591756,
5/8/2014,1178,1175,1184,1170,453398,
5/7/2014,1175,1173,1196,1171,665034,
5/6/2014,1175,1183,1189,1173,476590,
5/5/2014,1181,1163,1183,1153,599498,
5/1/2014,1112,1112,1112,1112,34,
4/30/2014,1166,1187,1191,1165,544370,
4/29/2014,1186,1186,1200,1183,578192,
4/28/2014,1182,1203,1203,1167,714858,
4/25/2014,1207,1210,1214,1201,515664,
4/24/2014,1206,1199,1215,1192,833852,
4/23/2014,1199,1206,1211,1163,909370,
4/22/2014,1202,1187,1210,1183,689616,
4/21/2014,1189,1198,1208,1189,528970,
4/18/2014,1198,1248,1249,1197,1030492,
4/17/2014,1250,1260,1269,1250,509620,
4/16/2014,1262,1267,1273,1251,837644,
4/15/2014,1270,1253,1271,1248,623406,
4/14/2014,1254,1252,1278,1242,877076,
4/11/2014,1253,1250,1258,1243,469858,
4/10/2014,1250,1263,1281,1245,789282,
4/9/2014,1264,1282,1284,1259,501508,
4/8/2014,1280,1265,1304,1263,920300,
4/4/2014,1263,1239,1266,1235,871236,
4/3/2014,1236,1216,1255,1215,1060632,
4/2/2014,1219,1230,1235,1217,607112,
4/1/2014,1225,1223,1227,1211,640952,
3/31/2014,1220,1225,1242,1215,1060044,
3/28/2014,1223,1202,1228,1201,930180,
3/27/2014,1202,1200,1224,1192,1264904,
3/26/2014,1204,1230,1230,1200,843922,
3/25/2014,1216,1183,1216,1180,617168,
3/24/2014,1183,1165,1184,1160,844124,
3/21/2014,1167,1186,1193,1163,1152600,
3/20/2014,1194,1215,1223,1192,987960,
3/19/2014,1207,1210,1217,1201,606462,
3/18/2014,1214,1204,1226,1195,1012100,
3/17/2014,1203,1211,1220,1194,871924,
3/14/2014,1209,1222,1224,1184,922080,
3/12/2014,1220,1171,1236,1165,1473512,
3/11/2014,1197,1175,1226,1154,877838,
3/10/2014,1204,1218,1221,1204,160676,
3/6/2014,1224,1232,1238,1224,484138,
3/5/2014,1238,1242,1257,1226,855458,
3/4/2014,1238,1257,1260,1229,575152,
3/3/2014,1258,1270,1271,1255,515590,
2/28/2014,1273,1282,1289,1264,597630,
2/27/2014,1284,1281,1289,1278,351350,
2/26/2014,1283,1277,1290,1269,582668,
2/25/2014,1279,1280,1289,1275,523820,
2/24/2014,1277,1322,1325,1277,690948,
2/21/2014,1328,1337,1339,1323,355306,
2/20/2014,1334,1344,1347,1328,437144,
2/19/2014,1346,1340,1356,1338,583442,
2/18/2014,1336,1352,1355,1333,400926,
2/17/2014,1354,1315,1362,1311,802374,
2/14/2014,1316,1322,1326,1313,311072,
2/13/2014,1320,1321,1331,1319,341336,
2/12/2014,1324,1322,1328,1314,327182,
2/11/2014,1321,1334,1340,1319,440418,
2/10/2014,1338,1329,1345,1321,533036,
2/7/2014,1327,1351,1354,1302,278972,
1/30/2014,1350,1345,1355,1344,175830,
1/29/2014,1348,1335,1356,1328,362492,
1/28/2014,1333,1354,1356,1326,361466,
1/27/2014,1358,1363,1368,1352,331074,
1/24/2014,1370,1351,1373,1342,815820,
1/23/2014,1347,1338,1358,1336,543126,
1/22/2014,1340,1337,1364,1332,669740,
1/21/2014,1342,1348,1352,1337,422510,
1/20/2014,1346,1372,1380,1337,785658,
1/17/2014,1375,1381,1382,1365,547058,
1/15/2014,1388,1389,1394,1380,457222,
1/14/2014,1391,1365,1394,1365,588438,
1/13/2014,1372,1385,1400,1367,610980,
1/10/2014,1382,1370,1388,1364,653282,
1/9/2014,1372,1407,1422,1369,760192,
1/8/2014,1410,1409,1418,1406,323882,
1/7/2014,1411,1418,1424,1407,599224,
1/6/2014,1416,1422,1433,1412,544780,
1/3/2014,1426,1451,1453,1421,456610,
1/2/2014,1454,1456,1465,1449,413172,
12/31/2013,1458,1481,1484,1452,815726,
12/30/2013,1487,1511,1517,1485,451626,
12/27/2013,1510,1511,1519,1503,475550,
12/26/2013,1510,1513,1516,1507,295702,
12/25/2013,1515,1526,1532,1505,437850,
12/24/2013,1523,1517,1530,1513,371798,
12/23/2013,1516,1536,1536,1515,413444,
12/20/2013,1536,1555,1557,1534,470670,
12/19/2013,1557,1566,1571,1548,437038,
12/18/2013,1562,1558,1565,1544,525982,
12/17/2013,1558,1564,1573,1555,470100,
12/16/2013,1557,1559,1567,1549,444956,
12/13/2013,1558,1605,1605,1552,772188,
12/12/2013,1608,1615,1627,1608,470438,
12/11/2013,1613,1618,1619,1607,393848,
12/10/2013,1618,1618,1623,1616,278974,
12/9/2013,1618,1619,1627,1613,280102,
12/6/2013,1618,1620,1624,1611,491792,
12/5/2013,1622,1640,1645,1621,454526,
12/4/2013,1637,1626,1646,1625,552296,
12/3/2013,1625,1626,1630,1620,391146,
12/2/2013,1629,1615,1632,1614,512008,
11/29/2013,1616,1620,1623,1613,319704,
11/28/2013,1617,1610,1624,1609,420522,
11/27/2013,1612,1618,1620,1606,509556,
11/26/2013,1620,1611,1633,1608,633234,
11/25/2013,1609,1617,1620,1604,439624,
11/22/2013,1612,1610,1624,1609,437756,
11/21/2013,1607,1618,1622,1606,477844,
11/19/2013,1618,1590,1618,1589,485584,
11/18/2013,1593,1591,1598,1583,530032,
11/15/2013,1585,1600,1606,1583,455052,
11/14/2013,1598,1599,1608,1591,441842,
11/13/2013,1597,1584,1601,1581,591098,
11/12/2013,1587,1572,1589,1564,570784,
11/11/2013,1571,1571,1577,1565,395682,
11/8/2013,1567,1593,1595,1567,635842,
11/7/2013,1593,1590,1603,1586,495700,
11/6/2013,1590,1599,1606,1584,594642,
11/5/2013,1600,1604,1606,1586,585164,
11/4/2013,1605,1622,1631,1602,558284,
11/1/2013,1625,1599,1626,1596,559278,
10/31/2013,1601,1611,1618,1593,632560,
10/30/2013,1615,1601,1619,1596,533146,
10/29/2013,1598,1599,1609,1579,647326,
10/28/2013,1526,1520,1533,1519,98732,
10/25/2013,1521,1541,1552,1520,175250,
10/24/2013,1543,1566,1567,1540,192240,
10/23/2013,1570,1576,1579,1558,230288,
10/22/2013,1576,1590,1591,1573,229918,
10/21/2013,1589,1560,1592,1558,412244,
10/18/2013,1561,1561,1568,1553,319458,
10/17/2013,1557,1571,1578,1556,382206,
10/16/2013,1566,1577,1584,1564,363786,
10/15/2013,1579,1596,1616,1576,544778,
10/14/2013,1592,1561,1593,1551,509674,
10/11/2013,1558,1555,1570,1554,306876,
10/10/2013,1551,1555,1561,1548,333040,
10/9/2013,1559,1555,1568,1548,449352,
10/8/2013,1557,1542,1566,1514,576934,
9/30/2013,1544,1570,1571,1543,357198,
9/27/2013,1570,1584,1585,1567,437860,
9/26/2013,1586,1590,1597,1584,396330,
9/25/2013,1590,1580,1592,1573,439398,
9/24/2013,1582,1590,1596,1577,473670,
9/23/2013,1592,1583,1594,1572,487140,
9/18/2013,1585,1570,1593,1562,681712,
9/17/2013,1572,1565,1573,1541,745418,
9/16/2013,1566,1580,1598,1564,603882,
9/13/2013,1574,1583,1584,1571,498926,
9/12/2013,1584,1609,1609,1584,774214,
9/11/2013,1609,1616,1616,1599,595768,
9/10/2013,1609,1620,1621,1599,660416,
9/9/2013,1620,1615,1626,1613,466304,
9/6/2013,1610,1618,1624,1594,926310,
9/5/2013,1614,1604,1619,1600,668578,
9/4/2013,1609,1616,1624,1601,716842,
9/3/2013,1613,1632,1635,1603,738804,
9/2/2013,1628,1593,1638,1593,1091122,
8/30/2013,1582,1587,1597,1566,994290,
8/29/2013,1586,1585,1594,1571,817518,
8/28/2013,1585,1656,1666,1585,1205142,
8/27/2013,1656,1648,1660,1641,823670,
8/26/2013,1653,1660,1682,1642,1119530,
8/23/2013,1640,1608,1645,1607,1274666,
8/22/2013,1606,1603,1619,1596,1008156,
8/21/2013,1607,1605,1613,1599,841072,
8/20/2013,1602,1594,1613,1590,1235194,
8/19/2013,1598,1581,1626,1575,1422828,
8/16/2013,1583,1610,1611,1573,1360972,
8/15/2013,1601,1605,1618,1593,1238696,
8/14/2013,1599,1606,1634,1592,1603374,
8/13/2013,1611,1580,1613,1576,1066990,
8/12/2013,1580,1539,1580,1534,1027806,
8/9/2013,1531,1520,1533,1509,737224,
8/8/2013,1517,1490,1520,1490,701888,
8/7/2013,1485,1476,1491,1473,667362,
8/6/2013,1481,1487,1488,1473,538010,
8/5/2013,1488,1486,1493,1483,494490,
8/2/2013,1486,1477,1487,1475,507756,
8/1/2013,1474,1465,1482,1461,747352,
7/31/2013,1459,1443,1461,1443,506432,
7/30/2013,1447,1452,1461,1443,641788,
7/29/2013,1451,1460,1463,1447,497148,
7/26/2013,1469,1481,1481,1467,506388,
7/25/2013,1477,1475,1487,1472,686340,
7/24/2013,1482,1486,1494,1467,1079428,
7/23/2013,1486,1477,1489,1472,618788,
7/22/2013,1479,1484,1492,1473,890366,
7/19/2013,1480,1473,1488,1469,1045156,
7/18/2013,1464,1460,1464,1449,906948,
7/17/2013,1460,1435,1474,1433,1768176,
7/16/2013,1433,1435,1436,1421,796046,
7/15/2013,1431,1442,1451,1426,886476,
7/12/2013,1442,1461,1461,1438,944118,
7/11/2013,1465,1456,1478,1453,1599172,
7/10/2013,1448,1420,1451,1403,1460766,
7/9/2013,1424,1428,1437,1423,770880,
7/8/2013,1426,1441,1443,1413,1107842,
7/5/2013,1445,1440,1452,1436,1004354,
7/4/2013,1441,1425,1442,1417,1203446,
7/3/2013,1426,1442,1445,1421,1576754,
7/2/2013,1445,1455,1457,1437,1160124,
7/1/2013,1447,1441,1452,1432,1043930,
6/28/2013,1445,1435,1459,1432,1377986,
6/27/2013,1439,1431,1449,1422,1469386,
6/26/2013,1424,1454,1457,1413,1486412,
6/25/2013,1446,1441,1458,1423,1716910,
6/24/2013,1437,1463,1476,1434,1572696,
6/21/2013,1465,1451,1482,1437,1565008,
6/20/2013,1471,1530,1531,1471,1290278,
6/19/2013,1459,1459,1461,1449,455406,
6/18/2013,1454,1452,1462,1446,745118,
6/17/2013,1451,1443,1484,1441,1129738,
6/14/2013,1439,1444,1444,1427,875956,
6/13/2013,1435,1428,1439,1425,830716,
6/7/2013,1439,1433,1444,1419,1216558,
6/6/2013,1432,1487,1487,1432,1488454,
6/5/2013,1493,1495,1501,1481,994364,
6/4/2013,1495,1490,1497,1479,1193790,
6/3/2013,1487,1475,1488,1460,1426134,
5/31/2013,1468,1497,1507,1466,1470990,
5/30/2013,1493,1478,1501,1473,1394858,
5/29/2013,1485,1513,1526,1482,1157216,
5/28/2013,1515,1517,1523,1502,1146642,
5/27/2013,1514,1540,1541,1513,1273552,
5/24/2013,1552,1551,1564,1545,1286296,
5/23/2013,1545,1560,1569,1539,1579364,
5/22/2013,1571,1558,1579,1556,1377770,
5/21/2013,1562,1564,1578,1543,1672332,
5/20/2013,1556,1549,1573,1547,1546402,
5/17/2013,1551,1520,1559,1510,2036898,
5/16/2013,1514,1515,1531,1490,1825312,
5/15/2013,1516,1570,1573,1514,1670130,
5/14/2013,1574,1572,1586,1550,2222010,
5/13/2013,1576,1545,1584,1533,1712494,
5/10/2013,1546,1509,1552,1505,1440250,
5/9/2013,1516,1537,1538,1509,987478,
5/8/2013,1533,1506,1534,1503,1110314,
5/7/2013,1504,1515,1534,1501,1540774,
5/6/2013,1517,1527,1531,1516,846512,
5/3/2013,1497,1480,1509,1477,1422380,
5/2/2013,1472,1468,1479,1456,746554,
4/26/2013,1499,1530,1539,1497,1252780,
4/25/2013,1515,1520,1525,1505,1456432,
4/24/2013,1518,1495,1539,1483,1933988,
4/23/2013,1492,1524,1528,1489,1248174,
4/22/2013,1520,1545,1551,1520,1249064,
4/19/2013,1548,1543,1554,1519,2106700,
4/18/2013,1530,1499,1535,1478,2381956,
4/17/2013,1526,1556,1567,1511,2027320,
4/16/2013,1551,1517,1557,1507,1553902,
4/15/2013,1548,1580,1581,1543,1282278,
4/12/2013,1599,1595,1610,1587,1489942,
4/11/2013,1597,1611,1629,1596,1179222,
4/10/2013,1613,1635,1638,1607,1031408,
4/9/2013,1630,1639,1648,1628,1492408,
4/8/2013,1635,1602,1637,1595,1372912,
4/3/2013,1619,1618,1635,1607,1430104,
4/2/2013,1621,1566,1627,1565,1719476,
4/1/2013,1570,1580,1594,1556,1322736,
3/29/2013,1581,1594,1612,1567,1430638,
3/28/2013,1609,1658,1661,1603,1221522,
3/27/2013,1658,1668,1671,1656,539962,
3/26/2013,1660,1678,1687,1654,1046330,
3/25/2013,1683,1687,1700,1680,843988,
3/22/2013,1679,1689,1707,1674,999740,
3/21/2013,1717,1690,1725,1683,907716,
3/20/2013,1684,1658,1691,1655,1068986,
3/19/2013,1674,1666,1680,1661,1166056,
3/18/2013,1658,1651,1687,1635,1519614,
3/15/2013,1668,1653,1723,1641,1787986,
3/14/2013,1653,1701,1704,1653,1020320,
3/13/2013,1715,1743,1743,1709,1292726,
3/12/2013,1735,1734,1744,1725,939008,
3/11/2013,1734,1745,1753,1726,958842,
3/8/2013,1750,1773,1776,1719,1392842,
3/7/2013,1763,1790,1791,1758,1094110,
3/6/2013,1791,1810,1826,1785,1251646,
3/5/2013,1805,1785,1813,1778,806138,
3/4/2013,1773,1822,1825,1765,1153906,
3/1/2013,1836,1858,1862,1794,1105194,
2/28/2013,1867,1848,1871,1848,605410,
2/27/2013,1842,1828,1845,1821,781000,
2/26/2013,1811,1827,1849,1806,694582,
2/25/2013,1839,1844,1859,1829,660502,
2/22/2013,1838,1861,1883,1837,553992,
2/21/2013,1885,1932,1936,1885,349374,
2/20/2013,1950,1975,1982,1939,569574,
2/19/2013,1975,1968,1983,1953,606028,
2/18/2013,1971,2015,2021,1968,255514,
2/8/2013,2023,2032,2038,2014,313006,
2/7/2013,2038,2062,2062,2005,655982,
2/6/2013,2058,2063,2070,2045,507472,
2/5/2013,1912,1914,1923,1903,382066,
2/4/2013,1920,1909,1931,1908,481356,
2/1/2013,1904,1905,1910,1893,653762,
1/31/2013,1902,1885,1903,1879,581438,
1/30/2013,1885,1889,1907,1882,678416,
1/29/2013,1886,1868,1894,1864,833934,
1/28/2013,1869,1871,1877,1859,587890,
1/25/2013,1872,1865,1882,1861,892776,
1/24/2013,1865,1877,1879,1846,1271828,
1/23/2013,1881,1872,1888,1861,1034876,
1/22/2013,1871,1865,1878,1841,1361254,
1/21/2013,1864,1870,1896,1855,1283254,
1/18/2013,1865,1838,1865,1816,1476788,
1/17/2013,1819,1792,1820,1773,1110000,
1/16/2013,1787,1805,1810,1763,1193316,
1/15/2013,1808,1825,1832,1799,1105384,
1/14/2013,1826,1765,1855,1756,1515978,
1/11/2013,1763,1815,1817,1759,1067364,
1/10/2013,1809,1816,1822,1799,916750,
1/9/2013,1813,1834,1837,1802,1023590,
1/8/2013,1833,1815,1845,1795,1166254,
1/7/2013,1816,1837,1854,1809,1016276,
1/4/2013,1839,1835,1844,1805,906888,
12/31/2012,1824,1762,1827,1758,1013368,
12/28/2012,1759,1728,1761,1723,690274,
12/27/2012,1729,1736,1782,1725,981414,
12/26/2012,1729,1706,1731,1704,592964,
12/25/2012,1706,1672,1717,1669,644762,
12/24/2012,1673,1679,1682,1664,333574,
12/21/2012,1677,1671,1692,1670,511584,
12/20/2012,1673,1674,1678,1655,481440,
12/19/2012,1679,1681,1683,1668,429974,
12/18/2012,1677,1672,1696,1668,861894,
12/17/2012,1669,1659,1676,1652,573088,
12/14/2012,1658,1615,1661,1615,714052,
12/13/2012,1619,1630,1631,1613,377036,
12/12/2012,1626,1624,1629,1613,550134,
12/11/2012,1622,1622,1631,1617,562774,
12/10/2012,1624,1605,1641,1604,782872,
12/7/2012,1604,1571,1607,1571,778410,
12/6/2012,1574,1587,1591,1570,436646,
12/5/2012,1586,1564,1592,1558,556300,
12/4/2012,1563,1563,1570,1552,417208,
12/3/2012,1561,1529,1569,1528,605960,
11/30/2012,1528,1538,1544,1517,797976,
11/29/2012,1533,1558,1560,1531,456184,
11/28/2012,1556,1565,1567,1552,366720,
11/27/2012,1568,1573,1574,1563,432476,
11/26/2012,1571,1586,1594,1571,242974,
11/23/2012,1588,1587,1591,1582,251390,
11/22/2012,1587,1596,1599,1583,525550,
11/21/2012,1593,1573,1594,1571,543968,
11/20/2012,1570,1572,1574,1564,383070,
11/19/2012,1566,1598,1600,1562,743300,
11/16/2012,1588,1574,1596,1574,599928,
11/15/2012,1573,1565,1579,1561,533652,
11/14/2012,1567,1570,1572,1563,443336,
11/13/2012,1568,1573,1581,1563,602254,
11/12/2012,1576,1557,1577,1557,772250,
11/9/2012,1560,1551,1571,1548,836748,
11/8/2012,1546,1536,1551,1529,922916,
11/7/2012,1551,1582,1585,1550,1238154,
11/6/2012,1580,1590,1598,1579,846046,
11/5/2012,1587,1585,1608,1575,1289018,
11/2/2012,1594,1593,1601,1573,805178,
11/1/2012,1595,1577,1600,1571,767678,
10/31/2012,1578,1568,1581,1551,848792,
10/30/2012,1566,1562,1576,1557,776034,
10/29/2012,1565,1609,1613,1561,1076962,
10/26/2012,1609,1620,1624,1592,1182954,
10/25/2012,1622,1633,1634,1601,1401676,
10/24/2012,1625,1601,1630,1580,1218940,
10/23/2012,1539,1575,1584,1528,472568,
10/22/2012,1573,1542,1573,1539,600962,
10/19/2012,1555,1580,1589,1551,747320,
10/18/2012,1583,1573,1587,1569,729082,
10/17/2012,1569,1554,1586,1554,1148298,
10/16/2012,1550,1534,1558,1525,935544,
10/15/2012,1529,1543,1565,1522,1005980,
10/12/2012,1555,1529,1576,1522,1194154,
10/11/2012,1527,1536,1546,1521,650576,
10/10/2012,1542,1523,1557,1517,846070,
10/9/2012,1525,1475,1527,1472,674568,
10/8/2012,1469,1461,1478,1458,259788,
9/28/2012,1465,1463,1470,1457,297668,
9/27/2012,1456,1435,1494,1433,539866,
9/26/2012,1438,1430,1446,1426,676200,
9/25/2012,1446,1450,1473,1438,992688,
9/24/2012,1444,1425,1449,1411,771598,
9/21/2012,1433,1439,1447,1414,1028886,
9/20/2012,1430,1452,1467,1428,911500,
9/19/2012,1466,1480,1487,1457,875038,
9/18/2012,1471,1422,1481,1416,1033932,
9/17/2012,1439,1439,1452,1411,846550,
9/14/2012,1449,1472,1508,1439,908718,
9/13/2012,1439,1450,1463,1434,971642,
9/12/2012,1452,1422,1468,1412,1112842,
9/11/2012,1421,1420,1435,1388,659548,
9/10/2012,1417,1376,1417,1372,527432,
9/7/2012,1358,1310,1358,1309,500732,
9/6/2012,1314,1302,1328,1288,647784,
9/5/2012,1296,1316,1339,1296,393218,
9/4/2012,1333,1380,1381,1333,386110,
9/3/2012,1382,1395,1398,1378,204084,
8/31/2012,1396,1392,1412,1383,232168,
8/30/2012,1401,1412,1415,1363,445930,
8/29/2012,1417,1438,1445,1401,246054,
8/28/2012,1444,1472,1473,1442,148298,
8/27/2012,1478,1483,1493,1472,130854,
8/24/2012,1477,1496,1505,1471,123866,
8/23/2012,1498,1491,1507,1485,126112,
8/22/2012,1489,1488,1507,1478,143974,
8/21/2012,1490,1521,1523,1479,187524,
8/20/2012,1521,1527,1534,1515,109646,
8/17/2012,1524,1523,1532,1513,121624,
8/16/2012,1517,1526,1535,1510,149048,
8/15/2012,1519,1507,1532,1496,159854,
8/14/2012,1512,1561,1566,1509,153536,
8/13/2012,1562,1580,1587,1560,80938,
8/10/2012,1582,1585,1596,1575,90646,
8/9/2012,1585,1580,1589,1576,72086,
8/8/2012,1577,1572,1585,1567,121220,
8/7/2012,1569,1562,1575,1556,103400,
8/6/2012,1565,1576,1588,1556,136276,
8/3/2012,1568,1583,1602,1558,151648,
8/2/2012,1590,1583,1595,1567,117074,
8/1/2012,1584,1555,1597,1555,120146,
7/31/2012,1567,1558,1573,1543,115768,
7/30/2012,1560,1595,1612,1548,162704,
7/27/2012,1600,1587,1603,1565,119854,
7/26/2012,1581,1576,1596,1540,167204,
7/25/2012,1563,1610,1623,1549,107060,
7/24/2012,1618,1590,1634,1585,75258,
7/23/2012,1597,1635,1642,1592,45084,
7/20/2012,1664,1733,1733,1664,44142,
7/19/2012,1728,1737,1744,1725,27800,
7/18/2012,1728,1730,1737,1702,34228,
7/17/2012,1719,1750,1751,1714,25986,
7/16/2012,1729,1788,1788,1725,44962,
7/13/2012,1782,1787,1794,1763,59956,
7/12/2012,1779,1730,1785,1721,66766,
7/11/2012,1726,1730,1738,1717,24614,
7/10/2012,1734,1730,1762,1730,29162,
7/9/2012,1739,1749,1755,1736,22896,
7/6/2012,1762,1765,1774,1751,37356,
7/5/2012,1771,1746,1773,1745,52132,
7/4/2012,1752,1735,1771,1724,68442,
7/3/2012,1731,1721,1738,1705,72222,
7/2/2012,1716,1689,1716,1649,72272,
6/29/2012,1667,1646,1673,1622,60408,
6/28/2012,1660,1680,1685,1651,26376,
6/27/2012,1678,1695,1699,1674,12680,
6/26/2012,1691,1702,1704,1675,23056,
6/25/2012,1696,1726,1737,1696,11210,
6/21/2012,1732,1745,1752,1727,7142,
6/20/2012,1765,1753,1767,1751,5920,
6/19/2012,1749,1743,1757,1743,5292,
6/18/2012,1749,1759,1760,1740,7124,
6/15/2012,1747,1740,1748,1732,6556,
6/14/2012,1732,1739,1755,1725,9258,
6/13/2012,1746,1756,1757,1735,6512,
6/12/2012,1755,1785,1786,1748,6660,
6/11/2012,1801,1799,1818,1792,5422,
6/8/2012,1785,1818,1818,1777,6844,
6/7/2012,1811,1823,1830,1805,3894,
6/6/2012,1816,1802,1819,1802,4100,
6/5/2012,1805,1802,1817,1798,5556,
6/4/2012,1791,1850,1850,1789,7146,
6/1/2012,1859,1865,1869,1858,2428,
5/31/2012,1868,1862,1871,1858,3360,
5/30/2012,1875,1881,1881,1868,4566,
5/29/2012,1886,1877,1890,1876,8442,
5/28/2012,1883,1872,1888,1866,4782,
5/25/2012,1867,1861,1868,1851,4384,
5/24/2012,1863,1855,1865,1851,3980,
5/23/2012,1858,1865,1874,1850,6614,
5/22/2012,1884,1891,1895,1876,7786,
5/21/2012,1884,1876,1893,1874,5468,
5/18/2012,1868,1877,1880,1860,5736,
5/17/2012,1884,1879,1886,1863,6482,
5/16/2012,1869,1890,1895,1868,4234,
5/15/2012,1897,1905,1908,1882,7826,
5/14/2012,1902,1977,1977,1892,11120,
5/11/2012,1971,1978,1980,1951,10884,
5/10/2012,1980,1973,1983,1967,5498,
5/9/2012,1974,1965,1979,1962,7742,
5/8/2012,1968,1999,1999,1966,9182,
5/7/2012,1997,1994,2003,1986,5024,
5/4/2012,2000,1980,2001,1980,3816,
5/3/2012,1994,2003,2015,1991,5938,
5/2/2012,2006,2016,2016,2002,2972,
4/27/2012,2009,2024,2028,2009,2772,
4/26/2012,2020,2015,2021,2011,2608,
4/25/2012,2019,2015,2021,1996,7398,
4/24/2012,2014,2009,2019,2005,4296,
4/23/2012,2009,2057,2060,2005,7654,
4/20/2012,2056,2054,2065,2048,2648,
4/19/2012,2055,2053,2057,2046,2896,
4/18/2012,2057,2085,2085,2056,3406,
4/17/2012,2082,2084,2087,2079,938,
4/16/2012,2084,2085,2094,2079,1766,
4/13/2012,2092,2111,2113,2091,1690,
4/12/2012,2106,2100,2112,2100,2234,
4/11/2012,2007,1995,2009,1995,1232,
4/10/2012,2002,1991,2002,1991,1098,
4/9/2012,1999,2011,2011,1998,1114,
4/6/2012,2009,2012,2019,2007,808,
4/5/2012,2020,2021,2023,2013,988,
3/30/2012,2026,2021,2027,2021,872,
3/29/2012,2025,2026,2027,2021,938,
3/28/2012,2027,2040,2040,2025,1402,
3/27/2012,2042,2050,2052,2041,1324,
3/26/2012,2044,2046,2055,2042,1950,
3/23/2012,2047,2037,2049,2032,2420,
3/22/2012,2038,2038,2042,2024,3836,
3/21/2012,2038,2020,2038,2020,4312,
3/20/2012,2024,2010,2028,2004,5478,
3/19/2012,2007,2023,2024,1999,2718,
3/16/2012,2018,2030,2031,2010,2794,
3/15/2012,2021,2025,2039,2012,4470,
3/14/2012,2032,2066,2068,2031,3800,
3/13/2012,2061,2055,2062,2054,1682,
3/12/2012,2054,2068,2069,2051,2224,
3/9/2012,2066,2054,2070,2053,2304,
3/8/2012,2053,2045,2057,2045,1494,
3/7/2012,2043,2051,2058,2041,1826,
3/6/2012,2064,2063,2069,2060,1936,
3/5/2012,2066,2088,2093,2066,3028,
3/2/2012,2090,2081,2098,2075,3384,
3/1/2012,2073,2087,2087,2073,1940,
2/29/2012,2091,2082,2092,2081,1570,
2/28/2012,2085,2080,2087,2080,1310,
2/27/2012,2081,2071,2085,2069,2558,
2/24/2012,2065,2068,2077,2061,3618,
2/23/2012,2065,2066,2066,2059,1722,
2/22/2012,2067,2070,2071,2062,2122,
2/21/2012,2061,2051,2064,2047,3716,
2/20/2012,2050,2053,2062,2046,4356,
2/17/2012,2043,2052,2059,2042,2760,
2/16/2012,2045,2052,2063,2036,5152,
2/15/2012,2060,2066,2076,2059,4864,
2/14/2012,2063,2072,2074,2062,2926,
2/13/2012,2071,2080,2080,2065,3540,
2/10/2012,2075,2088,2094,2071,5432,
2/9/2012,2083,2104,2124,2078,10050,
2/8/2012,2111,2094,2116,2094,4482,
2/7/2012,2092,2111,2121,2091,4610,
2/6/2012,2111,2097,2122,2088,8464,
2/3/2012,2084,2080,2091,2072,3480,
2/2/2012,2082,2081,2092,2073,2986,
2/1/2012,2080,2095,2098,2075,3766,
1/31/2012,2095,2091,2103,2086,4914,
1/30/2012,2088,2074,2118,2070,8012,
1/20/2012,2071,2073,2082,2068,2628,
1/19/2012,2072,2068,2094,2062,5798,
1/18/2012,2064,2071,2078,2056,4078,
1/17/2012,2065,2050,2076,2041,6068,
1/16/2012,2045,2030,2052,2024,4584,
1/13/2012,2041,2062,2086,2040,8654,
1/12/2012,2066,2060,2070,2056,5262,
1/11/2012,2064,2041,2076,2037,15130,
1/10/2012,2038,2035,2049,2021,7208,
1/9/2012,2033,2030,2040,2025,3984,
1/6/2012,2034,1992,2042,1992,13566,
1/5/2012,1999,1992,1999,1978,2612,
1/4/2012,1990,2018,2018,1990,3578,
12/30/2011,2000,1991,2007,1987,5146,
12/29/2011,1984,1973,1987,1972,3214,
12/28/2011,1983,1961,1993,1959,9040,
12/27/2011,1956,1956,1962,1951,2282,
12/26/2011,1956,1972,1980,1951,6246,
12/23/2011,1969,1977,1978,1968,3238,
12/22/2011,1977,1976,1978,1959,3992,
12/21/2011,1977,1985,1988,1975,3410,
12/20/2011,1974,1972,1986,1965,6080,
12/19/2011,1968,1964,1974,1953,5412,
12/16/2011,1969,1933,1970,1929,6894,
12/15/2011,1926,1912,1935,1911,3962,
12/14/2011,1949,1958,1960,1941,3496,
12/13/2011,1961,1959,1964,1943,3814,
12/12/2011,1957,1998,1998,1956,5448,
12/9/2011,1992,1988,2004,1980,3454,
12/8/2011,1990,1988,2000,1976,3858,
12/7/2011,2000,2000,2003,1993,2888,
12/6/2011,1974,1996,1996,1955,9064,
12/5/2011,2000,1998,2002,1992,3154,
12/1/2011,2006,2030,2047,1994,13590,
11/30/2011,1993,1974,2029,1971,28988,
11/29/2011,1972,1964,1975,1955,4094,
11/28/2011,1963,1975,1978,1953,4710,
11/25/2011,1963,1966,1978,1958,3620,
11/24/2011,1972,1980,1980,1951,5382,
11/23/2011,1973,1986,1994,1972,4162,
11/22/2011,1990,1987,1999,1983,6434,
11/21/2011,1993,2002,2023,1987,13884,
11/18/2011,2009,2006,2019,1994,12394,
11/17/2011,2023,2025,2044,2012,22168,
11/16/2011,2015,2030,2049,2011,30838,
11/15/2011,2038,2018,2083,2010,54802,
11/14/2011,2029,2050,2058,2021,24824,
11/11/2011,2039,1950,2039,1950,20250,
11/10/2011,1946,1888,1965,1888,5250,
11/9/2011,1979,1986,1990,1971,2834,
11/8/2011,1978,1964,1983,1964,5784,
11/7/2011,1962,1961,1968,1956,2736,
11/4/2011,1967,1959,1970,1947,4140,
11/3/2011,1935,1936,1947,1933,2912,
11/2/2011,1947,1931,1950,1921,3430,
11/1/2011,1955,1955,1971,1946,3786,
10/31/2011,1960,1980,1981,1951,3488,
10/28/2011,1980,2000,2016,1974,6508,
10/27/2011,1972,1970,1978,1965,5800,
10/26/2011,1968,1950,1978,1950,7842,
10/25/2011,1968,1960,2006,1953,12442,
10/24/2011,1961,1940,1986,1907,11968,
10/21/2011,1919,1898,1924,1892,7960,
10/20/2011,1890,1951,1960,1888,8622,
10/19/2011,1982,2003,2005,1973,6074,
10/18/2011,1987,2010,2010,1983,10466,
10/17/2011,2016,2061,2066,2012,10130,
10/14/2011,2057,2056,2064,2052,2874,
10/13/2011,2061,2063,2067,2053,2672,
10/12/2011,2063,2058,2066,2042,4508,
10/11/2011,2054,2059,2075,2052,6444,
10/10/2011,2046,2056,2087,2040,3746,
9/30/2011,2038,2030,2041,2026,6232,
9/29/2011,2022,2050,2050,2002,8830,
9/28/2011,2087,2110,2113,2074,6284,
9/27/2011,2106,2088,2116,2088,9742,
9/26/2011,2073,2145,2150,2072,10074,
9/23/2011,2141,2150,2187,2130,17094,
9/22/2011,2190,2221,2221,2165,12174,
9/21/2011,2233,2211,2245,2211,17342,
9/20/2011,2213,2211,2219,2195,7818,
9/19/2011,2220,2240,2245,2217,6476,
9/16/2011,2239,2237,2245,2226,4712,
9/15/2011,2230,2225,2238,2224,3602,
9/14/2011,2222,2236,2237,2213,3678,
9/13/2011,2232,2250,2251,2230,2136,
9/9/2011,2243,2238,2244,2233,2756,
9/8/2011,2238,2250,2256,2237,3884,
9/7/2011,2249,2243,2255,2238,6096,
9/6/2011,2243,2212,2248,2212,11200,
9/5/2011,2218,2210,2233,2206,5772,
9/2/2011,2215,2238,2239,2205,6756,
9/1/2011,2238,2245,2249,2235,4984,
8/31/2011,2242,2220,2252,2217,12854,
8/30/2011,2213,2213,2221,2206,6076,
8/29/2011,2209,2219,2220,2199,7416,
8/26/2011,2213,2210,2226,2206,12904,
8/25/2011,2215,2187,2217,2178,21664,
8/24/2011,2187,2165,2191,2149,30332,
8/23/2011,2155,2245,2250,2142,24152,
8/22/2011,2242,2252,2279,2235,6394,
8/19/2011,2254,2260,2276,2241,2174,
8/18/2011,2282,2309,2314,2261,1816,
8/17/2011,2156,2159,2175,2149,1804,
8/16/2011,2167,2197,2197,2162,1472,
8/15/2011,2197,2226,2229,2193,1410,
8/12/2011,2225,2244,2244,2220,610,
8/11/2011,2229,2214,2236,2214,668,
8/10/2011,2234,2240,2250,2231,742,
8/9/2011,2229,2260,2260,2180,2930,
8/8/2011,2270,2290,2290,2266,3502,
8/5/2011,2297,2295,2312,2285,8058,
8/4/2011,2303,2285,2304,2282,2588,
8/3/2011,2285,2286,2288,2283,1316,
8/2/2011,2285,2285,2287,2282,1478,
8/1/2011,2285,2287,2288,2282,1748,
7/29/2011,2285,2288,2291,2284,2262,
7/28/2011,2285,2283,2294,2280,4140,
7/27/2011,2284,2293,2293,2283,2342,
7/26/2011,2289,2290,2293,2280,2430,
7/25/2011,2286,2285,2298,2282,4536,
7/22/2011,2286,2279,2293,2276,3014,
7/21/2011,2286,2300,2300,2283,6128,
7/20/2011,2298,2308,2314,2296,6294,
7/19/2011,2305,2306,2310,2302,2810,
7/18/2011,2305,2307,2314,2303,5970,
7/15/2011,2303,2303,2309,2298,3296,
7/14/2011,2305,2316,2316,2297,6374,
7/13/2011,2310,2304,2313,2300,5688,
7/12/2011,2297,2306,2315,2290,7230,
7/11/2011,2304,2303,2316,2302,6404,
7/8/2011,2307,2316,2322,2302,12320,
7/7/2011,2311,2340,2348,2307,19208,
7/6/2011,2342,2321,2345,2316,22492,
7/5/2011,2315,2317,2322,2306,9450,
7/4/2011,2316,2299,2325,2293,15622,
7/1/2011,2296,2308,2317,2295,7398,
6/30/2011,2309,2299,2312,2296,11084,
6/29/2011,2296,2310,2313,2288,10906,
6/28/2011,2303,2316,2338,2302,18786,
6/27/2011,2308,2296,2318,2291,12430,
6/24/2011,2302,2318,2323,2300,13368,
6/23/2011,2318,2287,2322,2280,23256,
6/22/2011,2288,2290,2296,2283,6136,
6/21/2011,2295,2288,2300,2270,10346,
6/20/2011,2281,2306,2310,2280,8336,
6/17/2011,2307,2310,2320,2304,6440,
6/16/2011,2307,2315,2321,2299,9420,
6/15/2011,2323,2339,2342,2321,9736,
6/14/2011,2334,2313,2353,2313,42350,
6/13/2011,2320,2306,2321,2295,9360,
6/10/2011,2311,2324,2324,2306,12900,
6/9/2011,2318,2330,2333,2318,8022,
6/8/2011,2326,2338,2338,2320,7924,
6/7/2011,2331,2321,2341,2312,15600,
6/3/2011,2326,2340,2344,2320,16864,
6/2/2011,2339,2351,2363,2337,18632,
6/1/2011,2359,2370,2375,2357,13608,
5/31/2011,2364,2370,2378,2361,15208,
5/30/2011,2365,2370,2382,2360,16418,
5/27/2011,2371,2379,2380,2351,21708,
5/26/2011,2378,2385,2398,2377,19554,
5/25/2011,2375,2382,2385,2366,18206,
5/24/2011,2380,2356,2380,2345,30504,
5/23/2011,2357,2388,2389,2350,18982,
5/20/2011,2376,2364,2392,2362,37048,
5/19/2011,2367,2394,2394,2363,47602,
5/18/2011,2372,2400,2423,2370,70386,
5/17/2011,2391,2414,2417,2371,57660,
5/16/2011,2407,2415,2423,2396,57056,
5/13/2011,2419,2360,2444,2353,134808,
5/12/2011,2344,2290,2352,2288,61826,
5/11/2011,2314,2293,2338,2286,30078,
5/10/2011,2287,2285,2288,2275,7890,
5/9/2011,2280,2280,2284,2273,7240,
5/6/2011,2271,2255,2289,2255,14736,
5/5/2011,2308,2309,2319,2293,13896,
5/4/2011,2329,2341,2346,2320,14518,
5/3/2011,2344,2330,2354,2326,26594,
4/29/2011,2329,2337,2343,2323,17654,
4/28/2011,2337,2330,2347,2326,26286,
4/27/2011,2320,2332,2339,2315,32038,
4/26/2011,2322,2315,2329,2303,44336,
4/25/2011,2329,2340,2359,2317,64954,
4/22/2011,2330,2336,2351,2297,128218,
4/21/2011,2335,2353,2363,2323,97576,
4/20/2011,2343,2350,2395,2328,175506,
4/19/2011,2336,2375,2384,2320,204462,
4/18/2011,2381,2233,2388,2233,132702,
4/15/2011,2247,2300,2300,2226,57134,
