4/15/2016,5615,5625,5674,5575,1360326
4/14/2016,5621,5574,5624,5563,861088
4/13/2016,5575,5562,5627,5562,1248080
4/12/2016,5561,5555,5584,5546,602662
4/11/2016,5561,5568,5601,5561,724882
4/8/2016,5571,5620,5623,5556,786452
4/7/2016,5623,5605,5629,5602,532826
4/6/2016,5607,5630,5638,5596,622166
4/5/2016,5482,5440,5486,5425,27034
4/1/2016,5610,5573,5622,5561,891094
3/31/2016,5575,5590,5590,5553,564416
3/30/2016,5577,5555,5585,5548,502874
3/29/2016,5557,5594,5621,5551,858720
3/28/2016,5586,5610,5625,5583,715464
3/25/2016,5605,5553,5608,5540,778744
3/24/2016,5579,5588,5608,5556,878302
3/23/2016,5588,5616,5645,5583,855762
3/22/2016,5618,5592,5628,5578,946506
3/21/2016,5592,5562,5606,5536,938632
3/18/2016,5564,5544,5591,5535,1237550
3/17/2016,5538,5487,5542,5481,1148902
3/16/2016,5490,5470,5494,5462,719380
3/15/2016,5477,5480,5506,5451,1065162
3/14/2016,5473,5480,5511,5440,1298434
3/11/2016,5475,5427,5481,5418,833168
3/10/2016,5420,5481,5493,5409,1000506
3/9/2016,5474,5408,5482,5372,954718
3/8/2016,5407,5450,5486,5405,897738
3/7/2016,5452,5494,5582,5451,840362
3/4/2016,5488,5460,5517,5460,554868
3/3/2016,5460,5473,5508,5457,377292
3/2/2016,5478,5474,5510,5439,470668
3/1/2016,5466,5459,5477,5427,357152
2/29/2016,5338,5425,5438,5320,1376758
2/26/2016,5420,5411,5443,5409,816604
2/25/2016,5411,5428,5442,5408,718494
2/24/2016,5434,5400,5452,5399,1398460
2/23/2016,5385,5348,5393,5340,982674
2/22/2016,5346,5348,5365,5318,930636
2/19/2016,5354,5318,5359,5297,1098380
2/18/2016,5310,5309,5342,5306,747904
2/17/2016,5311,5355,5361,5306,1157668
2/16/2016,5353,5400,5416,5346,1163378
2/15/2016,5399,5430,5460,5393,404998
2/5/2016,5433,5409,5433,5392,456816
2/4/2016,5411,5391,5430,5363,884834
2/3/2016,5387,5385,5408,5371,934140
2/2/2016,5384,5369,5386,5356,912770
2/1/2016,5370,5394,5409,5357,1177322
1/29/2016,5387,5430,5448,5382,1360650
1/28/2016,5431,5452,5460,5423,1181924
1/27/2016,5462,5455,5473,5384,2032138
1/26/2016,5444,5432,5454,5417,1161134
1/25/2016,5435,5488,5507,5431,1200984
1/22/2016,5474,5453,5508,5445,1213904
1/21/2016,5441,5471,5487,5431,1304794
1/20/2016,5471,5517,5535,5465,1125852
1/19/2016,5519,5485,5535,5462,1275412
1/18/2016,5481,5417,5495,5409,1468948
1/15/2016,5421,5449,5476,5420,1310750
1/14/2016,5456,5478,5480,5429,1227242
1/13/2016,5465,5455,5488,5416,1547032
1/12/2016,5451,5466,5480,5444,1124232
1/11/2016,5470,5568,5576,5465,1525062
1/8/2016,5559,5534,5578,5526,1120572
1/7/2016,5530,5539,5573,5492,1440974
1/6/2016,5545,5590,5600,5530,1355252
1/5/2016,5599,5603,5621,5580,1026492
1/4/2016,5613,5663,5696,5585,943326
12/31/2015,5665,5645,5672,5635,996120
12/30/2015,5630,5637,5689,5626,1421986
12/29/2015,5634,5575,5638,5570,1044892
12/28/2015,5579,5626,5639,5578,969116
12/25/2015,5630,5603,5645,5594,1076250
12/24/2015,5605,5616,5635,5597,1041950
12/23/2015,5615,5643,5644,5563,1619506
12/22/2015,5647,5662,5672,5635,1162976
12/21/2015,5669,5558,5685,5544,1936250
12/18/2015,5551,5536,5565,5527,1152032
12/17/2015,5531,5520,5593,5515,1504044
12/16/2015,5532,5541,5562,5526,1328004
12/15/2015,5539,5527,5580,5507,1458940
12/14/2015,5547,5530,5562,5515,1327764
12/11/2015,5530,5418,5537,5413,1812814
12/10/2015,5432,5453,5477,5431,1129042
12/9/2015,5446,5501,5515,5442,1453162
12/8/2015,5495,5546,5564,5480,1453322
12/7/2015,5555,5505,5558,5491,1140602
12/4/2015,5503,5551,5588,5499,1673758
12/3/2015,5551,5575,5587,5542,1173920
12/2/2015,5585,5524,5614,5512,1616734
12/1/2015,5530,5500,5569,5476,1771802
11/30/2015,5504,5555,5574,5489,1269908
11/27/2015,5541,5570,5603,5533,1279064
11/26/2015,5576,5555,5627,5522,1579040
11/25/2015,5560,5560,5588,5512,1386012
11/24/2015,5543,5456,5559,5456,1436476
11/23/2015,5477,5350,5535,5334,1724564
11/20/2015,5350,5316,5355,5283,861784
11/19/2015,5319,5287,5326,5250,979182
11/18/2015,5293,5392,5395,5291,758744
11/17/2015,5392,5397,5399,5355,534770
11/16/2015,5412,5426,5473,5405,1534908
11/13/2015,5426,5396,5447,5388,1671214
11/12/2015,5401,5386,5422,5361,1754770
11/11/2015,5382,5370,5412,5341,1951602
11/10/2015,5365,5428,5430,5319,1907150
11/9/2015,5435,5438,5464,5425,1191164
11/6/2015,5438,5483,5485,5419,1619036
11/5/2015,5475,5524,5533,5456,1645180
11/4/2015,5522,5471,5523,5458,1272780
11/3/2015,5467,5467,5504,5461,1491704
11/2/2015,5474,5505,5521,5454,1824754
10/30/2015,5502,5526,5542,5498,1501376
10/29/2015,5534,5575,5597,5528,1869792
10/28/2015,5567,5554,5596,5541,1908608
10/27/2015,5558,5545,5566,5495,2024828
10/26/2015,5536,5586,5587,5529,1972702
10/23/2015,5581,5589,5590,5551,2123502
10/22/2015,5578,5591,5619,5567,2500480
10/21/2015,5592,5580,5595,5533,2470804
10/20/2015,5582,5533,5584,5507,2483764
10/19/2015,5543,5582,5591,5532,2237902
10/16/2015,5585,5670,5672,5571,2322632
10/15/2015,5674,5665,5697,5644,1773128
10/14/2015,5655,5657,5675,5616,1911228
10/13/2015,5662,5652,5678,5628,2032366
10/12/2015,5659,5713,5725,5637,2155294
10/9/2015,5695,5675,5712,5653,1897230
10/8/2015,5512,5734,5734,5512,24
9/30/2015,5629,5562,5633,5530,1945728
9/29/2015,5550,5610,5617,5524,1906278
9/28/2015,5615,5590,5618,5564,1329044
9/25/2015,5569,5590,5623,5554,2410196
9/24/2015,5595,5559,5600,5544,2761686
9/23/2015,5543,5484,5546,5466,2489378
9/22/2015,5502,5483,5549,5471,3193876
9/21/2015,5487,5413,5488,5369,2543094
9/18/2015,5434,5480,5488,5412,2001180
9/17/2015,5485,5496,5510,5462,2294824
9/16/2015,5494,5454,5508,5426,2542400
9/15/2015,5469,5502,5527,5434,2362640
9/14/2015,5501,5531,5561,5478,2543040
9/11/2015,5506,5481,5531,5463,2608336
9/10/2015,5508,5302,5538,5298,3360972
9/9/2015,5302,5320,5359,5297,1652876
9/8/2015,5297,5260,5328,5238,1455768
9/7/2015,5001,4928,5011,4928,648
9/2/2015,5182,5189,5224,5139,1293444
9/1/2015,5152,5222,5242,5150,1254194
8/31/2015,5243,5290,5293,5215,1181388
8/28/2015,5289,5228,5366,5208,1676756
8/27/2015,5199,5135,5217,5101,1223014
8/26/2015,5137,5153,5226,5136,1343182
8/25/2015,5129,5078,5168,5043,1730820
8/24/2015,5095,5307,5307,5095,1869406
8/21/2015,5318,5319,5334,5283,1189982
8/20/2015,5314,5350,5386,5292,1444220
8/19/2015,5361,5351,5378,5266,1712240
8/18/2015,5354,5400,5406,5348,1133140
8/17/2015,5392,5317,5399,5310,1302828
8/14/2015,5314,5326,5343,5285,1273720
8/13/2015,5343,5170,5348,5135,1672374
8/12/2015,5168,5138,5174,5110,848072
8/11/2015,5153,5024,5195,5021,1383092
8/10/2015,5034,5056,5080,4995,1322688
8/7/2015,5079,5125,5147,4988,1723406
8/6/2015,5133,5261,5267,5130,789296
8/5/2015,5259,5239,5275,5217,668350
8/4/2015,5244,5193,5256,5170,730108
8/3/2015,5212,5323,5338,5208,749422
7/31/2015,5319,5336,5346,5305,774346
7/30/2015,5334,5235,5342,5220,1080878
7/29/2015,5223,5190,5240,5185,609366
7/28/2015,5184,5160,5210,5146,685500
7/27/2015,5164,5221,5236,5133,854874
7/24/2015,5234,5220,5257,5211,718412
7/23/2015,5227,5326,5338,5225,1027278
7/22/2015,5334,5360,5378,5324,552394
7/21/2015,5355,5361,5388,5320,773988
7/20/2015,5384,5356,5400,5344,835650
7/17/2015,5357,5304,5386,5245,987506
7/16/2015,5325,5394,5401,5311,793328
7/15/2015,5417,5452,5472,5398,547276
7/14/2015,5437,5444,5486,5425,611554
7/13/2015,5442,5450,5475,5405,633406
7/10/2015,5435,5435,5513,5413,1099492
7/9/2015,5424,5200,5555,5093,1539722
7/8/2015,5410,5615,5615,5410,718748
7/7/2015,5622,5618,5691,5584,890814
7/6/2015,5609,5601,5652,5557,747108
7/3/2015,5599,5634,5665,5588,665494
7/2/2015,5627,0,0,5623,556822
7/1/2015,5693,5675,5721,5660,675328
6/30/2015,5663,5684,5697,5612,779280
6/29/2015,5686,5605,5699,5581,783738
6/26/2015,5588,5583,5614,5545,549348
6/25/2015,5586,5605,5639,5585,474200
6/24/2015,5593,5588,5600,5540,399610
6/23/2015,5333,5297,5353,5295,275128
6/19/2015,5269,5316,5320,5237,641982
6/18/2015,5317,5299,5360,5284,713378
6/17/2015,5297,5335,5337,5233,933620
6/16/2015,5325,5374,5424,5301,737448
6/15/2015,5385,5508,5508,5383,694984
6/12/2015,5496,5541,5550,5481,615792
6/11/2015,5545,5574,5582,5545,345072
6/10/2015,5569,5570,5586,5535,296454
6/9/2015,5564,5588,5611,5550,323588
6/8/2015,5576,5571,5589,5560,301206
6/5/2015,5576,5629,5645,5568,514494
6/4/2015,5617,5589,5636,5567,666890
6/3/2015,5589,5620,5646,5582,603294
6/2/2015,5608,5535,5610,5534,612476
6/1/2015,5539,5547,5566,5525,495142
5/29/2015,5537,5506,5553,5480,644832
5/28/2015,5509,5475,5548,5471,809752
5/27/2015,5495,5470,5510,5353,646820
5/26/2015,5474,5445,5654,5445,1649618
5/25/2015,5455,5492,5496,5435,619148
5/22/2015,5501,5465,5504,5452,725944
5/21/2015,5470,5438,5476,5418,839586
5/20/2015,5426,5551,5552,5423,1497124
5/19/2015,5553,5561,5586,5527,715120
5/18/2015,5561,5544,5562,5521,581080
5/15/2015,5540,5562,5568,5482,1203740
5/14/2015,5558,5582,5626,5526,1056932
5/13/2015,5584,5555,5592,5539,721296
5/12/2015,5551,5580,5596,5520,694904
5/11/2015,5580,5550,5595,5523,831570
5/8/2015,5537,5608,5629,5535,1119096
5/7/2015,5602,5620,5627,5578,662790
5/6/2015,5620,5602,5661,5592,958946
5/5/2015,5589,5519,5599,5505,1136358
5/4/2015,5522,5534,5553,5503,477620
4/30/2015,5540,5561,5589,5524,1016966
4/29/2015,5569,5573,5607,5555,1052450
4/28/2015,5567,5596,5607,5533,1140022
4/27/2015,5587,5611,5622,5556,1007782
4/24/2015,5600,5566,5608,5548,1294940
4/23/2015,5549,5642,5681,5441,2597996
4/22/2015,5645,5608,5672,5578,1317862
4/21/2015,5606,5595,5624,5573,985346
4/20/2015,5613,5589,5644,5585,1111344
4/17/2015,5609,5530,5633,5502,1750102
4/16/2015,5516,5526,5548,5484,1368658
4/15/2015,5535,5530,5568,5515,1129204
4/14/2015,5542,5518,5560,5509,1136662
4/13/2015,5529,5448,5557,5411,1591312
4/10/2015,5446,5395,5464,5360,1340334
4/9/2015,5410,5414,5452,5367,1247136
4/8/2015,5412,5353,5429,5313,1372684
4/7/2015,5362,5366,5398,5341,469586
4/3/2015,5387,5433,5445,5321,1564406
4/2/2015,5422,5428,5438,5394,987404
4/1/2015,5414,5360,5433,5338,1416876
3/31/2015,5363,5380,5406,5323,1274102
3/30/2015,5380,5313,5411,5297,1925636
3/27/2015,5307,5240,5326,5190,1480670
3/26/2015,5246,5236,5253,5192,1093244
3/25/2015,5224,5280,5285,5184,1423280
3/24/2015,5254,5071,5254,5070,1624458
3/23/2015,5074,4978,5090,4976,1016606
3/20/2015,4998,4984,5013,4956,1021586
3/19/2015,5006,5018,5026,4966,922338
3/18/2015,5012,5065,5083,4993,1018006
3/17/2015,5070,5075,5094,5055,734254
3/16/2015,5066,5051,5090,5020,1168844
3/13/2015,5080,5051,5085,5029,1011052
3/12/2015,5050,4956,5052,4956,833634
3/11/2015,4955,4926,4994,4912,1147178
3/10/2015,4950,4920,4990,4920,893046
3/9/2015,4926,5102,5110,4918,1592968
3/6/2015,5094,5106,5166,5089,667438
3/5/2015,5097,5149,5165,5080,558088
3/4/2015,5153,5171,5208,5142,526764
3/3/2015,5178,5214,5223,5164,544544
3/2/2015,5209,5110,5219,5102,682424
2/27/2015,5113,5050,5155,5042,607690
2/26/2015,5041,5065,5072,5006,427900
2/25/2015,5004,5065,5085,4990,480418
2/17/2015,5190,5172,5194,5143,156396
2/16/2015,5172,5163,5203,5138,324954
2/13/2015,5121,5124,5148,5089,1534576
2/12/2015,5124,5100,5138,5080,1791832
2/11/2015,5107,5084,5114,5070,1239574
2/10/2015,5088,5020,5112,5006,1711694
2/9/2015,5010,4991,5034,4967,1403386
2/6/2015,5007,4986,5025,4950,1501108
2/5/2015,4974,5022,5037,4966,1335202
2/4/2015,4999,5024,5057,4998,1637364
2/3/2015,5003,5020,5041,4926,1652622
2/2/2015,5017,4907,5030,4880,1460318
1/30/2015,4907,4968,4976,4898,1400906
1/29/2015,4982,4988,5015,4964,1098980
1/28/2015,4980,5059,5064,4951,1840252
1/27/2015,5082,5017,5134,5002,1893456
1/26/2015,5005,5026,5049,4955,1608128
1/23/2015,5039,4979,5042,4961,1952982
1/22/2015,4986,4966,5005,4944,1098298
1/21/2015,4958,4822,4999,4811,1879408
1/20/2015,4806,4806,4824,4790,651474
1/19/2015,4809,4708,4833,4698,1516952
1/16/2015,4718,4732,4758,4701,1004412
1/15/2015,4702,4740,4745,4685,766794
1/14/2015,4710,4729,4762,4662,1078952
1/13/2015,4725,4750,4756,4706,681012
1/12/2015,4756,4676,4771,4667,960484
1/9/2015,4676,4659,4709,4656,900240
1/8/2015,4673,4660,4686,4657,850562
1/7/2015,4660,4587,4694,4586,1183202
1/6/2015,4586,4531,4616,4531,632142
1/5/2015,4552,4580,4580,4525,516190
12/31/2014,4619,4600,4646,4584,885900
12/30/2014,4601,4570,4616,4563,633234
12/29/2014,4576,4546,4620,4530,797394
12/26/2014,4541,4555,4564,4532,452452
12/25/2014,4545,4550,4553,4501,808860
12/24/2014,4555,4542,4569,4518,530806
12/23/2014,4536,4586,4598,4528,592650
12/22/2014,4580,4564,4581,4521,700038
12/19/2014,4544,4575,4623,4541,667092
12/18/2014,4565,4505,4594,4502,736820
12/17/2014,4515,4559,4568,4506,895296
12/16/2014,4583,4624,4643,4558,1006864
12/15/2014,4614,4603,4638,4562,802692
12/12/2014,4596,4629,4656,4593,800700
12/11/2014,4660,4697,4720,4641,837570
12/10/2014,4696,4564,4696,4552,972066
12/9/2014,4550,4534,4554,4468,830278
12/8/2014,4517,4565,4585,4506,689646
12/5/2014,4553,4543,4598,4532,573974
12/4/2014,4543,4521,4575,4517,636360
12/3/2014,4530,4534,4538,4492,712620
12/2/2014,4578,4595,4630,4571,449882
12/1/2014,4565,4550,4592,4542,728502
11/28/2014,4610,4670,4682,4604,880798
11/27/2014,4689,4703,4705,4658,615558
11/26/2014,4681,4693,4726,4671,779748
11/25/2014,4702,4650,4715,4643,855000
11/24/2014,4653,4699,4702,4631,868656
11/21/2014,4693,4730,4734,4675,871172
11/20/2014,4697,4699,4725,4682,838368
11/19/2014,4687,4761,4771,4667,1148582
11/18/2014,4782,4769,4789,4734,953196
11/17/2014,4793,4767,4865,4725,1221756
11/14/2014,4779,4745,4796,4732,844770
11/13/2014,4778,4821,4827,4766,786968
11/12/2014,4839,4800,4844,4778,969834
11/11/2014,4735,4689,4761,4663,954562
11/10/2014,4697,4720,4733,4673,538598
11/7/2014,4651,4480,4653,4480,922556
11/6/2014,4507,4477,4511,4468,462138
11/5/2014,4490,4525,4534,4482,601262
11/4/2014,4562,4588,4597,4544,674434
11/3/2014,4611,4642,4650,4589,692996
10/31/2014,4678,4635,4690,4605,797204
10/30/2014,4641,4645,4687,4630,704218
10/29/2014,4629,4630,4635,4577,819374
10/28/2014,4577,4618,4646,4573,928862
10/27/2014,4640,4688,4719,4631,971662
10/24/2014,4688,4677,4693,4654,983464
10/23/2014,4718,4677,4734,4661,1673316
10/22/2014,4685,4615,4709,4602,2296994
10/21/2014,4634,4609,4680,4588,1329420
10/20/2014,4609,4569,4614,4557,593362
10/17/2014,4567,4650,4657,4542,1149576
10/16/2014,4624,4607,4630,4590,757598
10/15/2014,4657,4550,4686,4539,1727784
10/14/2014,4547,4545,4556,4506,616878
10/13/2014,4533,4479,4546,4466,807344
10/10/2014,4486,4508,4527,4480,758238
10/9/2014,4553,4575,4577,4506,1090416
10/8/2014,4646,4683,4703,4620,38
9/30/2014,4637,4638,4649,4588,981822
9/29/2014,4638,4600,4648,4517,1231824
9/26/2014,4483,4340,4483,4338,1367182
9/25/2014,4349,4290,4353,4274,857006
9/24/2014,4253,4235,4272,4221,620774
9/23/2014,4227,4240,4268,4213,573362
9/22/2014,4225,4270,4270,4163,1056160
9/19/2014,4284,4370,4373,4280,1027502
9/18/2014,4403,4420,4430,4396,642212
9/17/2014,4383,4377,4393,4362,556088
9/16/2014,4374,4405,4425,4366,799986
9/15/2014,4401,4370,4403,4356,745518
9/12/2014,4429,4374,4436,4368,741628
9/11/2014,4387,4400,4409,4371,974386
9/10/2014,4434,4466,4477,4384,1229612
9/9/2014,4481,4456,4509,4444,711638
9/5/2014,4473,4476,4510,4433,824406
9/4/2014,4528,4541,4560,4521,564746
9/3/2014,4558,4607,4617,4553,781374
9/2/2014,4590,4594,4599,4570,673556
9/1/2014,4594,4533,4613,4516,1145704
8/29/2014,4546,4472,4556,4441,996210
8/28/2014,4465,4470,4484,4451,426090
8/27/2014,4501,4478,4517,4478,633778
8/26/2014,4450,4424,4452,4414,422424
8/25/2014,4455,4461,4467,4426,477880
8/22/2014,4516,4490,4528,4478,711012
8/21/2014,4453,4466,4497,4437,518378
8/20/2014,4432,4465,4472,4429,539742
8/19/2014,4489,4526,4527,4471,585154
8/18/2014,4554,4543,4562,4531,323870
8/15/2014,4544,4550,4568,4506,536012
8/14/2014,4562,4550,4573,4526,572712
8/13/2014,4560,4594,4602,4559,478740
8/12/2014,4618,4660,4666,4598,647362
8/11/2014,4651,4680,4685,4646,281924
8/8/2014,4667,4660,4685,4660,277354
8/7/2014,4699,4710,4726,4698,329834
8/6/2014,4685,4680,4698,4665,382532
8/5/2014,4706,4717,4727,4701,432322
8/4/2014,4758,4715,4764,4707,432898
8/1/2014,4707,4728,4748,4693,522626
7/31/2014,4759,4760,4775,4753,267564
7/30/2014,4752,4775,4782,4743,687292
7/29/2014,4815,4805,4833,4786,541896
7/28/2014,4827,4788,4828,4742,565678
7/25/2014,4781,4819,4829,4773,462056
7/24/2014,4804,4841,4850,4795,589152
7/23/2014,4866,4871,4875,4838,397210
7/22/2014,4888,4850,4895,4838,523332
7/21/2014,4823,4861,4881,4812,470664
7/18/2014,4832,4782,4845,4770,571258
7/17/2014,4798,4794,4817,4787,358824
7/16/2014,4811,4801,4818,4780,302858
7/15/2014,4798,4794,4819,4791,265170
7/14/2014,4798,4784,4811,4763,348776
7/11/2014,4776,4835,4838,4775,501398
7/10/2014,4839,4834,4858,4812,362006
7/9/2014,4858,4864,4869,4792,608680
7/8/2014,4843,4822,4851,4815,321226
7/7/2014,4820,4965,4970,4810,791130
7/4/2014,4969,4960,4977,4941,387992
7/3/2014,4959,4980,4985,4931,447434
7/2/2014,4979,4955,4981,4953,309620
7/1/2014,4963,4935,4986,4925,392438
6/30/2014,4957,4986,4988,4952,371346
6/27/2014,5034,5093,5103,5030,687418
6/26/2014,5090,5074,5091,5049,467476
6/25/2014,5074,5044,5077,5042,457136
6/24/2014,5032,5060,5071,5025,480228
6/23/2014,5081,5066,5133,5055,766498
6/20/2014,5056,5089,5090,5031,498262
6/19/2014,5031,5059,5078,5029,503256
6/18/2014,5025,4942,5027,4924,693610
6/17/2014,4942,4972,4974,4934,251196
6/16/2014,4667,4677,4700,4666,174748
6/13/2014,4639,4613,4655,4610,186660
6/12/2014,4623,4675,4683,4618,286920
6/11/2014,4682,4720,4734,4670,242538
6/10/2014,4713,4759,4759,4711,180494
6/9/2014,4748,4760,4765,4721,175690
6/6/2014,4750,4751,4779,4750,288872
6/5/2014,4785,4762,4795,4754,247398
6/4/2014,4775,4810,4815,4770,286614
6/3/2014,4806,4815,4835,4792,267160
5/30/2014,4842,4848,4849,4826,310486
5/29/2014,4814,4809,4837,4805,357790
5/28/2014,4807,4762,4810,4760,436854
5/27/2014,4805,4826,4832,4773,425436
5/26/2014,4825,4803,4835,4794,364164
5/23/2014,4799,4801,4807,4769,543306
5/22/2014,4815,4845,4875,4806,601668
5/21/2014,4858,4852,4875,4838,487824
5/20/2014,4885,4865,4896,4843,619378
5/19/2014,4885,4828,4901,4826,774836
5/16/2014,4854,4850,4859,4829,473526
5/15/2014,4845,4920,4920,4843,845976
5/14/2014,4872,4822,4880,4809,1239278
5/13/2014,4746,4729,4756,4718,377896
5/12/2014,4716,4705,4760,4705,557526
5/9/2014,4715,4727,4738,4686,651006
5/8/2014,4724,4736,4756,4715,441572
5/7/2014,4732,4700,4737,4692,568904
5/6/2014,4720,4792,4799,4710,739516
5/5/2014,4789,4832,4862,4787,769220
5/1/2014,4802,4802,4802,4802,32
4/30/2014,4855,4869,4892,4848,826736
4/29/2014,4847,4847,4864,4836,480422
4/28/2014,4871,4880,4885,4824,548678
4/25/2014,4859,4856,4871,4842,527624
4/24/2014,4871,4895,4925,4871,977068
4/23/2014,4856,4855,4871,4820,622498
4/22/2014,4839,4838,4856,4808,586638
4/21/2014,4835,4872,4887,4832,575108
4/18/2014,4877,4806,4886,4793,651618
4/17/2014,4847,4885,4890,4821,593152
4/16/2014,4862,4832,4895,4832,932920
4/15/2014,4828,4804,4839,4797,593042
4/14/2014,4848,4766,4861,4758,720814
4/11/2014,4792,4810,4813,4752,411170
4/10/2014,4797,4810,4845,4790,700592
4/9/2014,4825,4796,4847,4774,968782
4/8/2014,4765,4750,4786,4725,554458
4/4/2014,4789,4823,4823,4779,559172
4/3/2014,4798,4763,4800,4763,517874
4/2/2014,4769,4825,4830,4747,1174150
4/1/2014,4916,4838,4962,4832,1369028
3/31/2014,4849,4883,4890,4835,809330
3/28/2014,4899,4848,4899,4837,1445868
3/27/2014,4818,4659,4818,4655,1577278
3/26/2014,4614,4632,4651,4607,557260
3/25/2014,4618,4616,4641,4608,533900
3/24/2014,4615,4655,4667,4598,637512
3/21/2014,4683,4669,4710,4658,548368
3/20/2014,4682,4755,4759,4674,645232
3/19/2014,4734,4713,4738,4693,477222
3/18/2014,4696,4700,4741,4682,597956
3/17/2014,4708,4745,4750,4704,560206
3/14/2014,4788,4865,4875,4759,701622
3/12/2014,4877,4868,4898,4839,668286
3/11/2014,4906,4853,4916,4847,958278
3/10/2014,4823,4838,4845,4787,790714
3/6/2014,4845,4739,4848,4738,1256358
3/5/2014,4710,4715,4740,4692,480024
3/4/2014,4713,4727,4727,4696,411596
3/3/2014,4718,4651,4731,4648,751700
2/28/2014,4680,4736,4749,4672,685448
2/27/2014,4705,4731,4737,4691,430462
2/26/2014,4714,4750,4753,4664,729228
2/25/2014,4771,4780,4805,4766,638588
2/24/2014,4740,4752,4762,4706,461184
2/21/2014,4728,4650,4743,4650,698722
2/20/2014,4568,4563,4585,4558,281616
2/19/2014,4545,4594,4608,4538,386056
2/18/2014,4531,4520,4549,4507,353948
2/17/2014,4511,4553,4577,4506,403892
2/14/2014,4563,4563,4592,4555,312872
2/13/2014,4568,4549,4579,4537,410496
2/12/2014,4514,4498,4534,4492,279750
2/11/2014,4516,4516,4526,4502,229340
2/10/2014,4531,4461,4555,4460,537028
2/7/2014,4484,4499,4508,4464,268558
1/30/2014,4386,4386,4398,4373,182544
1/29/2014,4413,4420,4425,4400,272072
1/28/2014,4375,4441,4450,4355,636860
1/27/2014,4473,4483,4493,4460,247460
1/24/2014,4479,4470,4490,4469,246196
1/23/2014,4468,4464,4478,4457,252222
1/22/2014,4486,4468,4504,4466,305904
1/21/2014,4472,4517,4524,4471,320500
1/20/2014,4521,4460,4526,4450,539918
1/17/2014,4484,4498,4519,4480,379468
1/15/2014,4542,4565,4573,4538,334648
1/14/2014,4578,4566,4611,4560,458860
1/13/2014,4559,4565,4570,4534,268892
1/10/2014,4554,4525,4559,4520,386596
1/9/2014,4547,4520,4558,4498,597518
1/8/2014,4564,4617,4617,4555,441906
1/7/2014,4617,4660,4675,4615,391736
1/6/2014,4653,4738,4738,4646,625638
1/3/2014,4762,4790,4790,4753,220156
1/2/2014,4789,4787,4802,4782,161882
12/31/2013,4788,4819,4824,4781,392654
12/30/2013,4830,4860,4870,4826,338640
12/27/2013,4857,4887,4895,4852,375744
12/26/2013,4882,4847,4894,4841,495156
12/25/2013,4847,4861,4871,4836,234794
12/24/2013,4864,4861,4875,4852,249882
12/23/2013,4879,4905,4912,4872,304744
12/20/2013,4893,4900,4915,4887,471220
12/19/2013,4873,4865,4889,4862,410450
12/18/2013,4875,4838,4876,4822,445558
12/17/2013,4872,4883,4885,4863,264886
12/16/2013,4875,4880,4898,4874,310436
12/13/2013,4873,4851,4877,4848,337942
12/12/2013,4879,4893,4893,4871,293074
12/11/2013,4906,4906,4916,4903,217218
12/10/2013,4894,4905,4914,4891,320944
12/9/2013,4910,4940,4943,4907,403976
12/6/2013,4954,4968,4976,4948,278258
12/5/2013,4958,4955,4965,4948,271944
12/4/2013,4962,4950,4970,4944,284966
12/3/2013,4959,4959,4972,4953,201926
12/2/2013,4968,5010,5010,4965,349986
11/29/2013,5012,5021,5037,5009,241674
11/28/2013,5024,5001,5032,4995,362002
11/27/2013,5013,4994,5022,4991,295470
11/26/2013,4989,4984,5004,4981,198952
11/25/2013,4993,5000,5008,4984,302680
11/22/2013,5008,5030,5040,5006,374286
11/21/2013,5036,5049,5060,5035,210140
11/19/2013,5045,5044,5055,5036,244268
11/18/2013,5035,5082,5083,5034,316758
11/15/2013,5072,5136,5142,5067,419246
11/14/2013,5149,5135,5152,5127,213798
11/13/2013,5139,5120,5146,5106,241760
11/12/2013,5127,5145,5152,5117,188544
11/11/2013,5142,5165,5166,5133,176540
11/8/2013,5158,5169,5175,5154,142636
11/7/2013,5169,5175,5180,5156,154404
11/6/2013,5207,5212,5212,5196,56292
11/5/2013,5221,5210,5226,5198,118644
11/4/2013,5202,5183,5212,5183,105168
11/1/2013,5209,5199,5212,5164,231588
10/31/2013,5194,5172,5214,5161,268274
10/30/2013,5178,5143,5189,5143,172054
10/29/2013,5172,5156,5187,5155,125612
10/28/2013,5173,5180,5220,5171,180792
10/25/2013,5175,5208,5208,5160,194982
10/24/2013,5224,5198,5248,5192,315566
10/23/2013,5202,5243,5255,5201,224446
10/22/2013,5240,5266,5272,5235,190902
10/21/2013,5273,5262,5278,5237,395856
10/18/2013,5213,5228,5230,5183,266126
10/17/2013,5219,5260,5264,5210,257656
10/16/2013,5224,5225,5234,5208,181198
10/15/2013,5259,5240,5280,5230,406996
10/14/2013,5219,5255,5258,5210,391002
10/11/2013,5240,5239,5252,5226,378638
10/10/2013,5231,5137,5232,5135,570630
10/9/2013,5136,5157,5166,5119,183258
10/8/2013,5156,5172,5175,5141,218648
9/30/2013,5089,5065,5125,5058,152550
9/27/2013,5103,5142,5145,5088,255804
9/26/2013,5137,5157,5170,5131,344462
9/25/2013,5128,5110,5139,5110,395874
9/24/2013,5095,5083,5108,5075,420890
9/23/2013,5063,5091,5093,5061,349268
9/18/2013,5053,5062,5085,5049,345070
9/17/2013,5073,5085,5097,5066,436730
9/16/2013,5084,5138,5201,5077,1331474
9/13/2013,5150,5155,5168,5135,381102
9/12/2013,5147,5152,5169,5124,535174
9/11/2013,5151,5182,5207,5144,731746
9/10/2013,5153,5181,5188,5134,675414
9/9/2013,5169,5164,5183,5150,764510
9/6/2013,5167,5063,5168,5058,1349220
9/5/2013,5044,5023,5060,5015,628586
9/4/2013,5038,5025,5038,4995,554584
9/3/2013,5018,4990,5035,4983,653860
9/2/2013,4987,5006,5016,4986,434788
8/30/2013,4996,5028,5039,4986,530012
8/29/2013,5040,5047,5068,4990,820920
8/28/2013,5031,5019,5079,5012,742168
8/27/2013,5025,5044,5054,5015,372566
8/26/2013,5042,4966,5044,4961,787486
8/23/2013,4931,4955,4966,4930,307424
8/22/2013,4955,4980,5004,4953,323768
8/21/2013,5007,5020,5050,5002,367550
8/20/2013,5029,5000,5030,4995,346828
8/19/2013,5038,5079,5080,5035,405590
8/16/2013,5098,5070,5110,5065,481472
8/15/2013,5070,5047,5082,5040,319422
8/14/2013,5035,5071,5081,5032,279964
8/13/2013,5066,5055,5074,5045,363202
8/12/2013,5048,5008,5054,4995,408720
8/9/2013,4974,4968,4982,4958,284266
8/8/2013,4964,4946,4977,4940,390286
8/7/2013,4921,4938,4941,4916,228258
8/6/2013,4946,4931,4950,4931,224608
8/5/2013,4954,4935,4970,4931,371264
8/2/2013,4932,4930,4943,4911,348938
8/1/2013,4947,4897,4948,4896,456242
7/31/2013,4895,4910,4932,4886,378424
7/30/2013,4910,4912,4935,4905,478394
7/29/2013,4869,4868,4887,4831,412924
7/26/2013,4865,4909,4910,4862,329708
7/25/2013,4891,4859,4891,4852,227914
7/24/2013,4881,4870,4889,4866,180918
7/23/2013,4883,4895,4915,4877,214688
7/22/2013,4895,4843,4900,4822,450866
7/19/2013,4831,4851,4858,4830,253232
7/18/2013,4842,4820,4846,4816,304810
7/17/2013,4819,4798,4837,4792,434564
7/16/2013,4817,4872,4879,4806,731968
7/15/2013,4867,4859,4895,4849,368784
7/12/2013,4860,4875,4885,4855,353372
7/11/2013,4898,4881,4929,4879,481030
7/10/2013,4885,4890,4900,4861,373086
7/9/2013,4887,4870,4901,4850,482738
7/8/2013,4849,4878,4878,4840,472688
7/5/2013,4889,4900,4918,4880,585100
7/4/2013,4896,4978,4981,4883,1213246
7/3/2013,4991,5000,5018,4976,373414
7/2/2013,5001,4972,5005,4965,386052
7/1/2013,4986,4943,5009,4943,285982
6/28/2013,4954,4942,4965,4938,299688
6/27/2013,4974,4998,5002,4932,607824
6/26/2013,4983,5010,5023,4970,370826
6/25/2013,5190,5173,5194,5161,96756
6/24/2013,5151,5174,5175,5140,92814
6/21/2013,5146,5130,5160,5113,122748
6/20/2013,5169,5200,5214,5163,120524
6/19/2013,5187,5168,5191,5160,81986
6/18/2013,5182,5201,5208,5179,73042
6/17/2013,5195,5150,5203,5150,194064
6/14/2013,5092,5085,5105,5080,70584
6/13/2013,5076,5093,5107,5068,117222
6/7/2013,5123,5097,5140,5097,155818
6/6/2013,5087,5108,5117,5080,150630
6/5/2013,5118,5080,5130,5075,247682
6/4/2013,5081,5068,5090,5055,163294
6/3/2013,5077,5075,5097,5055,179596
5/31/2013,5077,5083,5110,5074,169926
5/30/2013,5082,5070,5090,5037,355488
5/29/2013,5066,5125,5133,5053,485262
5/28/2013,5137,5099,5147,5096,517478
5/27/2013,5092,5089,5096,5060,487418
5/24/2013,5097,5110,5127,5095,333606
5/23/2013,5096,5111,5148,5090,432758
5/22/2013,5168,5176,5180,5157,266968
5/21/2013,5165,5164,5181,5145,380522
5/20/2013,5162,5202,5216,5157,539956
5/17/2013,5196,5188,5219,5161,432026
5/16/2013,5202,5191,5224,5184,323658
5/15/2013,5202,5234,5239,5201,478510
5/14/2013,5259,5252,5269,5247,302150
5/13/2013,5271,5249,5293,5233,587616
5/10/2013,5255,5240,5268,5231,425788
5/9/2013,5234,5247,5263,5211,825502
5/8/2013,5265,5250,5280,5238,512148
5/7/2013,5262,5258,5282,5233,501462
5/6/2013,5251,5206,5263,5181,827256
5/3/2013,5188,5205,5240,5180,700226
5/2/2013,5198,5188,5199,5127,833946
4/26/2013,5227,5160,5230,5154,960460
4/25/2013,5128,5108,5148,5082,794768
4/24/2013,5135,5141,5177,5095,942144
4/23/2013,5138,5201,5228,5121,1102986
4/22/2013,5198,5321,5335,5196,1333982
4/19/2013,5314,5360,5366,5306,826964
4/18/2013,5368,5325,5381,5321,548406
4/17/2013,5345,5376,5390,5333,486922
4/16/2013,5351,5325,5356,5291,696672
4/15/2013,5364,5352,5397,5326,551778
4/12/2013,5360,5381,5384,5346,448026
4/11/2013,5381,5400,5419,5373,625384
4/10/2013,5399,5380,5408,5365,557178
4/9/2013,5376,5371,5408,5371,530190
4/8/2013,5391,5340,5392,5331,593206
4/3/2013,5344,5305,5355,5290,731432
4/2/2013,5319,5310,5334,5308,426228
4/1/2013,5319,5360,5360,5286,965630
3/29/2013,5364,5355,5386,5342,557572
3/28/2013,5394,5435,5435,5385,544450
3/27/2013,5424,5425,5439,5411,591190
3/26/2013,5435,5452,5463,5418,659388
3/25/2013,5472,5480,5495,5461,561732
3/22/2013,5483,5505,5541,5471,1002688
3/21/2013,5517,5510,5528,5497,554758
3/20/2013,5517,5450,5521,5441,1447866
3/19/2013,5455,5388,5455,5387,758656
3/18/2013,5440,5400,5475,5362,1077164
3/15/2013,5413,5401,5425,5381,692206
3/14/2013,5386,5423,5432,5336,1430682
3/13/2013,5428,5400,5436,5400,571012
3/12/2013,5404,5440,5444,5401,421832
3/11/2013,5428,5420,5448,5417,521070
3/8/2013,5426,5437,5439,5410,639466
3/7/2013,5376,5415,5424,5368,651990
3/6/2013,5413,5425,5450,5401,531326
3/5/2013,5431,5391,5432,5388,679860
3/4/2013,5377,5415,5421,5363,622990
3/1/2013,5428,5435,5440,5395,719090
2/28/2013,5419,5398,5425,5387,574814
2/27/2013,5380,5370,5398,5366,656478
2/26/2013,5353,5428,5451,5351,1140278
2/25/2013,5444,5458,5495,5423,990646
2/22/2013,5469,5388,5480,5381,1307126
2/21/2013,5399,5363,5414,5332,1070992
2/20/2013,5358,5374,5391,5358,529624
2/19/2013,5367,5340,5370,5331,598280
2/18/2013,5338,5340,5352,5300,342228
2/8/2013,5363,5370,5392,5358,186902
2/7/2013,5366,5418,5418,5335,355320
2/6/2013,5444,5420,5468,5417,598800
2/5/2013,5428,5451,5455,5415,546114
2/4/2013,5458,5475,5485,5441,610830
2/1/2013,5469,5441,5478,5438,712714
1/31/2013,5435,5400,5443,5390,745890
1/30/2013,5372,5330,5411,5325,1202060
1/29/2013,5340,5341,5357,5333,474236
1/28/2013,5328,5390,5392,5320,915668
1/25/2013,5412,5428,5447,5408,573132
1/24/2013,5435,5438,5456,5427,454178
1/23/2013,5418,5450,5459,5415,635768
1/22/2013,5478,5464,5497,5433,659532
1/21/2013,5459,5526,5526,5450,345136
1/18/2013,5527,5521,5538,5513,277480
1/17/2013,5512,5546,5548,5505,373068
1/16/2013,5548,5529,5573,5526,371858
1/15/2013,5541,5571,5574,5504,364982
1/14/2013,5578,5594,5604,5559,418048
1/11/2013,5587,5666,5668,5578,562692
1/10/2013,5659,5680,5680,5651,394948
1/9/2013,5647,5689,5693,5638,578074
1/8/2013,5704,5679,5715,5662,913760
1/7/2013,5659,5616,5682,5602,990804
1/4/2013,5564,5542,5583,5538,409880
12/31/2012,5549,5547,5567,5538,430070
12/28/2012,5540,5548,5577,5530,777176
12/27/2012,5530,5526,5558,5512,1100648
12/26/2012,5519,5471,5525,5466,1149326
12/25/2012,5467,5550,5550,5463,1319156
12/24/2012,5512,5505,5529,5495,520316
12/21/2012,5505,5527,5547,5492,688672
12/20/2012,5520,5502,5522,5475,717850
12/19/2012,5515,5520,5531,5489,648452
12/18/2012,5510,5540,5556,5485,905420
12/17/2012,5523,5456,5540,5456,1309506
12/14/2012,5443,5443,5469,5390,1549890
12/13/2012,5425,5424,5439,5408,706784
12/12/2012,5437,5464,5472,5422,797302
12/11/2012,5449,5422,5465,5418,1095244
12/10/2012,5448,5387,5466,5381,1164764
12/7/2012,5389,5380,5396,5354,875334
12/6/2012,5402,5382,5419,5378,1009566
12/5/2012,5384,5380,5420,5375,918376
12/4/2012,5390,5400,5418,5380,898546
12/3/2012,5403,5325,5450,5325,1081926
11/30/2012,5339,5282,5349,5256,1087672
11/29/2012,5262,5277,5280,5240,794818
11/28/2012,5279,5297,5313,5272,829968
11/27/2012,5293,5328,5332,5283,945222
11/26/2012,5331,5318,5353,5302,646044
11/23/2012,5332,5345,5345,5307,653664
11/22/2012,5345,5336,5358,5332,781504
11/21/2012,5338,5338,5347,5326,761508
11/20/2012,5337,5350,5376,5320,1280122
11/19/2012,5310,5307,5341,5297,945466
11/16/2012,5287,5310,5322,5270,1141460
11/15/2012,5321,5327,5341,5312,1139442
11/14/2012,5347,5210,5365,5172,2588232
11/13/2012,5201,5213,5218,5184,936034
11/12/2012,5201,5248,5265,5155,1603488
11/9/2012,5228,5234,5260,5223,793308
11/8/2012,5234,5208,5246,5185,913160
11/7/2012,5250,5280,5290,5226,1175492
11/6/2012,5258,5227,5275,5216,1142980
11/5/2012,5214,5157,5225,5157,1085098
11/2/2012,5174,5221,5253,5172,1120262
11/1/2012,5229,5216,5249,5190,1078208
10/31/2012,5212,5212,5227,5147,1023016
10/30/2012,5208,5182,5235,5176,1151342
10/29/2012,5170,5131,5199,5131,1026458
10/26/2012,5146,5279,5292,5140,1432070
10/25/2012,5368,5380,5380,5348,401058
10/24/2012,5366,5348,5368,5338,663556
10/23/2012,5356,5389,5419,5348,1129070
10/22/2012,5399,5378,5400,5330,925872
10/19/2012,5348,5386,5396,5341,1081462
10/18/2012,5400,5436,5477,5397,1426102
10/17/2012,5438,5386,5440,5384,1255584
10/16/2012,5377,5363,5393,5360,1096328
10/15/2012,5355,5310,5373,5291,1600478
10/12/2012,5326,5324,5342,5291,1244918
10/11/2012,5346,5286,5354,5276,1258804
10/10/2012,5307,5270,5325,5251,1247898
10/9/2012,5284,5236,5295,5236,1147338
10/8/2012,5232,5253,5284,5211,806410
9/28/2012,5190,5193,5210,5170,633688
9/27/2012,5191,5140,5240,5120,1378640
9/26/2012,5163,5178,5195,5113,1592006
9/25/2012,5163,5180,5195,5128,1748680
9/24/2012,5177,5300,5300,5176,1704672
9/21/2012,5303,5439,5450,5288,2109646
9/20/2012,5426,5380,5449,5375,1791744
9/19/2012,5389,5415,5434,5381,1896168
9/18/2012,5443,5417,5520,5400,2142996
9/17/2012,5430,5438,5474,5414,1286714
9/14/2012,5438,5407,5465,5387,1493430
9/13/2012,5368,5460,5464,5270,1187424
9/12/2012,5448,5450,5517,5433,2262470
9/11/2012,5432,5420,5466,5410,1412388
9/10/2012,5426,5365,5439,5358,1685164
9/7/2012,5338,5310,5364,5286,1381652
9/6/2012,5328,5290,5379,5274,1854094
9/5/2012,5311,5300,5331,5256,1671774
9/4/2012,5337,5382,5424,5317,1525632
9/3/2012,5397,5393,5430,5376,1423532
8/31/2012,5396,5368,5415,5351,2038080
8/30/2012,5390,5265,5488,5232,2958792
8/29/2012,5285,5334,5353,5206,2557766
8/28/2012,5316,5420,5423,5310,2179318
8/27/2012,5434,5399,5463,5375,1218372
8/24/2012,5403,5425,5435,5360,1604666
8/23/2012,5441,5536,5581,5356,2240648
8/22/2012,5524,5551,5572,5522,1398710
8/21/2012,5585,5540,5645,5522,1989284
8/20/2012,5532,5509,5538,5484,1256162
8/17/2012,5508,5560,5565,5473,2246338
8/16/2012,5564,5628,5647,5546,2034988
8/15/2012,5573,5376,5573,5343,1881746
8/14/2012,5361,5400,5401,5335,1653982
8/13/2012,5415,5484,5495,5406,1767180
8/10/2012,5484,5510,5542,5470,2055964
8/9/2012,5512,5391,5514,5388,2607388
8/8/2012,5400,5373,5420,5362,1298318
8/7/2012,5394,5415,5430,5377,1420978
8/6/2012,5424,5400,5430,5367,1291574
8/3/2012,5389,5325,5397,5320,1563136
8/2/2012,5352,5440,5453,5332,2113544
8/1/2012,5445,5355,5448,5353,1668302
7/31/2012,5377,5339,5378,5310,1532190
7/30/2012,5330,5405,5417,5317,1833900
7/27/2012,5391,5377,5399,5346,1543840
7/26/2012,5409,5532,5545,5398,2218850
7/25/2012,5532,5505,5559,5503,1325944
7/24/2012,5530,5562,5591,5502,1772366
7/23/2012,5603,5668,5733,5591,1753576
7/20/2012,5652,5711,5728,5636,1431648
7/19/2012,5695,5729,5729,5675,1199396
7/18/2012,5706,5730,5739,5665,1432724
7/17/2012,5715,5840,5849,5714,1522688
7/16/2012,5826,5891,5930,5826,1699458
7/13/2012,5875,5863,5890,5855,914532
7/12/2012,5884,5880,5945,5862,1914264
7/11/2012,5854,5851,5898,5845,1156880
7/10/2012,5867,5901,5924,5865,1260256
7/9/2012,5884,5901,5919,5828,1491616
7/6/2012,5896,5920,5931,5882,1412200
7/5/2012,5945,5890,5946,5865,1640300
7/4/2012,5889,5841,5903,5841,1599900
7/3/2012,5830,5745,5838,5737,1819600
7/2/2012,5733,5792,5792,5716,1558100
6/29/2012,5746,5759,5759,5704,1602600
6/28/2012,5770,5784,5797,5761,1110500
6/27/2012,5737,5773,5788,5733,1549600
6/26/2012,5760,5707,5778,5701,2059900
6/25/2012,5689,5647,5717,5641,1382100
6/21/2012,5726,5711,5776,5705,2058100
6/20/2012,5738,5750,5761,5717,1812700
6/19/2012,5679,5670,5706,5630,2667100
6/18/2012,5670,5778,5784,5666,2454800
6/15/2012,5702,5695,5718,5670,1675100
6/14/2012,5680,5660,5729,5643,2046500
6/13/2012,5692,5785,5791,5633,3499200
6/12/2012,5809,5847,5864,5792,1850100
6/11/2012,5863,5850,5887,5801,1760400
6/8/2012,5797,5866,5888,5767,1746800
6/7/2012,5898,5912,5948,5877,1778600
6/6/2012,5810,5890,5896,5808,1840700
6/5/2012,5891,5844,5898,5840,1148500
6/4/2012,5825,5886,5890,5796,1740300
6/1/2012,5914,6010,6035,5912,1740900
5/31/2012,6018,5971,6045,5971,1184300
5/30/2012,6010,5976,6056,5967,1232700
5/29/2012,6014,5951,6025,5925,1026500
5/28/2012,5969,6000,6008,5960,821100
5/25/2012,5993,6015,6015,5952,931780
5/24/2012,6016,5964,6022,5953,806084
5/23/2012,5960,6000,6014,5915,1200500
5/22/2012,6082,6100,6113,6070,699676
5/21/2012,6113,6070,6142,6048,827664
5/18/2012,6072,6091,6114,6022,775532
5/17/2012,6106,6070,6118,6041,691242
5/16/2012,6003,6136,6142,5996,859114
5/15/2012,6146,6085,6148,6079,607148
5/14/2012,6070,6145,6163,6059,630512
5/11/2012,6134,6230,6234,6124,783774
5/10/2012,6230,6266,6280,6225,429626
5/9/2012,6251,6270,6281,6250,457622
5/8/2012,6310,6369,6377,6299,643182
5/7/2012,6358,6366,6390,6351,389782
5/4/2012,6376,6356,6382,6350,497826
5/3/2012,6354,6310,6359,6310,512744
5/2/2012,6345,6336,6363,6308,579642
4/27/2012,6330,6369,6369,6330,462378
4/26/2012,6401,6435,6452,6397,374568
4/25/2012,6436,6400,6442,6387,392232
4/24/2012,6389,6450,6464,6382,457114
4/23/2012,6445,6522,6529,6432,407954
4/20/2012,6652,6637,6655,6616,367732
4/19/2012,6651,6659,6668,6635,328128
4/18/2012,6699,6720,6720,6666,350446
4/17/2012,6697,6720,6720,6681,361368
4/16/2012,6738,6740,6756,6721,365968
4/13/2012,6782,6805,6818,6780,371356
4/12/2012,6786,6804,6862,6778,722822
4/11/2012,6792,6776,6802,6750,503226
4/10/2012,6818,6799,6820,6788,572504
4/9/2012,6816,6710,6843,6705,855050
4/6/2012,6699,6690,6700,6666,203606
4/5/2012,6686,6632,6697,6632,244796
3/30/2012,6648,6660,6660,6636,123220
3/29/2012,6652,6640,6655,6621,261130
3/28/2012,6644,6626,6648,6612,190216
3/27/2012,6626,6620,6630,6596,251356
3/26/2012,6633,6625,6659,6625,174060
3/23/2012,6637,6631,6641,6620,172808
3/22/2012,6614,6611,6620,6595,246538
3/21/2012,6609,6654,6657,6605,408262
3/20/2012,6666,6669,6685,6651,198248
3/19/2012,6657,6675,6680,6656,130896
3/16/2012,6671,6706,6719,6666,241750
3/15/2012,6658,6626,6675,6626,311022
3/14/2012,6624,6660,6666,6611,230288
3/13/2012,6650,6620,6664,6620,255158
3/12/2012,6616,6610,6620,6608,152444
3/9/2012,6630,6600,6632,6594,294014
3/8/2012,6590,6593,6620,6583,291722
3/7/2012,6594,6580,6598,6576,227500
3/6/2012,6614,6611,6622,6592,272414
3/5/2012,6621,6653,6654,6606,364330
3/2/2012,6654,6650,6659,6642,151058
3/1/2012,6644,6651,6657,6633,286650
2/29/2012,6675,6675,6680,6652,280922
2/28/2012,6686,6702,6710,6676,290052
2/27/2012,6684,6653,6705,6648,437584
2/24/2012,6641,6631,6660,6627,238638
2/23/2012,6636,6655,6662,6619,354572
2/22/2012,6643,6680,6680,6642,343588
2/21/2012,6639,6631,6643,6592,469806
2/20/2012,6626,6639,6647,6620,311506
2/17/2012,6600,6600,6606,6574,424214
2/16/2012,6571,6624,6635,6556,632044
2/15/2012,6619,6608,6626,6598,326202
2/14/2012,6616,6633,6660,6607,433716
2/13/2012,6649,6647,6666,6636,351334
2/10/2012,6636,6620,6649,6615,343202
2/9/2012,6631,6623,6675,6612,815768
2/8/2012,6614,6571,6615,6550,553158
2/7/2012,6569,6588,6600,6550,579408
2/6/2012,6569,6542,6578,6536,557238
2/3/2012,6529,6516,6538,6501,423822
2/2/2012,6523,6515,6553,6501,596348
2/1/2012,6508,6521,6533,6495,473830
1/31/2012,6533,6491,6558,6475,658186
1/30/2012,6520,6509,6539,6489,386790
1/20/2012,6586,6501,6591,6475,611178
1/19/2012,6474,6470,6480,6458,295598
1/18/2012,6460,6430,6482,6426,526226
1/17/2012,6453,6439,6488,6380,916870
1/16/2012,6435,6410,6445,6379,592918
1/13/2012,6421,6418,6430,6366,563718
1/12/2012,6437,6415,6450,6366,833096
1/11/2012,6384,6393,6399,6361,505412
1/10/2012,6393,6250,6407,6241,1070192
1/9/2012,6242,6208,6290,6206,561064
1/6/2012,6225,6200,6233,6178,768872
1/5/2012,6271,6080,6319,6079,1556400
1/4/2012,6036,6020,6066,5990,854448
12/30/2011,5930,6050,6052,5899,1015122
12/29/2011,6016,6016,6061,6002,639696
12/28/2011,6063,6113,6118,6060,567690
12/27/2011,6103,6102,6126,6091,397370
12/26/2011,6101,6180,6180,6090,579520
12/23/2011,6172,6166,6210,6133,481270
12/22/2011,6167,6086,6168,6086,455806
12/21/2011,6109,6198,6200,6103,563162
12/20/2011,6165,6202,6210,6151,440906
12/19/2011,6203,6230,6230,6170,489300
12/16/2011,6222,6150,6223,6130,572106
12/15/2011,6165,6058,6165,6058,814002
12/14/2011,6144,6108,6160,6078,636726
12/13/2011,6104,6145,6171,6101,493382
12/12/2011,6160,6258,6258,6148,570616
12/9/2011,6276,6325,6325,6271,437600
12/8/2011,6296,6270,6315,6227,689634
12/7/2011,6347,6425,6434,6335,505882
12/6/2011,6414,6431,6442,6388,379990
12/5/2011,6413,6408,6427,6366,370122
12/1/2011,6413,6421,6529,6391,568036
11/30/2011,6312,6380,6380,6310,427972
11/29/2011,6350,6321,6359,6308,434384
11/28/2011,6320,6309,6352,6274,673102
11/25/2011,6276,6312,6363,6270,601192
11/24/2011,6337,6310,6346,6231,789154
11/23/2011,6337,6400,6414,6325,763494
11/22/2011,6460,6448,6475,6368,922054
11/21/2011,6454,6550,6551,6435,575162
11/18/2011,6572,6530,6580,6526,362172
11/17/2011,6614,6581,6640,6557,497742
11/16/2011,6581,6671,6677,6568,944078
11/15/2011,6651,6638,6666,6616,615300
11/14/2011,6698,6692,6770,6634,778938
11/11/2011,6682,6666,6699,6650,411008
11/10/2011,6636,6677,6695,6600,879542
11/9/2011,6770,6800,6810,6760,484926
11/8/2011,6743,6778,6790,6715,764022
11/7/2011,6788,6783,6800,6750,644998
11/4/2011,6806,6825,6850,6764,852434
11/3/2011,6776,6768,6813,6758,841278
11/2/2011,6804,6688,6809,6665,1084696
11/1/2011,6718,6675,6757,6642,928706
10/31/2011,6682,6735,6760,6661,874810
10/28/2011,6773,6871,6888,6772,1006512
10/27/2011,6794,6768,6833,6753,1073078
10/26/2011,6815,6712,6831,6708,1108554
10/25/2011,6772,6700,6806,6622,1699136
10/24/2011,6650,6625,6788,6366,2381142
10/21/2011,6579,6566,6620,6555,1048142
10/20/2011,6523,6692,6695,6468,1976652
10/19/2011,6788,6788,6890,6768,1561174
10/18/2011,6751,6805,6818,6742,1075652
10/17/2011,6813,6850,6875,6808,814656
10/14/2011,6799,6730,6804,6715,995694
10/13/2011,6681,6768,6771,6652,1284200
10/12/2011,6774,6750,6802,6718,754244
10/11/2011,6766,6860,6860,6752,753372
10/10/2011,6767,6724,6794,6715,844352
9/30/2011,6749,6700,6758,6646,1027074
9/29/2011,6605,6553,6617,6492,1177534
9/28/2011,6674,6680,6719,6627,972420
9/27/2011,6677,6612,6686,6557,1266606
9/26/2011,6501,6560,6616,6466,1373100
9/23/2011,6585,6550,6664,6477,1541174
9/22/2011,6687,6685,6724,6621,1124120
9/21/2011,6773,6676,6795,6660,1204016
9/20/2011,6685,6666,6708,6644,1184090
9/19/2011,6650,6700,6736,6618,1445226
9/16/2011,6771,6745,6778,6669,1181330
9/15/2011,6749,6740,6778,6688,1003770
9/14/2011,6708,6891,6895,6706,1369174
9/13/2011,6905,6924,6937,6882,618066
9/9/2011,6889,6892,6913,6855,1014848
9/8/2011,6872,6949,6975,6870,911156
9/7/2011,6948,6900,6953,6856,997110
9/6/2011,6963,6990,6995,6887,897634
9/5/2011,6988,7093,7093,6970,814422
9/2/2011,7112,7182,7197,7104,806780
9/1/2011,7185,7181,7237,7174,830822
8/31/2011,7192,7183,7214,7142,866310
8/30/2011,7187,7230,7252,7176,914942
8/29/2011,7230,7232,7239,7173,845264
8/26/2011,7200,7180,7220,7156,1002900
8/25/2011,7164,7248,7260,7138,1532492
8/24/2011,7309,7341,7348,7282,1052222
8/23/2011,7331,7305,7351,7263,1248496
8/22/2011,7290,7349,7430,7280,1607118
8/19/2011,7268,7369,7372,7208,1404138
8/18/2011,7399,7500,7500,7394,894724
8/17/2011,7394,7399,7430,7361,1310510
8/16/2011,7349,7415,7474,7345,1680972
8/15/2011,7404,7520,7534,7403,1239726
8/12/2011,7471,7498,7537,7457,1075864
8/11/2011,7475,7366,7484,7356,1186382
8/10/2011,7389,7294,7394,7290,1191244
8/9/2011,7245,7132,7250,7075,1419678
8/8/2011,7278,7230,7345,7221,1405090
8/5/2011,7243,7272,7282,7152,1462970
8/4/2011,7310,7280,7325,7263,1096040
8/3/2011,7327,7280,7339,7251,1136708
8/2/2011,7320,7345,7360,7272,1053426
8/1/2011,7416,7361,7422,7337,865694
7/29/2011,7308,7389,7428,7295,1378100
7/28/2011,7458,7479,7520,7452,1096600
7/27/2011,7493,7491,7519,7436,994282
7/26/2011,7504,7416,7505,7416,933344
7/25/2011,7445,7426,7473,7415,1041334
7/22/2011,7367,7388,7388,7298,958882
7/21/2011,7332,7296,7362,7286,942968
7/20/2011,7275,7340,7345,7268,970344
7/19/2011,7349,7218,7350,7216,1203700
7/18/2011,7183,7162,7226,7162,807496
7/15/2011,7171,7107,7175,7103,885328
7/14/2011,7190,7235,7248,7176,1215992
7/13/2011,7286,7213,7290,7186,1217800
7/12/2011,7098,7091,7100,7028,1084900
7/11/2011,7076,7075,7165,7065,1180600
7/8/2011,7088,7160,7188,7085,963834
7/7/2011,7036,6961,7040,6960,836774
7/6/2011,6946,6955,6977,6915,887158
7/5/2011,6947,6910,6960,6901,826812
7/4/2011,6920,6855,6925,6822,913556
7/1/2011,6788,6739,6805,6731,902926
6/30/2011,6788,6748,6790,6722,875408
6/29/2011,6763,6735,6777,6707,829636
6/28/2011,6637,6645,6663,6620,874626
6/27/2011,6608,6700,6705,6587,974810
6/24/2011,6692,6750,6772,6692,1038870
6/23/2011,6721,6765,6765,6690,1041966
6/22/2011,6771,6814,6823,6756,936380
6/21/2011,6825,6801,6840,6760,1035200
6/20/2011,6745,6750,6783,6724,973072
6/17/2011,6730,6712,6737,6668,1169238
6/16/2011,6667,6703,6763,6662,1358168
6/15/2011,6730,6602,6732,6597,1024088
6/14/2011,6591,6625,6648,6567,880166
6/13/2011,6625,6699,6699,6605,858434
6/10/2011,6667,6641,6697,6608,838794
6/9/2011,6621,6669,6705,6620,755464
6/8/2011,6631,6625,6676,6532,675120
6/7/2011,6822,6810,6836,6794,454502
6/3/2011,6862,6778,6868,6747,656422
6/2/2011,6718,6608,6724,6601,706654
6/1/2011,6658,6690,6704,6631,690112
5/31/2011,6687,6680,6730,6643,773944
5/30/2011,6683,6703,6741,6665,684020
5/27/2011,6723,6644,6723,6618,830398
5/26/2011,6653,6612,6669,6612,702218
5/25/2011,6573,6535,6588,6515,829418
5/24/2011,6525,6400,6541,6385,892818
5/23/2011,6447,6502,6515,6414,1037100
5/20/2011,6473,6551,6556,6418,1114900
5/19/2011,6610,6690,6714,6597,927436
5/18/2011,6612,6645,6688,6610,636100
5/17/2011,6625,6663,6670,6550,817268
5/16/2011,6637,6607,6680,6593,671960
5/13/2011,6640,6520,6650,6517,711776
5/12/2011,6465,6580,6580,6456,840120
5/11/2011,6637,6675,6678,6618,622002
5/10/2011,6615,6572,6618,6542,781446
5/9/2011,6556,6495,6565,6470,850476
5/6/2011,6484,6430,6534,6411,833638
5/5/2011,6509,6553,6578,6500,869888
5/4/2011,6620,6719,6726,6592,921118
5/3/2011,6729,6751,6760,6685,792254
4/29/2011,6772,6899,6900,6768,1009870
4/28/2011,6925,6858,6966,6840,780368
4/27/2011,6845,6857,6889,6827,731700
4/26/2011,6838,6824,6848,6780,712460
4/25/2011,6882,6924,6942,6864,636936
4/22/2011,6934,6986,7003,6852,895096
4/21/2011,6958,6985,7005,6937,542132
4/20/2011,6931,6865,6946,6859,622800
4/19/2011,6874,6912,6940,6819,776434
4/18/2011,6941,6900,6961,6875,674092
4/15/2011,6921,6985,6992,6908,769056
4/14/2011,6992,7090,7098,6979,981686
4/13/2011,7163,7148,7166,7088,754742
4/12/2011,7183,7200,7226,7158,719876
4/11/2011,7226,7219,7272,7182,879482
4/8/2011,7255,7120,7259,7102,920918
4/7/2011,7111,7080,7129,7065,809548
4/6/2011,7129,7051,7157,7042,720146
4/1/2011,7059,7050,7078,7004,782922
3/31/2011,7037,7011,7041,6990,771674
3/30/2011,6969,7026,7058,6949,1065782
3/29/2011,7022,6989,7046,6955,760146
3/28/2011,7024,7160,7175,6983,1016372
3/25/2011,7153,7135,7178,7126,792844
3/24/2011,7077,7090,7102,7045,823154
3/23/2011,7133,7011,7144,6996,983940
3/22/2011,7002,6948,7018,6918,869286
3/21/2011,6965,7020,7023,6943,796508
3/18/2011,6986,6990,7026,6945,944462
3/17/2011,6916,6844,6966,6812,1035274
3/16/2011,6892,6751,6908,6734,1099798
3/15/2011,6901,6873,6913,6795,1174254
3/14/2011,6915,6948,6984,6790,1160434
3/11/2011,6903,6990,7040,6901,1169328
3/10/2011,7080,7170,7197,7066,1088008
3/9/2011,7242,7220,7272,7172,769130
3/8/2011,7151,7221,7256,7100,1094582
3/7/2011,7278,7200,7283,7171,618000
3/4/2011,7237,7312,7322,7205,662298
3/3/2011,7291,7368,7383,7287,562478
3/2/2011,7302,7261,7306,7240,632180
3/1/2011,7282,7310,7333,7264,711962
2/28/2011,7279,7230,7300,7195,736214
2/25/2011,7166,7123,7174,7076,898188
2/24/2011,7085,7232,7242,7051,1469894
2/23/2011,7246,7175,7305,7121,1119702
2/22/2011,7233,7290,7320,7171,875856
2/21/2011,7261,7255,7272,7162,703834
2/18/2011,7250,7377,7390,7224,907980
2/17/2011,7336,7494,7500,7330,765212
2/16/2011,7427,7449,7450,7365,606106
2/15/2011,7453,7433,7535,7433,589946
2/14/2011,7475,7532,7604,7438,698522
2/11/2011,7548,7531,7570,7525,535538
2/10/2011,7535,7431,7575,7430,760034
2/9/2011,7406,7312,7410,7311,496734
2/1/2011,7472,7470,7478,7386,482572
1/31/2011,7444,7405,7483,7395,473576
1/28/2011,7322,7361,7410,7310,775060
1/27/2011,7364,7318,7370,7284,909976
1/26/2011,7199,7198,7220,7131,653962
1/25/2011,7198,7271,7305,7175,608712
1/24/2011,7286,7320,7344,7275,754338
1/21/2011,7268,7181,7305,7175,856380
1/20/2011,7160,7155,7205,7128,864500
1/19/2011,7186,7100,7198,7088,829398
1/18/2011,7106,7146,7175,7062,828158
1/17/2011,7137,7165,7234,7136,1021442
1/14/2011,7196,7111,7207,7106,1147324
1/13/2011,7116,7116,7153,7075,1017044
1/12/2011,7128,7081,7185,7066,1242654
1/11/2011,7005,6999,7020,6940,1074968
1/10/2011,6960,6969,7032,6938,1407284
1/7/2011,6874,7070,7097,6850,1336488
1/6/2011,7180,7270,7294,7175,1211652
1/5/2011,7188,7160,7248,7125,1051824
1/4/2011,7213,7180,7276,7151,955042
12/31/2010,7067,6930,7106,6920,1389560
12/30/2010,7323,7280,7333,7196,1190362
12/29/2010,7320,7391,7407,7287,1277392
12/28/2010,7361,7255,7370,7233,1281070
12/27/2010,7227,7277,7337,7181,1351556
12/24/2010,7308,7240,7317,7202,1436916
12/23/2010,7168,7082,7180,7070,1613000
12/22/2010,6991,6927,7146,6915,2236000
12/21/2010,6950,6916,6958,6893,1047600
12/20/2010,6886,6940,6975,6826,1255706
12/17/2010,6768,6710,6775,6678,1093236
12/16/2010,6672,6589,6705,6581,1062768
12/15/2010,6564,6666,6695,6538,1044496
12/14/2010,6690,6715,6748,6657,832886
12/13/2010,6674,6510,6704,6498,1080160
12/10/2010,6517,6446,6530,6437,917896
12/9/2010,6461,6470,6508,6431,1123270
12/8/2010,6410,6535,6552,6400,1067654
12/7/2010,6617,6558,6619,6527,787086
12/6/2010,6599,6596,6635,6570,946436
12/3/2010,6539,6535,6585,6521,1059588
12/2/2010,6535,6620,6627,6520,1159032
12/1/2010,6546,6425,6588,6402,1542914
11/30/2010,6485,6398,6497,6355,1560344
11/29/2010,6430,6357,6450,6311,1247148
11/26/2010,6359,6440,6442,6219,1749166
11/25/2010,6423,6510,6528,6420,1300410
11/24/2010,6484,6415,6488,6360,1721282
11/23/2010,6296,6355,6409,6253,2251100
11/22/2010,6318,6301,6429,6270,1607158
11/19/2010,6498,6629,6640,6420,1869954
11/18/2010,6444,6450,6510,6279,2175238
11/17/2010,6285,6226,6407,6196,3663200
11/16/2010,6475,6455,6638,6393,2618492
11/15/2010,6379,6377,6603,6377,2101500
11/12/2010,6895,6895,6895,6895,28892
11/11/2010,7221,7328,7339,7152,2449834
11/10/2010,7295,7460,7499,7098,2487172
11/9/2010,7386,7226,7521,7185,2285666
11/8/2010,7239,7101,7284,7022,2246280
11/5/2010,7216,7180,7222,7135,1313336
11/4/2010,6920,6928,6931,6835,1839376
11/3/2010,6889,6762,6945,6762,1667500
11/2/2010,6654,6654,6697,6610,1653442
11/1/2010,6629,6587,6699,6514,1954228
10/29/2010,6490,6801,6840,6482,2031362
10/28/2010,6859,6701,6904,6700,2523690
10/27/2010,6634,6798,6798,6632,2415138
10/26/2010,6782,6830,6900,6714,2071100
10/25/2010,6759,6620,6759,6620,1197604
10/22/2010,6533,6420,6578,6382,2913238
10/21/2010,6441,6501,6592,6403,3439916
10/20/2010,6450,6337,6476,6319,3388100
10/19/2010,6383,6246,6438,6233,4042162
10/18/2010,6195,6165,6252,6145,3062606
10/15/2010,6247,6112,6248,6081,2831000
10/14/2010,6116,5972,6179,5963,2806900
10/13/2010,5969,5960,5990,5932,1862196
10/12/2010,5902,5930,5967,5886,1668600
10/11/2010,5973,5990,5994,5910,1651794
10/8/2010,5774,5671,5803,5671,1148108
10/7/2010,5676,5660,5679,5605,819330
9/30/2010,5676,5660,5679,5605,819330
9/29/2010,5652,5746,5749,5625,1791202
9/28/2010,5745,5636,5749,5623,2263488
9/27/2010,5618,5641,5659,5590,1143572
9/21/2010,5587,5672,5679,5582,1452154
9/20/2010,5707,5673,5728,5638,2068354
9/17/2010,5658,5630,5703,5625,2120428
9/16/2010,5618,5605,5629,5572,1845900
9/15/2010,5610,5678,5678,5580,1922972
9/14/2010,5632,5700,5705,5613,2188760
9/13/2010,5658,5680,5686,5633,1664068
9/10/2010,5649,5601,5658,5600,1741982
9/9/2010,5555,5610,5618,5497,1899076
9/8/2010,5610,5649,5670,5595,1734030
9/7/2010,5609,5580,5632,5575,1877348
9/6/2010,5588,5552,5604,5537,1560640
9/3/2010,5539,5555,5576,5528,1552126
9/2/2010,5550,5607,5607,5541,1666662
9/1/2010,5543,5496,5555,5490,2108718
8/31/2010,5492,5500,5518,5466,2115402
8/30/2010,5515,5395,5535,5387,2689588
8/27/2010,5351,5306,5368,5291,2052030
8/26/2010,5325,5281,5329,5256,1794434
8/25/2010,5274,5275,5293,5254,1781996
8/24/2010,5253,5265,5305,5246,1641792
8/23/2010,5258,5298,5298,5256,1530808
8/20/2010,5273,5331,5361,5263,1942804
8/19/2010,5347,5340,5359,5295,1867956
8/18/2010,5330,5399,5418,5325,1777374
8/17/2010,5370,5350,5380,5333,1276486
8/16/2010,5375,5409,5415,5360,1275336
8/13/2010,5384,5364,5398,5323,1836632
8/12/2010,5329,5366,5435,5320,1312800
8/11/2010,5289,5320,5335,5282,963596
8/10/2010,5272,5285,5303,5254,1063532
8/9/2010,5322,5261,5325,5260,1119806
8/6/2010,5262,5196,5266,5189,1211416
8/5/2010,5234,5241,5272,5226,1176540
8/4/2010,5219,5221,5235,5166,2174738
8/3/2010,5264,5280,5289,5245,1313378
8/2/2010,5281,5203,5313,5203,1630786
7/30/2010,5194,5175,5195,5152,1270222
7/29/2010,5152,5140,5174,5111,1327888
7/28/2010,5120,5075,5121,5071,1091224
7/27/2010,5067,5101,5125,5060,1421900
7/26/2010,5090,5046,5098,5041,1170520
7/23/2010,5046,5066,5073,5042,772846
7/22/2010,5023,5029,5033,5010,736670
7/21/2010,5018,5027,5035,5010,831496
7/20/2010,5040,5001,5051,5001,1423726
7/19/2010,4984,4962,4994,4960,949292
7/16/2010,4983,4976,4988,4961,1155958
7/15/2010,4939,4927,4958,4912,1308910
7/14/2010,4934,4966,4980,4914,2065752
7/13/2010,4956,4978,4992,4946,1668700
7/12/2010,4953,4956,4998,4952,1154764
7/9/2010,4972,4969,4981,4948,1262984
7/8/2010,4967,4997,5020,4965,1654372
7/7/2010,4952,4962,4981,4944,1461268
7/6/2010,4965,4970,4993,4945,2043976
7/5/2010,4980,4900,4996,4892,2303272
7/2/2010,4883,4851,4884,4848,1207948
7/1/2010,4834,4843,4859,4830,1180318
6/30/2010,4825,4781,4827,4775,1061148
6/29/2010,4802,4843,4852,4794,1269578
6/28/2010,4876,4878,4900,4871,1287932
6/25/2010,4863,4880,4889,4855,1363448
6/24/2010,4849,4820,4858,4805,1929298
6/23/2010,4831,4825,4860,4816,1628078
6/22/2010,4832,4832,4854,4822,1715788
6/21/2010,4846,4768,4861,4762,2006316
6/18/2010,4756,4777,4793,4751,1956496
6/17/2010,4789,4812,4835,4782,1121960
6/14/2010,4786,4762,4813,4750,1380294
6/11/2010,4786,4762,4813,4750,1380294
6/10/2010,4737,4760,4769,4730,1241380
6/9/2010,4775,4738,4781,4728,1876904
6/8/2010,4715,4691,4720,4675,1587212
6/7/2010,4676,4701,4712,4627,3689776
6/4/2010,4729,4708,4745,4705,2058214
6/3/2010,4719,4732,4741,4677,2885294
6/2/2010,4747,4686,4750,4667,2675890
6/1/2010,4675,4679,4693,4663,1676284
5/31/2010,4675,4671,4698,4646,2205222
5/28/2010,4718,4780,4796,4696,3520448
5/27/2010,4799,4798,4810,4767,2190138
5/26/2010,4798,4781,4806,4765,2155250
5/25/2010,4731,4780,4793,4731,2148384
5/24/2010,4817,4777,4818,4765,2099338
5/21/2010,4730,4707,4735,4661,2206100
5/20/2010,4731,4739,4770,4716,2352824
5/19/2010,4701,4683,4742,4675,3059674
5/18/2010,4695,4621,4709,4586,2723792
5/17/2010,4620,4748,4750,4620,2390062
5/14/2010,4778,4843,4858,4774,2702254
5/13/2010,4854,4876,4883,4834,1996472
5/12/2010,4832,4763,4850,4761,3157282
5/11/2010,4779,4800,4825,4767,2566282
5/10/2010,4800,4746,4800,4733,2399422
5/7/2010,4697,4710,4743,4686,2219988
5/6/2010,4794,4812,4838,4775,2566196
5/5/2010,4809,4780,4817,4760,2128582
5/4/2010,4819,4910,4917,4816,2799604
4/30/2010,4938,4955,4967,4914,2259096
4/29/2010,4926,4949,4972,4880,3254414
4/28/2010,4977,4920,5006,4909,2966836
4/27/2010,4986,5004,5007,4940,3110402
4/26/2010,5013,5089,5091,4984,4105350
4/23/2010,5091,5103,5118,5085,1885708
4/22/2010,5122,5090,5124,5080,2233068
4/21/2010,5099,5106,5116,5070,2295294
4/20/2010,5128,5126,5136,5113,1681800
4/19/2010,5069,5130,5141,5050,3034968
4/16/2010,5186,5162,5191,5151,2113588
4/15/2010,5162,5222,5227,5157,2691956
4/14/2010,5204,5220,5233,5202,2497846
4/13/2010,5193,5185,5208,5164,3175700
4/12/2010,5194,5170,5218,5156,3946366
4/9/2010,5136,5088,5145,5075,3484504
4/8/2010,5078,5091,5125,5069,2844088
4/7/2010,5096,5060,5099,5045,2043686
4/6/2010,5082,5087,5119,5066,2413048
4/2/2010,5100,5038,5102,5034,2422356
4/1/2010,5001,5001,5031,4982,2313582
3/31/2010,5077,5092,5125,5070,2071486
3/30/2010,5082,5128,5144,5066,2640960
3/29/2010,5117,5118,5150,5060,2880164
3/26/2010,5111,5018,5126,5006,2907790
3/25/2010,5051,5065,5081,5021,2312798
3/24/2010,4992,4945,4995,4911,3082462
3/23/2010,5031,5136,5147,5028,2867298
3/22/2010,5179,5131,5202,5131,1976420
3/19/2010,5145,5161,5181,5135,2173492
3/18/2010,5134,5083,5144,5066,3158552
3/17/2010,5057,4960,5076,4905,3573902
3/16/2010,5020,4951,5036,4911,2469746
3/15/2010,4979,5118,5142,4931,2920302
3/12/2010,5100,5076,5105,5020,1973386
3/11/2010,5082,5255,5270,5081,2555592
3/10/2010,5279,5318,5332,5260,2132386
3/9/2010,5383,5349,5409,5332,1921858
3/8/2010,5386,5396,5407,5341,1694046
3/5/2010,5361,5270,5365,5246,2457378
3/4/2010,5267,5310,5333,5245,2034004
3/3/2010,5324,5316,5357,5271,1802262
3/2/2010,5310,5422,5434,5266,1977114
3/1/2010,5466,5486,5522,5417,1691156
2/26/2010,5433,5374,5454,5356,2065616
2/25/2010,5741,5790,5876,5720,2144800
2/24/2010,5780,5745,5809,5720,2191008
2/23/2010,5764,5613,5771,5613,2203862
2/22/2010,5733,5947,5976,5650,1788322
2/12/2010,5840,5830,5868,5816,990698
2/11/2010,5785,5761,5843,5735,1781088
2/10/2010,5756,5582,5756,5576,1956908
2/9/2010,5558,5536,5563,5514,1182540
2/8/2010,5539,5448,5552,5445,2102440
2/5/2010,5497,5495,5523,5463,1720022
2/4/2010,5573,5590,5618,5536,2232436
2/3/2010,5657,5580,5660,5549,2583420
2/2/2010,5497,5452,5529,5424,2683812
2/1/2010,5430,5420,5486,5345,2245886
1/29/2010,5378,5421,5441,5352,1645452
1/28/2010,5383,5500,5505,5383,1442992
1/27/2010,5584,5645,5665,5578,1709924
1/26/2010,5652,5657,5688,5633,1961196
1/25/2010,5605,5583,5625,5570,1632596
1/22/2010,5584,5650,5682,5533,2615296
1/21/2010,5680,5494,5701,5485,3414108
1/20/2010,5489,5519,5549,5470,1788642
1/19/2010,5451,5451,5483,5424,1837926
1/18/2010,5430,5380,5473,5367,2381104
1/15/2010,5391,5443,5488,5388,2611636
1/14/2010,5455,5450,5479,5322,3022878
1/13/2010,5377,5515,5608,5354,2568264
1/12/2010,5545,5573,5601,5527,1555102
1/11/2010,5613,5599,5665,5551,2460750
1/8/2010,5418,5601,5636,5360,2356930
1/7/2010,5794,5969,5985,5703,2158418
1/6/2010,5923,5913,5990,5888,2337148
1/5/2010,5925,5950,5993,5901,2152544
1/4/2010,5901,5803,5901,5800,1145488
12/31/2009,5761,5614,5766,5596,1564322
12/30/2009,5599,5670,5679,5585,1866786
12/29/2009,5690,5686,5723,5659,1596956
12/28/2009,5691,5633,5705,5602,1766446
12/25/2009,5637,5594,5652,5584,1839716
12/24/2009,5588,5460,5588,5448,2008848
12/23/2009,5447,5425,5448,5413,1277618
12/22/2009,5379,5380,5412,5366,1195224
12/21/2009,5413,5384,5438,5328,2075258
12/18/2009,5377,5412,5438,5356,1388844
12/17/2009,5419,5473,5490,5418,1672588
12/16/2009,5413,5408,5427,5383,1544170
12/15/2009,5438,5445,5468,5410,2382570
12/14/2009,5371,5412,5453,5321,2075326
12/11/2009,5395,5352,5397,5331,1970478
12/10/2009,5301,5378,5410,5256,2586726
12/9/2009,5364,5372,5468,5344,2755374
12/8/2009,5402,5410,5448,5341,2746826
12/7/2009,5392,5208,5418,5208,2237288
12/4/2009,5230,5222,5245,5192,1535632
12/3/2009,5234,5135,5238,5134,1677106
12/2/2009,5115,5075,5127,5065,1502742
12/1/2009,5059,5070,5085,5038,1059992
11/30/2009,5081,4980,5114,4975,1546996
11/27/2009,4909,4946,4971,4852,1232110
11/26/2009,4966,4975,5028,4949,1351772
11/25/2009,4964,4936,4968,4912,1124684
11/24/2009,4920,4990,5016,4902,1717848
11/23/2009,5032,4913,5038,4913,1721826
11/20/2009,4904,4830,4915,4830,1297482
11/19/2009,4845,4836,4865,4831,722740
11/18/2009,4839,4839,4856,4823,764362
11/17/2009,4837,4890,4894,4831,1064038
11/16/2009,4875,4803,4880,4772,728014
11/13/2009,4807,4790,4811,4768,379106
11/12/2009,4800,4829,4849,4786,469164
11/11/2009,4623,4625,4639,4615,275444
11/10/2009,4631,4660,4668,4625,501726
11/9/2009,4663,4661,4678,4652,665932
11/6/2009,4643,4630,4657,4626,737610
11/5/2009,4631,4652,4673,4628,1061160
11/4/2009,4668,4677,4705,4659,2018964
11/3/2009,4667,4648,4689,4621,1754242
11/2/2009,4629,4620,4653,4606,1157156
10/30/2009,4620,4682,4697,4610,1500732
10/29/2009,4635,4608,4639,4575,1186638
10/28/2009,4636,4620,4668,4612,1338740
10/27/2009,4625,4620,4651,4591,1317584
10/26/2009,4643,4550,4644,4546,1321208
10/23/2009,4538,4477,4558,4463,1247156
10/22/2009,4506,4506,4532,4492,1117052
10/21/2009,4479,4530,4539,4460,1212166
10/20/2009,4550,4589,4602,4535,1486936
10/19/2009,4585,4453,4626,4444,1745656
10/16/2009,4475,4468,4483,4431,1294254
10/15/2009,4430,4503,4520,4411,1076940
10/14/2009,4508,4550,4557,4507,489196
10/13/2009,4505,4508,4531,4493,529422
10/12/2009,4500,4492,4519,4453,738042
10/9/2009,4573,4582,4600,4551,359860
9/30/2009,4647,4662,4680,4633,483174
9/29/2009,4644,4600,4645,4571,639558
9/28/2009,4559,4580,4588,4535,711404
9/25/2009,4556,4556,4577,4521,786792
9/24/2009,4563,4600,4609,4545,983622
9/23/2009,4582,4686,4693,4580,1142062
9/22/2009,4674,4670,4690,4663,608040
9/21/2009,4667,4632,4695,4632,1037012
9/18/2009,4645,4677,4691,4641,885574
9/17/2009,4688,4688,4704,4665,1035610
9/16/2009,4650,4653,4665,4618,878962
9/15/2009,4644,4669,4684,4635,1157394
9/14/2009,4603,4612,4635,4541,1330002
9/11/2009,4676,4618,4705,4617,2058704
9/10/2009,4588,4580,4630,4576,1404442
9/9/2009,4596,4640,4664,4575,2017116
9/8/2009,4647,4483,4648,4481,1871714
9/7/2009,4498,4550,4568,4481,1429440
9/4/2009,4643,4637,4686,4545,1989502
9/3/2009,4670,4656,4734,4656,2325450
9/2/2009,4645,4601,4656,4570,2457670
9/1/2009,4654,4785,4833,4627,3230686
8/31/2009,4753,5019,5019,4703,2841882
8/28/2009,4924,4838,4958,4823,2725854
8/27/2009,4814,4724,4821,4704,2191160
8/26/2009,4699,4720,4748,4691,1488424
8/25/2009,4729,4691,4750,4661,2127986
8/24/2009,4697,4616,4698,4616,1738752
8/21/2009,4570,4594,4648,4556,1927350
8/20/2009,4676,4718,4799,4541,2696542
8/19/2009,4686,4881,4882,4686,1010622
8/18/2009,4872,4936,4965,4838,1637148
8/17/2009,4874,4795,4978,4771,2818498
8/14/2009,4853,4883,4900,4811,1569618
8/13/2009,4933,4951,5044,4906,1929036
8/12/2009,4858,4790,4973,4770,2102198
8/11/2009,4788,4838,4850,4730,1355680
8/10/2009,4616,4590,4616,4590,64828
8/7/2009,4443,4404,4462,4401,975910
8/6/2009,4383,4395,4429,4380,896768
8/5/2009,4385,4466,4496,4382,1286028
8/4/2009,4462,4452,4533,4426,1628518
8/3/2009,4394,4241,4394,4241,619824
7/31/2009,4243,4176,4260,4170,792730
7/30/2009,4153,4182,4188,4147,252908
7/29/2009,4185,4137,4192,4128,324948
7/28/2009,4006,3988,4018,3975,280950
7/27/2009,3996,4050,4050,3985,382494
7/24/2009,4045,4045,4063,4030,284288
7/23/2009,4045,4077,4078,4026,453790
7/22/2009,4069,4092,4111,4057,488816
7/21/2009,4083,4150,4153,4078,295930
7/20/2009,4146,4115,4159,4115,220884
7/17/2009,4115,4125,4129,4105,228588
7/16/2009,4133,4126,4147,4115,326514
7/15/2009,4118,4114,4128,4089,502882
7/14/2009,4114,4160,4174,4107,610604
7/13/2009,4147,4187,4190,4144,246460
7/10/2009,4178,4193,4212,4177,211086
7/9/2009,4193,4180,4195,4170,164258
7/8/2009,4167,4200,4200,4160,254688
7/7/2009,4209,4219,4227,4204,173306
7/6/2009,4217,4236,4245,4210,197252
7/3/2009,4218,4215,4231,4208,215744
7/2/2009,4221,4231,4257,4212,397224
7/1/2009,4237,4221,4248,4221,331298
6/30/2009,4223,4210,4226,4201,317326
6/29/2009,4186,4181,4199,4176,201994
6/26/2009,4188,4184,4241,4182,633858
6/25/2009,4161,4140,4177,4130,449930
6/24/2009,4156,4170,4192,4137,782374
6/23/2009,4154,4169,4173,4146,286842
6/22/2009,4166,4182,4199,4164,358548
6/19/2009,4187,4135,4192,4118,674034
6/18/2009,4136,4179,4184,4131,264380
6/17/2009,4174,4155,4185,4151,351616
6/16/2009,4161,4140,4168,4111,454612
6/15/2009,4154,4190,4196,4142,349136
6/12/2009,4190,4206,4222,4180,262002
6/11/2009,4199,4224,4224,4199,207944
6/10/2009,4222,4235,4243,4218,194264
6/9/2009,4225,4221,4236,4216,252294
6/8/2009,4226,4260,4276,4222,424396
6/5/2009,4247,4203,4258,4198,569890
6/4/2009,4189,4167,4195,4161,214356
6/3/2009,4187,4201,4215,4183,338124
6/2/2009,4211,4190,4239,4184,542876
6/1/2009,4187,4188,4212,4180,259028
5/27/2009,4169,4174,4181,4160,182234
5/26/2009,4162,4152,4187,4138,369584
5/25/2009,4143,4169,4171,4120,273224
5/22/2009,4167,4173,4185,4160,173164
5/21/2009,4163,4169,4186,4159,204444
5/20/2009,4165,4190,4190,4147,405884
5/19/2009,4196,4226,4228,4189,249098
5/18/2009,4196,4195,4202,4167,356286
5/15/2009,4225,4235,4243,4219,208792
5/14/2009,4218,4211,4234,4204,409448
5/13/2009,4239,4180,4256,4177,657836
5/12/2009,4176,4183,4186,4148,261258
5/11/2009,4168,4178,4188,4163,203400
5/8/2009,4192,4181,4195,4160,260442
5/7/2009,4177,4170,4203,4160,347728
5/6/2009,4154,4151,4166,4144,244118
5/5/2009,4138,4129,4176,4119,481894
5/4/2009,4135,4209,4225,4133,584936
5/1/2009,4161,4200,4205,4132,453258
4/30/2009,4161,4200,4205,4132,453258
4/29/2009,4208,4145,4210,4138,609324
4/28/2009,4137,4142,4144,4113,271776
4/27/2009,4134,4110,4165,4107,498024
4/24/2009,4073,4098,4112,4051,406628
4/23/2009,4086,4116,4147,4016,572846
4/22/2009,4115,4138,4150,4096,269314
4/21/2009,4125,4070,4150,4066,699600
4/20/2009,3804,3818,3820,3798,196448
4/17/2009,3815,3825,3840,3805,280332
4/16/2009,3825,3830,3845,3798,424210
4/15/2009,3828,3866,3870,3805,406030
4/14/2009,3866,3864,3885,3849,560270
4/13/2009,3848,3879,3904,3833,932200
4/10/2009,3873,3772,3897,3765,1783466
4/9/2009,3766,3748,3784,3726,1028758
4/8/2009,3734,3785,3792,3730,899084
4/7/2009,3790,3787,3809,3780,594594
4/3/2009,3805,3816,3825,3792,728984
4/2/2009,3801,3800,3828,3782,965532
4/1/2009,3802,3845,3852,3792,1000710
3/31/2009,3820,3840,3865,3805,1550832
3/30/2009,3856,3760,3858,3735,1613886
3/27/2009,3773,3772,3803,3756,919568
3/26/2009,3762,3810,3813,3751,1350890
3/25/2009,3812,3820,3828,3806,774116
3/24/2009,3825,3799,3862,3799,1470658
3/23/2009,3814,3810,3841,3796,1305278
3/20/2009,3814,3861,3875,3800,1798498
3/19/2009,3839,3813,3840,3779,2380138
3/18/2009,3799,3857,3905,3794,2634112
3/17/2009,3844,3862,3881,3824,2103100
3/16/2009,3862,3824,3906,3816,2056948
3/13/2009,3819,3773,3820,3762,1685056
3/12/2009,3762,3748,3775,3730,1801138
3/11/2009,3742,3663,3760,3658,2382818
3/10/2009,3657,3600,3659,3583,1305486
3/9/2009,3601,3671,3671,3599,1275694
3/6/2009,3666,3647,3670,3633,1107802
3/5/2009,3658,3665,3683,3643,1460278
3/4/2009,3646,3630,3653,3590,2023086
3/3/2009,3626,3640,3691,3619,1416790
3/2/2009,3697,3720,3728,3670,1510138
2/27/2009,3729,3756,3758,3666,1789196
2/26/2009,3733,3703,3754,3690,2079082
2/25/2009,3667,3705,3718,3638,1493748
2/24/2009,3666,3680,3712,3630,1763398
2/23/2009,3678,3591,3684,3588,1801924
2/20/2009,3589,3562,3601,3542,1368348
2/19/2009,3545,3580,3580,3512,1725622
2/18/2009,3560,3613,3636,3511,2306354
2/17/2009,3630,3555,3679,3536,2020080
2/16/2009,3568,3610,3676,3540,2005276
2/13/2009,3580,3512,3582,3501,1534300
2/12/2009,3499,3405,3500,3405,1400708
2/11/2009,3386,3403,3442,3361,1108092
2/10/2009,3441,3408,3459,3365,955720
2/9/2009,3416,3388,3456,3385,872742
2/6/2009,3373,3286,3392,3276,991000
2/5/2009,3267,3267,3286,3259,444102
2/4/2009,3268,3255,3307,3245,900716
2/3/2009,3263,3205,3263,3193,624612
2/2/2009,3201,3152,3208,3149,385738
1/23/2009,3149,3155,3158,3128,124390
1/22/2009,3153,3141,3180,3141,260864
1/21/2009,3136,3135,3164,3127,261040
1/20/2009,3129,3201,3205,3116,416218
1/19/2009,3202,3199,3225,3184,464156
1/16/2009,3197,3200,3214,3185,449234
1/15/2009,3020,3038,3075,3016,609648
1/14/2009,3044,2973,3066,2973,1040086
1/13/2009,2949,2960,2987,2940,958818
1/12/2009,2991,2888,3007,2886,1476070
1/9/2009,2878,2892,2930,2864,897610
1/8/2009,2891,2880,2904,2862,680958
1/7/2009,2903,2930,2968,2901,1059758
1/6/2009,2936,2880,2950,2871,1164458
1/5/2009,2902,2955,2955,2880,1117452
12/31/2008,2852,2880,2883,2835,862886
12/30/2008,2877,2888,2906,2870,765168
12/29/2008,2898,2960,2961,2869,1120988
12/26/2008,2943,2974,2976,2900,1337770
12/25/2008,2964,3056,3078,2961,1405964
12/24/2008,3051,3072,3075,3045,391058
12/23/2008,3061,3065,3091,3058,426124
12/22/2008,3074,3049,3120,3044,974868
12/19/2008,3060,3044,3080,3036,387142
12/18/2008,3051,3057,3064,3038,481746
12/17/2008,3066,3061,3105,3048,776320
12/16/2008,3044,3059,3067,3026,646442
12/15/2008,3078,3074,3090,3066,724640
12/12/2008,3076,3079,3104,3060,957462
12/11/2008,3082,3102,3118,3070,847014
12/10/2008,3100,3047,3130,3047,1160558
12/9/2008,3048,3065,3079,3040,989408
12/8/2008,3057,3140,3140,3000,2061650
12/5/2008,3137,3117,3150,3088,2492622
12/4/2008,3124,3098,3190,3080,1737360
12/3/2008,3073,3059,3078,3049,827288
12/2/2008,3053,3033,3082,3033,1226096
12/1/2008,3054,3098,3110,3046,1107780
11/28/2008,3118,3149,3164,3102,1448822
11/27/2008,3154,3207,3210,3150,1060424
11/26/2008,3185,3140,3209,3130,1550002
11/25/2008,3157,3259,3260,3150,1553286
11/24/2008,3247,3276,3316,3237,946972
11/21/2008,3259,3260,3279,3203,2073050
11/20/2008,3277,3272,3294,3255,1313770
11/19/2008,3285,3275,3298,3258,1655886
11/18/2008,3256,3230,3309,3180,2217490
11/17/2008,3227,3250,3251,3205,1667636
11/14/2008,3227,3148,3239,3130,2259194
11/13/2008,3147,3130,3163,3062,2061980
11/12/2008,3136,3151,3200,3086,1811290
11/11/2008,3188,3280,3295,3188,1369846
11/10/2008,3301,3349,3362,3292,1738232
11/7/2008,3325,3310,3348,3271,2530792
11/6/2008,3307,3201,3323,3200,2804490
11/5/2008,3233,3196,3236,3184,1617776
11/4/2008,3164,3207,3210,3156,1136954
11/3/2008,3210,3220,3246,3198,1910438
10/31/2008,3276,3155,3290,3127,2829194
10/30/2008,3194,3210,3253,3162,2520796
10/29/2008,3151,3186,3208,3146,1574732
10/28/2008,3213,3208,3230,3149,1823174
10/27/2008,3158,3213,3256,3140,2275018
10/24/2008,3213,3300,3324,3181,3095374
10/23/2008,3266,3111,3266,3081,4307714
10/22/2008,3129,3140,3195,3081,2799072
10/21/2008,3160,3210,3210,3096,2052628
10/20/2008,3255,3210,3268,3168,2202902
10/17/2008,3115,3100,3115,3055,1455866
10/16/2008,3002,2950,3038,2942,4182228
10/15/2008,3000,2900,3009,2869,3458800
10/14/2008,2921,2985,3049,2913,1541144
10/13/2008,2925,2800,2925,2800,968476
10/10/2008,2807,2866,2868,2789,1965942
10/9/2008,2899,2879,2915,2865,1197920
10/8/2008,2870,2910,2935,2843,1117194
10/7/2008,2930,2843,2939,2843,1501324
10/6/2008,3025,3025,3025,3025,6908
9/26/2008,3128,3181,3185,3127,541410
9/25/2008,3169,3161,3184,3153,409310
9/24/2008,3162,3187,3190,3158,610602
9/23/2008,3190,3239,3242,3183,599630
9/22/2008,3221,3201,3228,3177,1011268
9/19/2008,3192,3200,3220,3188,487562
9/18/2008,3224,3268,3272,3210,568172
9/17/2008,3253,3255,3267,3230,545650
9/16/2008,3248,3270,3286,3235,1048350
9/15/2008,3298,3282,3310,3278,542806
9/12/2008,3300,3282,3310,3278,532084
9/11/2008,3291,3312,3336,3271,857158
9/10/2008,3296,3276,3300,3228,544122
9/9/2008,3189,3220,3225,3179,698980
9/8/2008,3225,3225,3238,3215,472906
9/5/2008,3226,3220,3243,3208,748376
9/4/2008,3238,3231,3272,3182,1402744
9/3/2008,3236,3250,3261,3233,957180
9/2/2008,3240,3288,3310,3236,1347874
9/1/2008,3313,3295,3345,3278,1469786
8/29/2008,3309,3225,3340,3221,1585738
8/28/2008,3237,3237,3250,3223,583264
8/27/2008,3267,3278,3279,3248,701112
8/26/2008,3252,3275,3276,3212,1021096
8/25/2008,3281,3278,3291,3267,573922
8/22/2008,3284,3279,3296,3263,1002256
8/21/2008,3257,3270,3284,3240,1162634
8/20/2008,3281,3280,3310,3262,1257580
8/19/2008,3262,3325,3330,3252,1243228
8/18/2008,3321,3312,3331,3293,983056
8/15/2008,3281,3321,3344,3280,1169838
8/14/2008,3357,3450,3472,3346,1710062
8/13/2008,3430,3362,3450,3345,1548956
8/12/2008,3355,3320,3362,3300,1135006
8/11/2008,3323,3290,3346,3272,1473678
8/8/2008,3307,3307,3323,3270,1059426
8/7/2008,3331,3342,3360,3295,957512
8/6/2008,3347,3317,3350,3315,984520
8/5/2008,3295,3325,3347,3288,1834742
8/4/2008,3370,3483,3501,3350,1886538
8/1/2008,3484,3488,3512,3458,1400002
7/31/2008,3477,3502,3507,3475,1253400
7/30/2008,3476,3473,3517,3455,1761682
7/29/2008,3449,3473,3497,3445,1501140
7/28/2008,3478,3482,3550,3451,2087724
7/25/2008,3475,3415,3489,3404,1725542
7/24/2008,3409,3378,3415,3344,1485576
7/23/2008,3369,3347,3401,3323,1395862
7/22/2008,3358,3445,3462,3335,1234312
7/21/2008,3446,3491,3494,3445,624180
7/20/2008,3497,3510,3520,3485,612224
7/17/2008,3582,3598,3598,3575,190132
7/16/2008,3595,3579,3619,3579,755170
7/15/2008,3580,3590,3600,3570,510976
7/14/2008,3601,3604,3633,3588,684896
7/11/2008,3618,3556,3647,3550,752064
7/10/2008,3554,3590,3592,3542,740246
7/9/2008,3591,3616,3627,3568,719710
7/8/2008,3613,3620,3640,3583,777998
7/7/2008,3642,3649,3665,3619,784056
7/4/2008,3652,3735,3735,3619,931680
7/3/2008,3730,3789,3794,3700,576542
7/2/2008,3780,3790,3800,3772,590358
7/1/2008,3770,3796,3811,3762,783376
6/30/2008,3782,3788,3798,3757,511462
6/27/2008,3779,3805,3819,3766,612112
6/26/2008,3785,3769,3808,3748,681642
6/25/2008,3768,3718,3802,3681,1188428
6/24/2008,3770,3900,3912,3770,903562
6/23/2008,3914,3935,3950,3912,613090
6/20/2008,3926,3935,3945,3906,763796
6/19/2008,3951,4050,4068,3947,1539200
6/18/2008,4043,3922,4065,3916,1642306
6/17/2008,3923,3921,3937,3916,499328
6/16/2008,3915,3930,3935,3907,521264
6/13/2008,3918,3915,3927,3882,783858
6/12/2008,3913,3975,3975,3911,860574
6/11/2008,3917,3904,3923,3879,668762
6/10/2008,3902,3916,3931,3900,557604
6/9/2008,3917,3935,3949,3894,1200096
6/6/2008,3917,3935,3949,3894,1200096
6/5/2008,3916,3919,3920,3894,625222
6/4/2008,3901,3856,3904,3856,582272
6/3/2008,3898,3926,3932,3883,810178
6/2/2008,3908,3925,3936,3903,970138
5/30/2008,3897,3874,3923,3855,1209418
5/29/2008,3892,3925,3945,3890,1164134
5/28/2008,3922,3856,3928,3840,1095776
5/27/2008,3873,3885,3894,3860,869402
5/26/2008,3884,3833,3899,3823,1118200
5/23/2008,3837,3801,3838,3791,541086
5/22/2008,3825,3870,3879,3814,769314
5/21/2008,3851,3822,3862,3822,660352
5/20/2008,3834,3860,3874,3826,723232
5/19/2008,3893,3918,3926,3875,677336
5/16/2008,3908,3920,3961,3905,973806
5/15/2008,3920,3881,3923,3876,889718
5/14/2008,3887,3890,3908,3871,754336
5/13/2008,3936,3949,3971,3914,980440
5/12/2008,3959,3902,3986,3902,1382940
5/9/2008,3888,3879,3904,3871,991166
5/8/2008,3889,3910,3929,3859,1437536
5/7/2008,3907,3980,4007,3903,1675354
5/6/2008,3975,3885,4028,3853,1674422
5/5/2008,3889,3833,3895,3820,1066370
5/2/2008,3826,3863,3887,3819,1059514
5/1/2008,3826,3863,3887,3819,1059514
4/30/2008,3826,3863,3887,3819,1059514
4/29/2008,3877,3880,3892,3858,1094450
4/28/2008,3901,3839,3902,3839,1335020
4/25/2008,3827,3805,3874,3798,1488996
4/24/2008,3853,3800,3862,3790,1327848
4/23/2008,3825,3840,3852,3798,1417376
4/22/2008,3808,3800,3825,3723,1409570
4/21/2008,3924,4047,4047,3924,405638
4/18/2008,4061,4096,4131,4058,2027298
4/17/2008,4103,4131,4180,4084,1848312
4/16/2008,4148,4067,4199,4035,2286458
4/15/2008,4067,4007,4074,3996,1622514
4/14/2008,4004,3940,4028,3913,1348578
4/11/2008,3950,4029,4029,3948,1149552
4/10/2008,4036,4083,4092,4008,1438782
4/9/2008,4034,3922,4040,3908,1602078
4/8/2008,3939,3963,3998,3920,1349296
4/7/2008,3952,3880,3955,3834,1304044
4/4/2008,3913,4000,4000,3883,1147210
4/3/2008,3913,4000,4000,3883,1147210
4/2/2008,3964,3987,4005,3926,756858
4/1/2008,3709,3790,3817,3677,1034854
3/31/2008,4132,4135,4155,4088,686108
3/28/2008,4163,4200,4219,4135,721408
3/27/2008,4201,4188,4255,4171,828764
3/26/2008,4193,4265,4276,4190,665348
3/25/2008,4255,4215,4258,4139,749078
3/24/2008,3923,4011,4020,3922,567768
3/21/2008,3999,3995,4031,3980,592322
3/20/2008,3976,3875,4003,3872,1044716
3/19/2008,3976,3980,4009,3932,635790
3/18/2008,3951,3951,4007,3951,682032
3/17/2008,4066,4180,4186,4066,1060082
3/14/2008,4229,4245,4262,4212,781954
3/13/2008,4229,4225,4254,4151,1119658
3/12/2008,4215,4390,4400,4211,1030116
3/11/2008,4380,4399,4412,4361,861824
3/10/2008,4383,4290,4399,4278,1640566
3/7/2008,4336,4353,4396,4313,1095062
3/6/2008,4452,4549,4570,4395,1267154
3/5/2008,4496,4501,4580,4484,920882
3/4/2008,4584,4792,4844,4450,1529252
3/3/2008,4761,4680,4761,4651,960366
2/29/2008,4605,4530,4630,4502,1455132
2/28/2008,4523,4545,4572,4489,1378446
2/27/2008,4535,4560,4588,4443,1560216
2/26/2008,4516,4523,4544,4439,1525234
2/25/2008,4520,4650,4696,4475,1837872
2/22/2008,4643,4700,4733,4613,1439650
2/21/2008,4707,4620,4750,4598,1399498
2/20/2008,4612,4540,4628,4481,818586
2/19/2008,4345,4290,4357,4230,780858
2/18/2008,4290,4262,4290,4262,278650
2/15/2008,4170,4098,4188,4046,929042
2/14/2008,4047,4040,4135,4028,514830
2/13/2008,4010,3900,4010,3884,370162
2/5/2008,3867,3862,3882,3837,170678
2/4/2008,3870,3907,3921,3863,216428
2/1/2008,3878,3850,3880,3842,260756
1/31/2008,3841,3828,3850,3820,237948
1/29/2008,3828,3842,3855,3806,337020
1/28/2008,3822,3799,3873,3790,472554
1/25/2008,3763,3754,3773,3748,220452
1/24/2008,3752,3714,3764,3712,283690
1/23/2008,3736,3740,3746,3714,385968
1/22/2008,3707,3724,3754,3693,534422
1/21/2008,3778,3790,3798,3760,429714
1/18/2008,3818,3837,3860,3770,504210
1/17/2008,3802,3810,3833,3755,620780
1/16/2008,3818,3945,3951,3818,366386
1/15/2008,3955,3984,4012,3942,499384
1/14/2008,3974,3986,3988,3960,263820
1/11/2008,3991,4037,4037,3982,379836
1/10/2008,4039,4008,4039,3997,630752
1/9/2008,3996,4000,4018,3976,368060
1/8/2008,4005,4004,4032,3991,493698
1/7/2008,4009,4005,4019,3963,491090
1/4/2008,3991,3966,3999,3960,553988
1/3/2008,3925,3954,3966,3911,360378
1/2/2008,3955,3933,3968,3927,331010
1/1/2008,3952,3980,3990,3933,412180
12/31/2007,3952,3980,3990,3933,412180
12/28/2007,3952,3980,3990,3933,412180
12/27/2007,3980,4043,4076,3974,526244
12/26/2007,4059,4007,4064,4003,418924
12/25/2007,4012,4049,4058,4010,314674
12/24/2007,4050,4037,4069,4015,557812
12/21/2007,4040,4091,4093,4039,617476
12/20/2007,4045,4033,4050,4018,594256
12/19/2007,4011,4039,4052,4002,591678
12/18/2007,4045,4098,4123,4036,1094826
12/17/2007,4064,4058,4096,4058,801810
12/14/2007,4029,3957,4035,3953,700072
12/13/2007,3959,3961,3984,3947,414698
12/12/2007,3944,3988,4011,3940,585662
12/11/2007,3967,3930,3991,3929,645454
12/10/2007,3904,3913,3927,3873,405840
12/7/2007,3912,3918,3922,3886,358816
12/6/2007,3909,3964,3975,3903,325708
12/5/2007,3960,3940,3963,3930,340032
12/4/2007,3938,3920,3941,3907,256922
12/3/2007,3928,3935,3960,3912,264132
11/30/2007,3945,3970,3974,3931,348160
11/29/2007,4003,3961,4015,3961,496462
11/28/2007,3929,3943,3956,3920,368240
11/27/2007,3952,3989,4009,3949,425940
11/26/2007,4015,4023,4060,3993,434192
11/23/2007,4008,3947,4023,3945,422136
11/22/2007,3855,3860,3881,3839,330038
11/21/2007,3866,3865,3893,3837,482712
11/20/2007,3854,3801,3859,3758,532110
11/19/2007,3815,3801,3823,3779,345778
11/16/2007,3799,3805,3814,3778,450842
11/15/2007,3820,3861,3871,3811,372304
11/14/2007,3847,3816,3850,3806,367866
11/13/2007,3823,3855,3858,3808,524380
11/12/2007,3866,3900,3908,3861,477862
11/9/2007,3924,3899,3939,3880,523120
11/8/2007,3895,3885,3913,3863,514444
11/7/2007,3901,3896,3936,3885,724578
11/6/2007,3865,3892,3896,3838,564324
11/5/2007,3886,3880,3907,3850,666482
11/2/2007,3872,3938,3949,3869,622674
11/1/2007,3967,4001,4007,3923,661146
10/31/2007,3971,4038,4038,3956,575120
10/30/2007,4057,4094,4109,4046,631166
10/29/2007,4114,4008,4115,4005,894388
10/26/2007,4012,4002,4018,3970,842220
10/25/2007,3978,4064,4085,3956,801098
10/24/2007,4063,4062,4076,4041,582212
10/23/2007,4061,4085,4108,4026,808200
10/22/2007,4071,4149,4150,4068,875414
10/19/2007,4165,4187,4187,4140,691576
10/18/2007,4161,4181,4208,4115,1001272
10/17/2007,4175,4226,4235,4160,958050
10/16/2007,4206,4165,4225,4150,985280
10/15/2007,4136,4092,4138,4078,885980
10/12/2007,4090,4122,4155,4076,1050206
10/11/2007,4108,4062,4117,4057,1258186
10/10/2007,4082,4050,4130,4028,1360282
10/9/2007,4039,3915,4049,3915,1057674
10/8/2007,3921,3870,3924,3865,490786
9/28/2007,3916,3890,3916,3885,395748
9/27/2007,3871,3885,3909,3866,489110
9/26/2007,3890,3855,3897,3841,539038
9/25/2007,3863,3890,3895,3852,485456
9/24/2007,3883,3885,3912,3867,598266
9/21/2007,3889,3933,3949,3875,1071286
9/20/2007,3918,3880,3931,3854,1011488
9/19/2007,3829,3904,3925,3819,649094
9/18/2007,3904,3878,3905,3855,647340
9/17/2007,3878,3791,3882,3787,675578
9/14/2007,3767,3748,3772,3741,298526
9/13/2007,3755,3772,3799,3750,514364
9/12/2007,3771,3716,3772,3711,530600
9/11/2007,3711,3692,3729,3680,419654
9/10/2007,3703,3750,3750,3701,384818
9/7/2007,3748,3765,3782,3745,395632
9/6/2007,3767,3761,3785,3740,442146
9/5/2007,3762,3763,3773,3735,531398
9/4/2007,3751,3821,3848,3748,665344
9/3/2007,3825,3812,3850,3805,443518
8/31/2007,3822,3829,3863,3821,544530
8/30/2007,3809,3755,3817,3740,499728
8/29/2007,3751,3724,3769,3721,406774
8/28/2007,3730,3768,3768,3723,485500
8/27/2007,3761,3750,3792,3738,512266
8/24/2007,3776,3820,3834,3773,396272
8/23/2007,3835,3870,3872,3824,525462
8/22/2007,3818,3775,3833,3759,569006
8/21/2007,3804,3836,3849,3774,566016
8/20/2007,3789,3653,3793,3640,231532
8/17/2007,3686,3653,3717,3640,349140
8/16/2007,3740,3775,3778,3727,233086
8/15/2007,3771,3788,3795,3765,246286
8/14/2007,3751,3750,3775,3723,315190
8/13/2007,3767,3803,3810,3743,370214
8/10/2007,3844,3867,3877,3815,459710
8/9/2007,3876,3779,3898,3776,689460
8/8/2007,3777,3810,3835,3753,462184
8/7/2007,3877,3885,3907,3860,327200
8/6/2007,3888,3810,3888,3810,240422
8/3/2007,3743,3735,3770,3712,413140
8/2/2007,3740,3698,3798,3679,738536
8/1/2007,3681,3724,3745,3670,534108
7/31/2007,3699,3586,3699,3586,618094
7/30/2007,3584,3509,3591,3502,317536
7/27/2007,3519,3530,3545,3512,201096
7/26/2007,3535,3540,3553,3522,221654
7/25/2007,3532,3526,3556,3510,390312
7/24/2007,3519,3466,3528,3466,273490
7/23/2007,3480,3489,3502,3472,180216
7/20/2007,3481,3461,3489,3456,184716
7/19/2007,3446,3441,3458,3436,144686
7/18/2007,3424,3392,3429,3380,83924
7/16/2007,3409,3392,3428,3380,207972
7/13/2007,3409,3392,3428,3380,207972
7/12/2007,3401,3420,3428,3388,203934
7/11/2007,3415,3468,3470,3411,219222
7/10/2007,3469,3475,3476,3465,145584
7/9/2007,3465,3472,3479,3455,122316
7/6/2007,3473,3476,3491,3464,138322
7/5/2007,3479,3474,3480,3462,127998
7/4/2007,3468,3499,3503,3466,148748
7/3/2007,3488,3462,3495,3453,151870
7/2/2007,3484,3471,3490,3451,170654
6/29/2007,3474,3511,3513,3463,216150
6/28/2007,3522,3535,3540,3514,128030
6/27/2007,3540,3563,3572,3536,158234
6/26/2007,3546,3560,3572,3526,169856
6/25/2007,3577,3590,3616,3572,247764
6/22/2007,3597,3540,3602,3536,245708
6/21/2007,3532,3523,3536,3521,66566
6/20/2007,3525,3538,3553,3523,90882
6/19/2007,3546,3575,3578,3545,126346
6/18/2007,3535,3517,3535,3506,112762
6/15/2007,3503,3520,3520,3496,93506
6/14/2007,3514,3560,3561,3506,125968
6/13/2007,3560,3573,3584,3555,107952
6/12/2007,3592,3607,3612,3586,76104
6/11/2007,3588,3586,3600,3571,85610
6/8/2007,3568,3601,3609,3565,95916
6/7/2007,3604,3631,3635,3601,90646
6/6/2007,3619,3597,3625,3582,109556
6/5/2007,3628,3602,3629,3601,100348
6/4/2007,3642,3639,3667,3637,131684
6/1/2007,3634,3620,3645,3611,139526
5/31/2007,3627,3594,3631,3570,141826
5/30/2007,3586,3580,3653,3585,81658
5/29/2007,3644,3580,3653,3552,76002
5/28/2007,3642,3580,3653,3552,98532
5/25/2007,3688,3712,3722,3682,102244
5/24/2007,3693,3696,3710,3684,86638
5/23/2007,3698,3706,3717,3683,121364
5/22/2007,3724,3722,3735,3713,113462
5/21/2007,3687,3678,3701,3665,149900
5/18/2007,3691,3694,3706,3662,165770
5/17/2007,3694,3733,3738,3686,139988
5/16/2007,3724,3729,3748,3713,207986
5/15/2007,3791,3790,3810,3768,224730
5/14/2007,3815,3785,3815,3774,190780
5/11/2007,3771,3750,3795,3742,196902
5/10/2007,3753,3799,3819,3750,190026
5/9/2007,3791,3772,3798,3765,138590
5/8/2007,3785,3749,3788,3732,124804
4/30/2007,3722,3698,3733,3690,81026
4/27/2007,3717,3758,3764,3716,86160
4/26/2007,3755,3742,3776,3738,85846
4/25/2007,3728,3710,3738,3702,78974
4/24/2007,3719,3681,3730,3677,73124
4/23/2007,3693,3770,3787,3691,34428
4/20/2007,3763,3770,3787,3749,40072
4/19/2007,3723,3715,3739,3696,55728
4/18/2007,3739,3780,3782,3728,64680
4/17/2007,3781,3788,3797,3775,61588
4/16/2007,3827,3858,3866,3814,75642
4/13/2007,3867,3808,3868,3808,83138
4/12/2007,3821,3831,3840,3816,63270
4/11/2007,3817,3849,3859,3810,108760
4/10/2007,3886,3875,3894,3852,112404
4/9/2007,3865,3912,3918,3859,103012
4/6/2007,3912,3921,3934,3908,93356
4/5/2007,3907,3920,3934,3907,81738
4/4/2007,3926,3908,3936,3905,116840
4/3/2007,3906,3890,3917,3880,109564
4/2/2007,3905,3881,3907,3880,96168
3/30/2007,3891,3928,3930,3890,175516
3/29/2007,3954,3963,3977,3944,114980
3/28/2007,3969,4011,4018,3961,136040
3/27/2007,3989,3990,4011,3981,155070
3/26/2007,4033,4040,4059,4026,171994
3/23/2007,4047,4027,4052,4012,176702
3/22/2007,4015,4038,4062,4008,225032
3/21/2007,4026,4034,4068,4019,190754
3/20/2007,4031,3984,4038,3982,118668
3/19/2007,3904,3863,3904,3860,52604
3/16/2007,3863,3870,3876,3853,75024
3/15/2007,3886,3896,3890,3881,77738
3/14/2007,3894,3888,3910,3879,93830
3/13/2007,3896,3929,3929,3883,125366
3/12/2007,3934,3915,3942,3910,118610
3/9/2007,3907,3876,3913,3870,165496
3/8/2007,3879,3830,3881,3826,106992
3/7/2007,3835,3836,3842,3821,47446
3/6/2007,3838,3800,3841,3795,83308
3/5/2007,3830,3852,3868,3823,107818
3/2/2007,3836,3822,3850,3822,99302
3/1/2007,3788,3810,3827,3783,133038
2/28/2007,3831,3785,3838,3771,184872
2/27/2007,3783,3788,3809,3776,76536
2/26/2007,3794,3815,3815,3761,76524
2/16/2007,3817,3773,3818,3770,85146
2/15/2007,3743,3716,3749,3712,67622
2/14/2007,3712,3668,3712,3668,49600
2/13/2007,3678,3668,3681,3668,17090
2/12/2007,3677,3690,3697,3673,38150
2/9/2007,3679,3690,3695,3677,42492
2/8/2007,3677,3662,3678,3651,53752
2/7/2007,3674,3700,3701,3671,94678
2/6/2007,3719,3735,3758,3711,109882
2/5/2007,3738,3710,3753,3705,121294
2/2/2007,3720,3705,3728,3684,131186
2/1/2007,3714,3726,3756,3711,211268
1/31/2007,3732,3667,3737,3654,189834
1/30/2007,3656,3629,3680,3629,88506
1/29/2007,3649,3635,3649,3628,44720
1/26/2007,3628,3636,3638,3616,47676
1/25/2007,3637,3640,3670,3631,61086
1/24/2007,3639,3629,3657,3622,67290
1/23/2007,3637,3629,3644,3623,50292
1/22/2007,3621,3627,3635,3607,59190
1/19/2007,3628,3626,3633,3614,55138
1/18/2007,3623,3650,3653,3602,125218
1/17/2007,3659,3654,3675,3653,40866
1/16/2007,3666,3665,3667,3650,50496
1/15/2007,3678,3678,3697,3656,133258
1/12/2007,3647,3655,3665,3631,114326
1/11/2007,3672,3662,3689,3660,98192
1/10/2007,3661,3650,3670,3648,61946
1/9/2007,3663,3671,3672,3638,103596
1/8/2007,3660,3650,3685,3649,114822
1/5/2007,3659,3650,3672,3620,165060
1/4/2007,3649,3715,3738,3648,133362
12/29/2006,3773,3748,3780,3742,83506
12/28/2006,3741,3733,3743,3730,44656
12/27/2006,3734,3730,3749,3727,72710
12/26/2006,3743,3730,3754,3715,90750
12/25/2006,3733,3730,3745,3721,100634
12/22/2006,3741,3770,3758,3732,117162
12/21/2006,3769,3760,3780,3760,89394
12/20/2006,3772,3759,3787,3753,94290
12/19/2006,3768,3786,3797,3763,92836
12/18/2006,3759,3763,3768,3740,85774
12/15/2006,3772,3784,3784,3756,91776
12/14/2006,3781,3754,3790,3731,136160
12/13/2006,3744,3767,3758,3742,134370
12/12/2006,3786,3790,3809,3776,158732
12/11/2006,3783,3766,3795,3766,115830
12/8/2006,3754,3730,3762,3720,153276
12/7/2006,3747,3715,3758,3694,221638
12/6/2006,3744,3792,3747,3731,205564
12/5/2006,3782,3735,3799,3718,236506
12/4/2006,3772,3805,3815,3753,236694
12/1/2006,3829,3938,3939,3816,295434
11/30/2006,3960,3984,4000,3950,179074
11/29/2006,3920,3950,3974,3895,214886
11/28/2006,3927,3915,3988,3909,269106
11/27/2006,3890,3899,3913,3852,204788
11/24/2006,3891,3893,3921,3876,188920
11/23/2006,3902,3850,3917,3841,256304
11/22/2006,3869,3868,3880,3835,210554
11/21/2006,3860,3885,3887,3833,259464
11/20/2006,3868,3976,3982,3863,332452
11/17/2006,3941,3954,3975,3923,255026
11/16/2006,4010,3988,4012,3956,317556
11/15/2006,4014,3960,4020,3953,383978
11/14/2006,3929,3980,3984,3921,405954
11/13/2006,3982,3890,3984,3885,516530
11/10/2006,3916,3914,3949,3891,503490
11/9/2006,3882,3810,3895,3810,460900
11/8/2006,3754,3770,3782,3745,77920
11/7/2006,3808,3812,3823,3800,106890
11/6/2006,3830,3832,3865,3805,326224
11/3/2006,3818,3832,3865,3805,82256
11/2/2006,3813,3825,3844,3801,90942
11/1/2006,3827,3752,3830,3752,399750
10/27/2006,3825,3816,3836,3784,451920
10/26/2006,3802,3780,3852,3775,585032
10/25/2006,3768,3845,3855,3766,459350
10/24/2006,3836,3908,3917,3825,492700
10/23/2006,3861,3731,3861,3722,308418
10/20/2006,3729,3715,3733,3688,315190
10/19/2006,3712,3640,3731,3621,539088
10/18/2006,3664,3723,3765,3641,505454
10/17/2006,3610,3640,3656,3600,61252
10/16/2006,3607,3512,3607,3508,329114
10/13/2006,3494,3440,3508,3439,196406
10/12/2006,3430,3410,3436,3403,125362
10/11/2006,3415,3406,3437,3404,138456
10/10/2006,3431,3422,3467,3417,176190
10/9/2006,3416,3342,3421,3338,158382
9/29/2006,3341,3355,3365,3336,141534
9/28/2006,3337,3362,3368,3322,220298
9/27/2006,3366,3377,3389,3352,236812
9/26/2006,3378,3318,3378,3309,339416
9/25/2006,3324,3284,3352,3284,238802
9/22/2006,3419,3399,3446,3395,281826
9/21/2006,3467,3446,3499,3420,381576
9/20/2006,3434,3539,3566,3433,490512
9/19/2006,3566,3500,3576,3471,449016
9/18/2006,3511,3450,3511,3441,257782
9/15/2006,3432,3380,3447,3368,217186
9/14/2006,3424,3430,3445,3388,306858
9/13/2006,3338,3345,3374,3301,320684
9/12/2006,3351,3368,3403,3344,274430
9/11/2006,3398,3518,3526,3374,389716
9/8/2006,3470,3360,3477,3315,428834
9/7/2006,3375,3381,3395,3358,227680
9/6/2006,3370,3395,3412,3341,312164
9/5/2006,3385,3362,3427,3336,383044
9/4/2006,3343,3370,3445,3309,553748
9/1/2006,3376,3302,3376,3297,185572
8/31/2006,3272,3225,3285,3210,344162
8/30/2006,3255,3358,3286,3228,322846
8/29/2006,3283,3358,3364,3280,222046
8/28/2006,3370,3395,3415,3362,202538
8/25/2006,3385,3367,3388,3354,225408
8/24/2006,3383,3400,3405,3339,430474
8/23/2006,3360,3421,3442,3343,295072
8/22/2006,3419,3446,3462,3393,274432
8/21/2006,3433,3548,3550,3426,272642
8/18/2006,3558,3470,3559,3470,238494
8/17/2006,3511,3476,3521,3476,192996
8/16/2006,3495,3510,3534,3493,221942
8/15/2006,3488,3442,3556,3442,343658
8/14/2006,3614,3680,3680,3614,128586
8/11/2006,3733,3772,3803,3731,187230
8/10/2006,3801,3799,3830,3781,199480
8/9/2006,3806,3824,3865,3770,414186
8/8/2006,3832,3730,3847,3724,327300
8/7/2006,3742,3840,3810,3739,168334
8/4/2006,3834,3819,3850,3817,110902
8/3/2006,3830,3855,3872,3818,189920
8/2/2006,3892,3888,3920,3875,155022
8/1/2006,3877,3960,3966,3872,196926
7/31/2006,3967,3892,3974,3891,262580
7/28/2006,3888,3850,3889,3845,137214
7/27/2006,3870,3855,3893,3838,164996
7/26/2006,3870,3826,3898,3825,271184
7/25/2006,3864,3885,3893,3852,264052
7/24/2006,3860,3909,3918,3858,221444
7/21/2006,3910,3870,3918,3847,308452
7/20/2006,3890,3955,3974,3888,238426
7/19/2006,3995,4015,4038,3975,226520
7/18/2006,4118,4136,4149,4114,56134
7/17/2006,4118,4136,4149,4114,56134
7/14/2006,4148,4136,4149,4120,140620
7/13/2006,4118,4083,4125,4083,167042
7/12/2006,4136,4139,4150,4113,245008
7/11/2006,4146,4080,4159,4051,369554
7/10/2006,4128,4185,4195,4123,238726
7/7/2006,4228,4300,4314,4227,297738
7/6/2006,4271,4236,4299,4194,428484
7/5/2006,4172,4181,4206,4138,232126
7/4/2006,4194,4211,4276,4183,324326
7/3/2006,4272,4211,4276,4205,331500
6/30/2006,4272,4211,4276,4205,331500
6/29/2006,4168,4220,4233,4159,208030
6/28/2006,4201,4200,4256,4192,245880
6/27/2006,4258,4358,4371,4230,386116
6/26/2006,4296,4179,4312,4166,338584
6/23/2006,4200,4237,4254,4200,200004
6/22/2006,4305,4298,4325,4265,215298
6/21/2006,4175,4200,4215,4141,265154
6/20/2006,4128,4000,4136,3975,250062
6/19/2006,4067,4180,4180,4060,186816
6/16/2006,4204,4230,4270,4168,230428
6/15/2006,4138,4179,4230,4090,216920
6/14/2006,4195,4112,4205,4043,284632
6/13/2006,4265,4361,4370,4265,121186
6/12/2006,4393,4480,4490,4380,138956
6/9/2006,4460,4477,4495,4445,154738
6/8/2006,4520,4580,4590,4515,120672
6/7/2006,4530,4521,4555,4480,170980
6/6/2006,4561,4650,4656,4559,147256
6/5/2006,4644,4675,4679,4609,133800
6/2/2006,4627,4586,4630,4511,169216
6/1/2006,4612,4640,4682,4612,96884
5/31/2006,4776,4814,4839,4775,175416
5/30/2006,4786,4852,4903,4780,162300
5/29/2006,4846,4781,4854,4759,141476
5/26/2006,4875,4830,4883,4827,158692
5/25/2006,4806,4828,4855,4764,102456
5/24/2006,4908,4988,5010,4900,242500
5/23/2006,4881,4800,4928,4800,151990
5/22/2006,4759,4740,4810,4722,158738
5/19/2006,4719,4686,4759,4680,104826
5/18/2006,4836,4900,4926,4830,136346
5/17/2006,4978,5030,5062,4882,189466
5/16/2006,4960,5000,5125,4960,178426
5/15/2006,5257,5040,5300,5040,223626
5/12/2006,5023,5090,5253,4950,144872
5/11/2006,5039,4830,5039,4822,69186
5/10/2006,4836,4867,4867,4824,67796
5/9/2006,4794,4760,4826,4748,69432
5/8/2006,4763,4808,4847,4750,86242
4/28/2006,4778,4757,4780,4733,71906
4/27/2006,4773,4749,4790,4730,104794
4/26/2006,4738,4650,4750,4632,146258
4/25/2006,4702,4667,4766,4650,173134
4/24/2006,4769,4672,4835,4672,162164
4/21/2006,4617,4660,4679,4595,84764
4/20/2006,4760,4811,4826,4755,87964
4/19/2006,4875,4860,4883,4848,89788
4/14/2006,4518,4555,4571,4511,87460
4/13/2006,4586,4698,4698,4574,96110
4/12/2006,4737,4668,4750,4653,77592
4/11/2006,4670,4620,4676,4618,67610
4/10/2006,4644,4718,4735,4637,70596
4/7/2006,4816,4830,4850,4805,49364
4/6/2006,4840,4828,4860,4798,92794
4/5/2006,4822,4912,4924,4779,106424
4/4/2006,4964,4950,4985,4922,105990
4/3/2006,4911,5027,5040,4890,107400
3/31/2006,5071,5060,5083,5026,89438
3/30/2006,5050,5110,5113,5048,109910
3/29/2006,5104,5105,5165,5082,116034
3/28/2006,5044,5113,5127,5035,108198
3/27/2006,5069,5063,5098,5028,93744
3/24/2006,4992,4919,4998,4919,88894
3/23/2006,5146,5169,5179,5120,99436
3/22/2006,5210,5158,5229,5155,162930
3/21/2006,5110,5100,5142,5053,161424
3/20/2006,5081,5190,5250,5056,187560
3/17/2006,5219,5128,5235,5104,143092
3/16/2006,5143,5070,5147,5050,133418
3/15/2006,5055,5048,5097,5037,95048
3/14/2006,5063,5132,5137,5052,79334
3/13/2006,5109,5148,5148,5090,86158
3/10/2006,5106,5100,5158,5060,153960
3/9/2006,5151,5052,5168,5023,136790
3/8/2006,5117,5200,5216,5100,118248
3/7/2006,5229,5374,5397,5212,143748
3/6/2006,5322,5349,5386,5281,105108
3/3/2006,5330,5281,5335,5255,110584
3/2/2006,5276,5130,5293,5125,107750
3/1/2006,5150,5350,5389,5140,100676
2/28/2006,5293,5293,5332,5293,37680
2/27/2006,5431,5595,5595,5430,73610
2/24/2006,5550,5549,5630,5549,68856
2/23/2006,5680,5850,5880,5666,106372
2/22/2006,5767,5700,5813,5666,96272
2/21/2006,5701,5631,5710,5535,44782
2/20/2006,5578,5537,5616,5526,28300
2/17/2006,5531,5597,5622,5467,30736
2/16/2006,5364,5390,5433,5353,39906
2/15/2006,5401,5420,5470,5386,49602
2/14/2006,5433,5370,5445,5357,56860
2/13/2006,5308,5380,5428,5275,73322
2/10/2006,5468,5468,5585,5468,44930
2/9/2006,5650,5625,5880,5500,71618
2/8/2006,5704,5704,5718,5704,1570
2/7/2006,5995,6110,6110,5995,5760
2/6/2006,6246,6246,6246,6220,11592
1/27/2006,6030,6048,6048,5950,55206
1/26/2006,5934,5741,5937,5680,79242
1/25/2006,5712,5670,5811,5586,66760
1/24/2006,5678,5490,5678,5450,60356
1/23/2006,5356,5356,5356,5356,810
1/20/2006,5201,5112,5204,5110,52894
1/19/2006,5025,5000,5100,4982,63804
1/18/2006,4990,4884,5018,4861,50598
1/17/2006,4847,4833,4873,4822,27966
1/16/2006,4833,4707,4834,4694,25198
1/13/2006,4632,4665,4678,4628,6104
1/12/2006,4668,4700,4705,4664,7120
