5/10/2016,6118,6096,6148,6022,220128
5/9/2016,6112,5980,6148,5980,204368
5/6/2016,5978,6100,6110,5916,175114
5/5/2016,6074,6104,6130,6056,152286
5/4/2016,6084,6022,6096,5988,211156
5/3/2016,5686,5650,5814,5640,754
4/29/2016,6006,6082,6118,6006,156406
4/28/2016,6070,6160,6180,6024,208136
4/27/2016,6186,6208,6238,6162,152760
4/26/2016,6194,6196,6272,6160,198230
4/25/2016,6202,6192,6296,6122,232840
4/22/2016,6234,6302,6336,6140,298832
4/21/2016,6310,6150,6382,6102,305322
4/20/2016,6166,6080,6228,6072,221870
4/19/2016,6066,6018,6090,6012,145678
4/18/2016,5994,5982,6008,5930,174974
4/15/2016,5998,6068,6098,5990,138344
4/14/2016,6062,6000,6066,5996,132280
4/13/2016,6012,5970,6132,5946,224172
4/12/2016,5972,5976,6026,5932,165618
4/11/2016,5972,5880,6050,5876,216074
4/8/2016,5886,5912,5914,5870,63228
4/7/2016,5924,5878,5950,5866,84130
4/6/2016,5890,5932,5940,5870,70828
4/1/2016,5966,5860,5974,5832,105270
3/31/2016,5862,5840,5880,5822,57282
3/30/2016,5850,5916,5932,5816,95688
3/29/2016,5894,5916,5940,5866,70442
3/28/2016,5902,5922,5960,5878,83558
3/25/2016,5920,5850,5930,5824,78846
3/24/2016,5854,5926,5926,5844,94270
3/23/2016,5928,5982,6014,5922,80362
3/22/2016,5980,5942,6000,5924,91584
3/21/2016,5938,5900,5974,5852,108164
3/18/2016,5896,5864,5930,5850,112400
3/17/2016,5856,5754,5868,5752,114100
3/16/2016,5750,5752,5796,5728,82036
3/15/2016,5750,5778,5790,5732,105600
3/14/2016,5770,5760,5826,5750,114574
3/11/2016,5760,5642,5794,5630,125418
3/10/2016,5640,5666,5696,5638,69388
3/9/2016,5660,5656,5660,5592,49664
3/8/2016,5644,5684,5724,5640,80830
3/7/2016,5558,5498,5604,5492,100510
3/4/2016,5494,5478,5510,5474,72976
3/3/2016,5468,5448,5480,5444,59212
3/2/2016,5458,5496,5518,5440,82530
3/1/2016,5484,5494,5500,5454,49452
2/29/2016,5492,5494,5510,5452,56896
2/26/2016,5494,5520,5520,5482,69124
2/25/2016,5514,5510,5538,5492,36824
2/24/2016,5526,5558,5576,5516,67918
2/23/2016,5560,5588,5592,5550,52836
2/22/2016,5592,5572,5600,5560,71712
2/19/2016,5588,5616,5620,5580,79014
2/18/2016,5622,5620,5648,5612,38936
2/17/2016,5612,5614,5624,5596,39574
2/16/2016,5626,5636,5650,5606,68664
2/15/2016,5642,5610,5680,5608,70424
2/5/2016,5576,5568,5586,5554,40814
2/4/2016,5570,5562,5580,5536,48494
2/3/2016,5552,5584,5588,5542,46072
2/2/2016,5578,5550,5580,5536,46346
2/1/2016,5546,5550,5572,5540,47436
1/29/2016,5546,5572,5584,5540,74066
1/28/2016,5568,5590,5594,5560,44312
1/27/2016,5584,5588,5594,5556,57446
1/26/2016,5580,5560,5596,5556,51086
1/25/2016,5574,5580,5598,5556,47806
1/22/2016,5572,5536,5576,5532,69220
1/21/2016,5532,5548,5568,5530,112590
1/20/2016,5548,5592,5608,5536,69928
1/19/2016,5582,5570,5602,5556,59874
1/18/2016,5568,5522,5584,5516,76596
1/15/2016,5538,5538,5560,5520,51704
1/14/2016,5540,5554,5568,5520,72796
1/13/2016,5540,5542,5560,5528,52442
1/12/2016,5534,5578,5596,5528,86410
1/11/2016,5584,5622,5626,5576,102906
1/8/2016,5622,5616,5656,5610,52940
1/7/2016,5624,5606,5666,5606,61236
1/6/2016,5632,5692,5694,5622,63920
1/5/2016,5696,5648,5700,5638,58130
1/4/2016,5656,5696,5726,5626,68736
12/31/2015,5702,5700,5710,5676,76326
12/30/2015,5712,5668,5730,5660,128640
12/29/2015,5672,5600,5676,5582,70388
12/28/2015,5608,5660,5670,5602,55666
12/25/2015,5658,5646,5672,5634,32854
12/24/2015,5642,5658,5690,5634,61996
12/23/2015,5648,5656,5666,5626,54760
12/22/2015,5650,5650,5682,5638,90430
12/21/2015,5658,5614,5662,5604,97346
12/18/2015,5608,5580,5610,5570,74420
12/17/2015,5588,5604,5646,5572,81528
12/16/2015,5616,5610,5630,5590,74200
12/15/2015,5622,5602,5680,5586,74908
12/14/2015,5634,5650,5680,5592,74666
12/11/2015,5654,5590,5662,5560,130750
12/10/2015,5618,5632,5662,5600,82652
12/9/2015,5632,5690,5716,5618,140872
12/8/2015,5760,5878,5890,5736,62022
12/7/2015,5876,5800,5944,5774,65198
12/4/2015,5792,5790,5840,5788,46804
12/3/2015,5792,5812,5844,5752,51344
12/2/2015,5816,5784,5848,5760,46778
12/1/2015,5780,5758,5852,5754,64944
11/30/2015,5748,5788,5792,5706,44238
11/27/2015,5784,5726,5798,5720,51874
11/26/2015,5726,5700,5800,5674,87596
11/25/2015,5714,5692,5728,5674,47432
11/24/2015,5718,5548,5746,5532,85504
11/23/2015,5542,5546,5612,5532,58666
11/20/2015,5556,5474,5566,5450,53506
11/19/2015,5482,5518,5526,5470,42734
11/18/2015,5500,5506,5534,5484,40286
11/17/2015,5514,5470,5522,5430,86456
11/16/2015,5484,5542,5556,5480,52120
11/13/2015,5552,5540,5584,5508,32724
11/12/2015,5552,5524,5566,5506,40366
11/11/2015,5530,5614,5616,5522,59210
11/10/2015,5616,5626,5638,5586,37258
11/9/2015,5760,5754,5784,5728,25286
11/6/2015,5748,5774,5780,5720,44646
11/5/2015,5780,5774,5808,5728,51524
11/4/2015,5748,5680,5758,5674,40404
11/3/2015,5676,5674,5698,5668,30962
11/2/2015,5700,5656,5708,5634,24562
10/30/2015,5662,5678,5692,5658,21234
10/29/2015,5672,5654,5728,5652,28484
10/28/2015,5650,5664,5680,5630,31950
10/27/2015,5658,5648,5674,5608,43648
10/26/2015,5658,5690,5690,5642,35114
10/23/2015,5680,5740,5746,5660,42914
10/22/2015,5744,5686,5744,5674,44982
10/21/2015,5674,5662,5696,5650,38030
10/20/2015,5648,5680,5710,5604,66272
10/19/2015,5704,5746,5752,5694,41746
10/16/2015,5758,5750,5774,5718,39040
10/15/2015,5768,5816,5830,5758,46522
10/14/2015,5792,5804,5804,5762,41960
10/13/2015,5798,5770,5812,5718,42898
10/12/2015,5780,5698,5808,5676,65446
10/9/2015,5704,5648,5724,5642,50050
9/30/2015,5616,5618,5632,5596,30788
9/29/2015,5594,5672,5674,5572,53072
9/28/2015,5662,5688,5688,5640,59630
9/25/2015,5630,5572,5646,5568,112854
9/24/2015,5588,5582,5612,5566,37346
9/23/2015,5568,5544,5596,5536,56486
9/22/2015,5562,5614,5626,5544,60164
9/21/2015,5600,5592,5618,5570,50652
9/18/2015,5606,5598,5642,5594,40112
9/17/2015,5614,5632,5650,5594,45278
9/16/2015,5620,5580,5624,5566,62172
9/15/2015,5588,5658,5688,5552,87986
9/14/2015,5646,5646,5666,5598,63222
9/11/2015,5660,5658,5696,5652,62918
9/10/2015,5672,5648,5676,5602,75560
9/9/2015,5642,5688,5694,5640,59660
9/8/2015,5660,5650,5682,5620,45368
9/7/2015,5990,5950,5990,5950,24
9/2/2015,5626,5656,5664,5590,49072
9/1/2015,5676,5630,5686,5610,40460
8/31/2015,5648,5706,5710,5642,50532
8/28/2015,5698,5628,5746,5604,99860
8/27/2015,5604,5566,5618,5536,47714
8/26/2015,5562,5614,5662,5550,49832
8/25/2015,5618,5548,5688,5502,51832
8/24/2015,5616,5766,5794,5580,94590
8/21/2015,5782,5778,5814,5776,45524
8/20/2015,5768,5822,5842,5750,48276
8/19/2015,5816,5812,5826,5734,38550
8/18/2015,5814,5876,5898,5802,47320
8/17/2015,5868,5796,5872,5772,33526
8/14/2015,5794,5828,5860,5784,32010
8/13/2015,5842,5888,5942,5760,59968
8/12/2015,5880,5850,5888,5802,42450
8/11/2015,5856,5806,5888,5792,62248
8/10/2015,5804,5758,5808,5748,32518
8/7/2015,5776,5726,5786,5672,45460
8/6/2015,5734,5782,5788,5730,26116
8/5/2015,5790,5788,5816,5764,30252
8/4/2015,5764,5710,5770,5704,32050
8/3/2015,5728,5810,5832,5722,40798
7/31/2015,5820,5850,5916,5818,24362
7/30/2015,5832,5834,5862,5806,20978
7/29/2015,5838,5828,5868,5820,30492
7/28/2015,5818,5800,5830,5778,39124
7/27/2015,5820,5906,5942,5814,47726
7/24/2015,5926,5936,5954,5902,37448
7/23/2015,5934,5970,6042,5934,43136
7/22/2015,5996,5998,6042,5956,48828
7/21/2015,5996,5950,5998,5948,37992
7/20/2015,5964,5926,6046,5880,37994
7/17/2015,5950,6018,6046,5908,53874
7/16/2015,6000,6022,6042,5938,48828
7/15/2015,6040,6052,6094,6010,39004
7/14/2015,6058,5964,6128,5958,78230
7/13/2015,5976,6066,6072,5942,46446
7/10/2015,6036,5918,6036,5914,52502
7/9/2015,5890,5738,5962,5474,132216
7/8/2015,5834,6044,6044,5834,75776
7/7/2015,6052,6088,6148,6024,48296
7/6/2015,6090,6144,6156,6050,59632
7/3/2015,6086,6096,6108,6062,10792
7/1/2015,6164,6070,6246,6062,48378
6/30/2015,6068,6146,6152,6002,104764
6/29/2015,6132,6190,6214,6108,60246
6/26/2015,6154,6202,6230,6082,87538
6/25/2015,6190,6170,6200,6156,59588
6/24/2015,6146,6072,6190,6058,74808
6/23/2015,5978,6018,6036,5954,9472
6/19/2015,6060,6048,6062,6010,31750
6/18/2015,6052,6068,6102,6030,42400
6/17/2015,6066,6072,6104,6032,48692
6/16/2015,6070,6034,6078,5996,45486
6/15/2015,6028,6040,6056,6006,41470
6/12/2015,6014,6070,6076,5982,61404
6/11/2015,5986,5962,5998,5962,23774
6/10/2015,5972,5964,5992,5960,19212
6/9/2015,5968,5960,5974,5926,46874
6/8/2015,5990,5998,6022,5972,24684
6/5/2015,6008,6008,6044,5970,35734
6/4/2015,6048,6080,6098,6000,34876
6/3/2015,6060,6102,6138,6052,33564
6/2/2015,6140,6140,6178,6110,36290
6/1/2015,6102,6100,6148,6062,56328
5/29/2015,5956,5946,5972,5934,24676
5/28/2015,5936,5970,5996,5920,39458
5/27/2015,5948,5942,5978,5938,25294
5/26/2015,5930,5930,5998,5916,55600
5/25/2015,5884,5874,5896,5850,32364
5/22/2015,5920,5922,5936,5890,23654
5/21/2015,5904,5936,5946,5900,23480
5/20/2015,5904,5902,5958,5880,45818
5/19/2015,6010,6070,6070,6004,40210
5/18/2015,6098,6088,6104,6074,18898
5/15/2015,6114,6144,6154,6078,31088
5/14/2015,6110,6122,6124,6072,28856
5/13/2015,6122,6160,6196,6110,47476
5/12/2015,6136,6162,6170,6092,37596
5/11/2015,6154,6136,6160,6116,35186
5/8/2015,6082,6076,6138,6062,42534
5/7/2015,6120,6150,6160,6108,33572
5/6/2015,6194,6176,6242,6162,70864
5/5/2015,6134,6160,6218,6104,94194
5/4/2015,6094,6028,6120,6022,67682
4/30/2015,6038,6012,6048,6008,35650
4/29/2015,5994,5980,5996,5964,28796
4/28/2015,5998,6088,6088,5982,46052
4/27/2015,6042,6000,6052,5972,34864
4/24/2015,6016,6038,6048,5994,51634
4/23/2015,5984,6000,6038,5980,37084
4/22/2015,6002,6014,6034,5980,34330
4/21/2015,6026,6042,6070,6006,46538
4/20/2015,6024,5960,6026,5958,50160
4/17/2015,5956,5956,5972,5942,23296
4/16/2015,5948,5994,6018,5938,51792
4/15/2015,5930,5878,5960,5878,77632
4/14/2015,5852,5870,5870,5842,17212
4/13/2015,5866,5866,5886,5852,35656
4/10/2015,5826,5836,5868,5822,18698
4/9/2015,5826,5820,5842,5812,26534
4/8/2015,5834,5872,5872,5808,29880
4/7/2015,5876,5886,5912,5864,33640
4/3/2015,5856,5852,5868,5834,18054
4/2/2015,5856,5856,5864,5844,21440
4/1/2015,5828,5840,5878,5828,31640
3/31/2015,5826,5826,5838,5812,22222
3/30/2015,5834,5836,5852,5812,30564
3/27/2015,5868,5894,5894,5858,27692
3/26/2015,5900,5882,5920,5854,26340
3/25/2015,5872,5890,5910,5872,17612
3/24/2015,5908,5920,5936,5874,31602
3/23/2015,5876,5860,5888,5852,21950
3/20/2015,5828,5854,5866,5824,29314
3/19/2015,5842,5864,5912,5840,58264
3/18/2015,5810,5780,5816,5772,32646
3/17/2015,5808,5808,5822,5796,25634
3/16/2015,5796,5802,5820,5784,44822
3/13/2015,5854,5852,5882,5840,23094
3/12/2015,5866,5900,5916,5862,27170
3/11/2015,5888,5848,5896,5824,24604
3/10/2015,5828,5880,5886,5828,21164
3/9/2015,5856,5844,5878,5824,27332
3/6/2015,5842,5848,5858,5826,25878
3/5/2015,5892,5906,5906,5876,18000
3/4/2015,5990,5966,6020,5952,26568
3/3/2015,5982,6022,6022,5960,29856
3/2/2015,6056,6018,6066,5996,42536
2/27/2015,5966,5838,5988,5824,73218
2/26/2015,5836,5820,5856,5812,24302
2/17/2015,5832,5838,5850,5820,9868
2/16/2015,5832,5876,5890,5816,19666
2/13/2015,5848,5812,5866,5800,41894
2/12/2015,5780,5786,5798,5764,33216
2/11/2015,5790,5776,5798,5770,20630
2/10/2015,5796,5776,5816,5776,28202
2/9/2015,5780,5780,5808,5764,32682
2/6/2015,5794,5820,5860,5780,106596
2/5/2015,5764,5750,5808,5744,52452
2/4/2015,5780,5816,5868,5754,87122
2/3/2015,5766,5800,5810,5762,53828
2/2/2015,5760,5790,5840,5754,49438
1/30/2015,5762,5800,5812,5690,137714
1/29/2015,5870,5898,5930,5868,74492
1/28/2015,5946,5932,5954,5904,45564
1/27/2015,5926,5924,5988,5914,47744
1/26/2015,5928,5926,5942,5906,43656
1/23/2015,5954,5948,5968,5936,53198
1/22/2015,5966,5968,6000,5954,39186
1/21/2015,5978,5968,6004,5926,55942
1/20/2015,5978,5924,5978,5924,42404
1/19/2015,5948,5956,6032,5850,135162
1/16/2015,5936,5920,5952,5890,83716
1/15/2015,5946,5992,6018,5934,102124
1/14/2015,5992,5994,6042,5960,56946
1/13/2015,6016,6016,6050,6012,44940
1/12/2015,6114,6116,6158,6092,35574
1/9/2015,6110,6150,6158,6074,66382
1/8/2015,6120,6062,6178,6062,132832
1/7/2015,6046,6072,6084,6012,45932
1/6/2015,6068,6094,6094,6044,30276
1/5/2015,6008,6002,6036,5950,42986
12/31/2014,6078,6066,6122,6056,52592
12/30/2014,6058,6052,6058,6020,48092
12/29/2014,6048,5934,6066,5918,82372
12/26/2014,5886,5888,5916,5876,26600
12/25/2014,5878,5882,5918,5868,29294
12/24/2014,5884,5910,5944,5866,43718
12/23/2014,5904,5872,5928,5850,42742
12/22/2014,5884,5842,5912,5840,31812
12/19/2014,5844,5880,5886,5834,15028
12/18/2014,5872,5888,5920,5866,34452
12/17/2014,5880,5870,5898,5836,34284
12/16/2014,5872,5918,5918,5842,59150
12/15/2014,5930,5912,6012,5888,69180
12/12/2014,5888,5922,5942,5882,54964
12/11/2014,5904,5970,5970,5886,83978
12/10/2014,6000,6000,6028,5962,54760
12/9/2014,5960,5952,5996,5902,55956
12/8/2014,5998,5996,6018,5962,59198
12/5/2014,5974,5914,5990,5888,56188
12/4/2014,5918,5930,5956,5896,54084
12/3/2014,5912,5828,5912,5820,77802
12/2/2014,5910,5908,5950,5890,70022
12/1/2014,5800,5842,5870,5800,76940
11/28/2014,6050,6050,6066,6006,62270
11/27/2014,6126,6112,6132,6074,53606
11/26/2014,6110,6148,6158,6106,35514
11/25/2014,6130,6126,6154,6118,48018
11/24/2014,6080,6082,6158,6064,77138
11/21/2014,6064,6064,6080,6044,39566
11/20/2014,6036,6062,6076,6012,49558
11/19/2014,6078,6082,6120,6054,68248
11/18/2014,6078,6164,6170,6056,74642
11/17/2014,6134,6172,6208,6120,81300
11/14/2014,6148,6132,6168,6114,54452
11/13/2014,6120,6106,6134,6006,46224
11/12/2014,6182,6138,6200,6114,52554
11/11/2014,6066,6060,6086,6040,46954
11/10/2014,6094,6022,6106,6014,60372
11/7/2014,6024,5950,6094,5950,107868
11/6/2014,5972,5918,5978,5886,45938
11/5/2014,5884,5962,5990,5878,59278
11/4/2014,6022,6078,6080,5988,64254
11/3/2014,6116,6142,6162,6098,69768
10/31/2014,6130,6062,6130,6034,56954
10/30/2014,6070,6066,6118,6000,117708
10/29/2014,5958,5902,5958,5882,81968
10/28/2014,5848,5870,5880,5836,31438
10/27/2014,5830,5876,5876,5822,46970
10/24/2014,5896,5940,5966,5888,51332
10/23/2014,5894,5856,5936,5842,67604
10/22/2014,5844,5828,5876,5820,60256
10/21/2014,5814,5798,5844,5798,44756
10/20/2014,5808,5902,5904,5796,102978
10/17/2014,5904,5950,5956,5882,71876
10/16/2014,5908,5940,5958,5896,72686
10/15/2014,5974,6000,6014,5962,58210
10/14/2014,6036,6012,6044,5990,74428
10/13/2014,5958,5920,5988,5918,50700
10/10/2014,5956,5996,6010,5940,72554
10/9/2014,6022,5944,6034,5944,65570
10/8/2014,6136,6170,6188,6120,808
9/30/2014,5952,5984,6026,5940,64398
9/29/2014,5902,5940,5946,5860,113586
9/26/2014,5994,6070,6070,5914,215324
9/25/2014,6106,6086,6130,6072,94614
9/24/2014,6014,5990,6048,5990,72492
9/23/2014,5978,5940,6018,5936,67264
9/22/2014,5958,6070,6076,5930,103242
9/19/2014,6098,6126,6128,6074,78684
9/18/2014,6178,6224,6224,6166,64844
9/17/2014,6172,6134,6172,6132,64224
9/16/2014,6148,6148,6226,6130,180958
9/15/2014,6110,6052,6118,6028,116474
9/12/2014,6026,5956,6048,5948,164854
9/11/2014,5946,5936,5966,5906,81002
9/10/2014,5930,5962,5980,5916,136462
9/9/2014,6006,6064,6098,6000,74048
9/5/2014,6086,6104,6126,6070,62238
9/4/2014,6078,6108,6126,6060,62350
9/3/2014,6114,6134,6140,6100,60080
9/2/2014,6134,6074,6154,6056,97064
9/1/2014,6076,6074,6090,6052,66160
8/29/2014,6124,6154,6168,6104,64518
8/28/2014,6136,6130,6148,6110,56706
8/27/2014,6154,6088,6176,6088,131946
8/26/2014,6058,6066,6098,6046,79828
8/25/2014,6072,6042,6078,5972,166622
8/22/2014,6102,6120,6120,6080,46970
8/21/2014,6094,6060,6118,6060,60856
8/20/2014,6036,6036,6070,6024,45060
8/19/2014,6066,6052,6096,6052,52102
8/18/2014,6058,6074,6078,6028,89992
8/15/2014,6110,6130,6166,6098,85778
8/14/2014,6156,6300,6314,6140,129724
8/13/2014,6370,6390,6414,6368,35648
8/12/2014,6392,6402,6418,6382,79586
8/11/2014,6458,6466,6488,6448,53134
8/8/2014,6466,6468,6480,6452,30266
8/7/2014,6474,6468,6502,6464,39538
8/6/2014,6444,6448,6470,6434,32982
8/5/2014,6464,6486,6520,6456,43312
8/4/2014,6466,6464,6478,6442,40828
8/1/2014,6480,6518,6528,6470,36218
7/31/2014,6516,6464,6536,6464,45578
7/30/2014,6498,6498,6506,6462,44374
7/29/2014,6528,6512,6530,6502,68384
7/28/2014,6476,6492,6520,6456,61466
7/25/2014,6460,6464,6480,6450,50246
7/24/2014,6468,6482,6494,6452,59994
7/23/2014,6444,6442,6482,6426,62954
7/22/2014,6466,6448,6490,6442,75584
7/21/2014,6494,6534,6570,6494,74090
7/18/2014,6546,6522,6572,6472,46342
7/17/2014,6564,6560,6588,6546,51232
7/16/2014,6568,6570,6570,6520,51156
7/15/2014,6540,6540,6578,6530,63654
7/14/2014,6530,6516,6552,6496,65128
7/11/2014,6584,6642,6642,6574,76110
7/10/2014,6644,6624,6712,6564,182428
7/9/2014,6668,6714,6724,6652,75624
7/8/2014,6750,6762,6790,6750,39322
7/7/2014,6768,6818,6824,6752,52794
7/4/2014,6830,6850,6866,6810,32692
7/3/2014,6854,6844,6862,6834,33546
7/2/2014,6862,6846,6876,6838,46782
7/1/2014,6844,6912,6914,6816,82734
6/30/2014,7008,7020,7032,6996,31874
6/27/2014,7054,7084,7112,7052,40110
6/26/2014,7104,7090,7114,7062,42334
6/25/2014,7092,7118,7178,7072,94570
6/24/2014,7092,7068,7120,7050,85776
6/23/2014,7076,6980,7090,6960,84966
6/20/2014,6966,6932,6970,6920,40260
6/19/2014,6916,6940,6944,6908,38876
6/18/2014,6916,6894,6966,6886,73440
6/17/2014,6888,6914,6934,6866,82434
6/16/2014,6932,6980,7004,6930,62376
6/13/2014,6930,6944,6964,6924,38642
6/12/2014,6924,6942,6952,6914,27570
6/11/2014,6958,6972,7014,6938,46684
6/10/2014,6982,6990,7000,6964,43610
6/9/2014,6976,6970,6994,6968,30536
6/6/2014,6970,6980,6992,6944,32832
6/5/2014,7002,7022,7042,7002,34310
6/4/2014,7044,7108,7146,7026,73526
6/3/2014,7130,7156,7170,7128,33924
5/30/2014,7200,7228,7228,7182,31614
5/29/2014,7222,7230,7248,7212,37698
5/28/2014,7250,7212,7258,7200,65340
5/27/2014,7244,7236,7346,7224,105208
5/26/2014,7230,7266,7268,7218,24158
5/23/2014,7268,7210,7278,7204,50024
5/22/2014,7210,7178,7288,7158,80800
5/21/2014,7136,7210,7210,7116,60278
5/20/2014,7214,7260,7278,7204,51996
5/19/2014,7258,7252,7292,7252,46226
5/16/2014,7258,7256,7272,7232,57690
5/15/2014,7268,7250,7288,7248,45632
5/14/2014,7268,7284,7308,7224,70608
5/13/2014,7278,7248,7288,7236,108080
5/12/2014,7256,7350,7394,7106,270108
5/9/2014,7338,7360,7360,7328,57458
5/8/2014,7334,7356,7370,7318,104276
5/7/2014,7350,7342,7366,7322,81324
5/6/2014,7330,7320,7380,7308,136898
5/5/2014,7340,7320,7378,7318,101060
4/30/2014,7390,7396,7446,7362,166244
4/29/2014,7384,7258,7388,7250,214154
4/28/2014,7296,7220,7336,7220,136368
4/25/2014,7188,7180,7208,7164,69496
4/24/2014,7150,7138,7160,7126,24776
4/23/2014,7140,7150,7158,7120,67946
4/22/2014,7174,7116,7182,7112,69598
4/21/2014,7132,7180,7218,7118,78110
4/18/2014,7170,7188,7188,7104,150762
4/17/2014,7206,7238,7246,7188,73280
4/16/2014,7184,7136,7188,7124,107452
4/15/2014,7106,7130,7156,7098,74688
4/14/2014,7128,7128,7144,7106,63122
4/11/2014,7124,7164,7166,7080,123810
4/10/2014,7170,7226,7246,7162,88530
4/9/2014,7170,7210,7236,7142,93320
4/8/2014,7152,7130,7156,7100,66316
4/4/2014,7178,7180,7192,7140,78498
4/3/2014,7118,7116,7142,7100,104988
4/2/2014,7178,7110,7220,7108,265488
4/1/2014,7052,7060,7070,7004,119168
3/31/2014,7030,7030,7080,7012,140790
3/28/2014,7030,7008,7044,6998,108314
3/27/2014,7028,7002,7070,6988,156660
3/26/2014,7016,6984,7050,6984,117738
3/25/2014,6974,6930,7046,6926,204894
3/24/2014,6962,6920,7000,6916,141098
3/21/2014,6936,6886,6990,6866,285340
3/20/2014,6924,7018,7020,6904,329688
3/19/2014,7044,7094,7106,7016,369122
3/18/2014,7064,7158,7208,7056,346286
3/17/2014,7184,7300,7316,7174,191496
3/14/2014,7300,7400,7430,7270,186244
3/12/2014,7380,7356,7408,7330,139822
3/11/2014,7422,7282,7452,7258,167720
3/10/2014,7350,7348,7362,7258,128770
3/6/2014,7306,7266,7316,7240,152140
3/5/2014,7280,7238,7294,7204,157178
3/4/2014,7138,7146,7178,7128,106492
3/3/2014,7138,7092,7174,7088,148930
2/28/2014,7064,7068,7068,7014,77686
2/27/2014,7096,7110,7132,7082,108022
2/26/2014,7060,7050,7064,6986,111332
2/25/2014,7062,7082,7090,7030,77406
2/24/2014,7100,7116,7118,7042,94350
2/21/2014,7074,7122,7124,7068,66476
2/20/2014,7098,7110,7112,7016,83470
2/19/2014,7108,7126,7156,7092,116048
2/18/2014,7012,7046,7094,6986,143100
2/17/2014,7038,6958,7046,6958,114038
2/14/2014,7006,6992,7018,6962,79270
2/13/2014,6944,6954,6978,6926,76400
2/12/2014,6938,6946,6962,6916,73904
2/11/2014,6918,7010,7010,6916,88044
2/10/2014,7020,6960,7034,6946,82766
2/7/2014,6942,6832,6962,6832,79562
1/30/2014,6736,6768,6770,6700,35998
1/29/2014,6790,6830,6842,6788,25598
1/28/2014,6888,6936,6978,6882,78732
1/27/2014,6996,7048,7058,6984,97412
1/24/2014,7056,7062,7100,7048,104484
1/23/2014,7082,7034,7116,7026,182104
1/22/2014,7048,7076,7078,7034,114600
1/21/2014,7080,7086,7112,7060,182558
1/20/2014,7086,6910,7142,6904,385182
1/17/2014,6890,6914,6916,6840,102352
1/15/2014,6872,6880,6920,6862,143476
1/14/2014,6888,6830,6892,6810,125648
1/13/2014,6838,6906,6910,6832,112588
1/10/2014,6866,6890,6946,6858,162760
1/9/2014,6866,6822,6890,6822,167356
1/8/2014,6838,6818,6878,6792,265856
1/7/2014,6810,6880,6900,6800,213066
1/6/2014,6880,6970,6972,6844,248964
1/3/2014,6988,7038,7040,6968,177444
1/2/2014,7068,7060,7100,7038,189622
12/31/2013,7034,7100,7120,7032,163206
12/30/2013,7126,7130,7194,7112,178710
12/27/2013,7142,7104,7164,7084,191418
12/26/2013,7100,7116,7142,7094,174512
12/25/2013,7122,7214,7218,7114,213546
12/24/2013,7206,7252,7260,7186,143866
12/23/2013,7262,7276,7296,7212,167802
12/20/2013,7258,7282,7304,7256,117670
12/19/2013,7258,7278,7304,7248,134874
12/18/2013,7306,7278,7308,7216,200072
12/17/2013,7302,7298,7340,7288,157564
12/16/2013,7278,7340,7358,7276,199420
12/13/2013,7338,7470,7472,7310,313842
12/12/2013,7500,7562,7574,7492,153232
12/11/2013,7562,7524,7574,7496,215512
12/10/2013,7536,7506,7542,7488,132372
12/9/2013,7522,7500,7554,7500,142532
12/6/2013,7522,7524,7536,7484,165816
12/5/2013,7508,7586,7610,7504,212196
12/4/2013,7558,7540,7580,7530,160252
12/3/2013,7560,7606,7622,7558,197404
12/2/2013,7620,7612,7648,7592,289966
11/29/2013,7606,7574,7610,7552,247904
11/28/2013,7570,7560,7618,7552,309924
11/27/2013,7582,7512,7582,7508,231080
11/26/2013,7520,7560,7592,7518,286756
11/25/2013,7584,7582,7646,7558,301084
11/22/2013,7592,7684,7688,7590,372108
11/21/2013,7594,7566,7612,7532,467590
11/19/2013,7474,7488,7568,7468,440826
11/18/2013,7508,7582,7590,7506,337540
11/15/2013,7624,7620,7694,7606,629946
11/14/2013,7638,7560,7654,7544,374864
11/13/2013,7558,7560,7590,7536,279088
11/12/2013,7548,7440,7550,7426,286782
11/11/2013,7422,7472,7500,7420,136672
11/8/2013,7458,7450,7502,7446,206320
11/7/2013,7460,7458,7508,7452,212950
11/6/2013,7482,7540,7576,7480,207002
11/5/2013,7556,7580,7598,7512,265434
11/4/2013,7606,7540,7644,7532,378362
11/1/2013,7546,7404,7550,7396,236572
10/31/2013,7412,7400,7436,7368,130416
10/30/2013,7416,7304,7456,7294,217716
10/29/2013,7258,7300,7328,7222,140218
10/28/2013,7338,7356,7376,7300,62772
10/25/2013,7376,7372,7410,7360,59628
10/24/2013,7404,7406,7432,7350,102580
10/23/2013,7396,7394,7426,7348,89012
10/22/2013,7372,7450,7452,7372,92340
10/21/2013,7466,7500,7520,7446,83576
10/18/2013,7504,7460,7508,7444,79578
10/17/2013,7484,7454,7588,7450,222410
10/16/2013,7422,7410,7438,7374,75758
10/15/2013,7398,7344,7400,7328,61306
10/14/2013,7342,7286,7364,7260,66170
10/11/2013,7322,7350,7388,7302,82906
10/10/2013,7336,7298,7346,7292,97392
10/9/2013,7280,7256,7322,7240,103562
10/8/2013,7236,7242,7330,7174,130362
9/30/2013,7248,7190,7372,7190,127400
9/27/2013,7236,7340,7360,7170,198428
9/26/2013,7346,7388,7406,7338,95150
9/25/2013,7384,7488,7494,7366,120790
9/24/2013,7500,7458,7512,7454,42766
9/23/2013,7454,7444,7478,7408,56808
9/18/2013,7514,7518,7550,7504,46290
9/17/2013,7530,7506,7546,7482,80350
9/16/2013,7492,7512,7548,7492,61674
9/13/2013,7586,7680,7682,7568,79096
9/12/2013,7612,7630,7654,7606,62112
9/11/2013,7638,7604,7644,7600,62488
9/10/2013,7590,7622,7634,7534,102914
9/9/2013,7692,7714,7736,7664,80972
9/6/2013,7704,7640,7712,7620,81882
9/5/2013,7642,7666,7696,7614,73474
9/4/2013,7674,7676,7694,7654,50710
9/3/2013,7732,7760,7782,7662,85802
9/2/2013,7726,7654,7728,7654,70802
8/30/2013,7648,7654,7674,7612,91720
8/29/2013,7668,7780,7786,7560,144506
8/28/2013,7754,7802,7834,7750,104024
8/27/2013,7828,7888,7900,7790,148572
8/26/2013,7884,7700,7884,7700,253980
8/23/2013,7576,7600,7618,7554,124944
8/22/2013,7614,7684,7706,7570,152796
8/21/2013,7688,7708,7740,7674,88014
8/20/2013,7706,7842,7846,7692,107276
8/19/2013,7794,7800,7838,7784,84700
8/16/2013,7766,7808,7860,7742,122110
8/15/2013,7710,7660,7768,7656,144752
8/14/2013,7636,7718,7788,7628,165902
8/13/2013,7740,7648,7760,7622,218604
8/12/2013,7566,7488,7588,7448,160380
8/9/2013,7480,7400,7590,7400,236216
8/8/2013,7388,7320,7398,7320,131350
8/7/2013,7334,7488,7498,7322,191194
8/6/2013,7552,7584,7598,7542,45182
8/5/2013,7562,7544,7584,7536,46130
8/2/2013,7576,7554,7602,7528,78946
8/1/2013,7540,7574,7602,7494,113530
7/31/2013,7582,7520,7644,7520,111152
7/30/2013,7546,7502,7566,7472,118532
7/29/2013,7540,7502,7558,7446,128510
7/26/2013,7518,7742,7758,7512,163288
7/25/2013,7792,7890,7890,7786,86386
7/24/2013,7924,7938,7950,7884,47654
7/23/2013,7980,7948,7994,7932,58950
7/22/2013,7938,7940,7970,7896,61320
7/19/2013,7948,8082,8088,7834,83692
7/18/2013,8070,8020,8080,8016,30088
7/17/2013,8040,8078,8090,8010,58866
7/16/2013,8064,8130,8146,8014,91728
7/15/2013,8122,8158,8218,8114,44728
7/12/2013,8178,8220,8244,8146,49994
7/11/2013,8244,8250,8286,8222,31848
7/10/2013,8216,8238,8264,8174,37696
7/9/2013,8226,8260,8260,8222,17916
7/8/2013,8228,8242,8306,8182,46228
7/5/2013,8232,8260,8264,8180,39428
7/4/2013,8260,8292,8298,8236,42696
7/3/2013,8266,8292,8346,8256,65212
7/2/2013,8280,8130,8322,8116,118728
7/1/2013,8116,8100,8148,8082,63638
6/28/2013,8106,8188,8208,8096,89528
6/27/2013,8208,8410,8450,8170,102498
6/26/2013,8452,8500,8508,8426,18286
6/25/2013,8508,8504,8540,8450,16386
6/24/2013,8482,8600,8612,8472,19722
6/21/2013,8614,8636,8652,8580,22420
6/20/2013,8680,8712,8726,8674,13806
6/19/2013,8700,8684,8720,8664,14026
6/18/2013,8690,8690,8738,8674,24250
6/17/2013,8674,8660,8700,8660,20112
6/14/2013,8684,8654,8716,8650,25646
6/13/2013,8690,8700,8752,8658,22792
6/7/2013,8710,8732,8760,8680,38952
6/6/2013,8732,8810,8876,8694,84920
6/5/2013,9052,9354,9374,9052,139958
6/4/2013,9366,9610,9610,9328,70512
6/3/2013,9626,9840,9848,9576,37472
5/31/2013,9854,9856,9870,9834,5020
5/30/2013,9860,9894,9896,9830,16066
5/29/2013,9910,9910,9944,9904,14536
5/28/2013,9902,9914,9926,9886,3548
5/27/2013,9910,9900,9912,9880,4596
5/24/2013,9920,9904,9930,9896,9646
5/23/2013,9902,9932,9936,9900,6058
5/22/2013,9936,9916,9940,9894,8812
5/21/2013,9916,9906,9922,9892,7378
5/20/2013,9906,9920,9926,9882,9842
5/17/2013,9914,9906,9928,9874,16466
5/16/2013,9892,9842,9894,9816,10908
5/15/2013,9844,9890,9906,9820,14344
5/14/2013,9884,9898,9914,9864,7230
5/13/2013,9876,9880,9916,9854,10092
5/10/2013,9902,9900,9902,9854,12656
5/9/2013,9876,9878,9898,9848,6718
5/8/2013,9894,9836,9900,9836,13750
5/7/2013,9824,9864,9900,9810,17862
5/6/2013,9890,9830,9930,9770,22226
5/3/2013,9816,9780,9832,9764,15294
5/2/2013,9762,9780,9820,9750,14376
4/26/2013,9840,9930,9930,9786,23148
4/25/2013,9838,9784,9908,9742,62000
4/24/2013,9722,9688,9732,9640,29956
4/23/2013,9680,9490,9700,9490,37680
4/22/2013,9480,9580,9590,9480,17952
4/19/2013,9532,9536,9590,9512,7200
4/18/2013,9510,9502,9532,9450,6368
4/17/2013,9536,9498,9538,9494,9412
4/16/2013,9480,9382,9504,9330,13460
4/15/2013,9524,9550,9580,9500,12016
4/12/2013,9600,9600,9618,9594,9376
4/11/2013,9628,9664,9664,9586,17106
4/10/2013,9664,9660,9664,9612,7334
4/9/2013,9640,9630,9668,9620,6388
4/8/2013,9608,9608,9620,9586,5348
4/3/2013,9620,9626,9650,9618,7582
4/2/2013,9644,9636,9674,9614,7268
4/1/2013,9650,9718,9728,9638,9260
3/29/2013,9718,9712,9738,9686,6196
3/28/2013,9748,9788,9798,9740,4006
3/27/2013,9796,9798,9810,9770,2570
3/26/2013,9774,9770,9816,9762,8828
3/25/2013,9758,9698,9762,9696,7890
3/22/2013,9960,9938,9970,9926,5678
3/21/2013,9960,9940,9970,9932,4974
3/20/2013,9928,9908,9976,9894,5500
3/19/2013,9914,9814,9934,9808,16360
3/18/2013,9796,9760,9836,9750,7272
3/15/2013,9820,9760,9836,9720,6930
3/14/2013,9740,9812,9900,9652,15926
3/13/2013,9844,9848,9866,9826,10960
3/12/2013,9838,9850,9866,9812,7812
3/11/2013,9844,9880,9884,9818,10504
3/8/2013,9894,9758,10000,9758,57944
3/7/2013,9710,9732,9732,9692,5354
3/6/2013,9732,9712,9740,9706,9056
3/5/2013,9714,9718,9732,9708,7022
3/4/2013,9688,9692,9708,9666,8770
3/1/2013,9668,9660,9716,9656,11340
2/28/2013,9666,9712,9732,9662,16390
2/27/2013,9686,9648,9688,9622,19148
2/26/2013,9644,9690,9738,9636,19408
2/25/2013,9722,9700,9816,9682,40646
2/22/2013,9850,9820,9878,9806,19238
2/21/2013,9828,9840,9840,9772,27988
2/20/2013,9852,9900,9916,9846,48154
2/19/2013,9906,9908,9984,9890,22682
2/18/2013,9880,9850,9894,9818,15020
2/8/2013,9890,9896,9932,9882,10992
2/7/2013,9898,9856,9900,9856,12536
2/6/2013,9900,9918,9920,9890,13322
2/5/2013,9904,9972,9972,9772,24416
2/4/2013,9978,9986,10006,9966,22138
2/1/2013,9974,9996,10002,9902,23486
1/31/2013,9992,10050,10050,9968,23404
1/30/2013,9958,9928,9962,9918,17450
1/29/2013,9932,9922,9966,9908,17972
1/28/2013,9932,9916,9932,9874,19676
1/25/2013,9912,9922,9934,9900,17920
1/24/2013,9880,9994,10004,9858,46730
1/23/2013,10024,10046,10062,9996,23994
1/22/2013,10026,10028,10036,9990,22808
1/21/2013,10014,9988,10042,9968,40206
1/18/2013,9988,9980,10008,9938,34068
1/17/2013,9962,10030,10056,9956,41012
1/16/2013,9998,10034,10034,9980,39726
1/15/2013,10004,10060,10134,9988,115906
1/14/2013,9994,9982,10066,9946,82590
1/11/2013,9924,9982,10040,9894,141812
1/10/2013,9964,9872,10080,9872,260356
1/9/2013,9856,9810,9870,9788,33204
1/8/2013,9786,9804,9842,9752,34502
1/7/2013,9790,9816,9944,9766,53800
1/4/2013,9852,9788,9858,9736,27656
12/31/2012,9754,9804,9896,9752,33308
12/28/2012,9794,9924,9924,9786,34964
12/27/2012,9898,9822,9910,9818,27978
12/26/2012,9850,9828,9898,9814,25458
12/25/2012,9826,9846,9864,9784,22264
12/24/2012,9818,9802,9890,9802,23636
12/21/2012,9786,9710,9810,9710,23858
12/20/2012,9744,9738,9780,9696,24934
12/19/2012,9798,9842,9842,9734,22100
12/18/2012,9858,9894,9930,9836,19744
12/17/2012,9904,9880,9966,9880,27616
12/14/2012,9880,9794,9890,9784,23762
12/13/2012,9804,9764,9828,9764,16820
12/12/2012,9780,9820,9854,9780,26280
12/11/2012,9848,9886,9930,9846,22310
12/10/2012,9888,9838,9914,9838,19492
12/7/2012,9868,9862,9886,9830,22566
12/6/2012,9856,9908,9918,9836,26300
12/5/2012,9860,9764,9874,9764,29990
12/4/2012,9776,9756,9778,9722,19566
12/3/2012,9764,9700,9790,9700,24512
11/30/2012,9694,9668,9706,9620,34446
11/29/2012,9668,9676,9686,9636,37154
11/28/2012,9670,9700,9708,9636,20458
11/27/2012,9654,9696,9696,9650,24076
11/26/2012,9666,9654,9688,9642,28606
11/23/2012,9624,9568,9624,9520,22324
11/22/2012,9568,9580,9586,9550,11460
11/21/2012,9570,9580,9588,9538,24070
11/20/2012,9538,9588,9606,9532,36914
11/19/2012,9546,9490,9556,9488,25376
11/16/2012,9456,9520,9542,9440,25158
11/15/2012,9520,9490,9612,9476,46206
11/14/2012,9672,9546,9672,9520,17032
11/13/2012,9546,9444,9562,9444,11660
11/12/2012,9446,9610,9618,9362,27894
11/9/2012,9682,9714,9744,9678,13492
11/8/2012,9726,9700,9742,9688,11320
11/7/2012,9736,9740,9774,9684,18586
11/6/2012,9736,9756,9756,9700,15910
11/5/2012,9724,9706,9750,9698,27834
11/2/2012,9778,9890,9890,9778,23980
11/1/2012,9884,9820,9898,9812,19668
10/31/2012,9830,9850,9860,9782,32902
10/30/2012,9844,9770,9870,9770,18838
10/29/2012,9874,9872,9938,9854,19980
10/26/2012,9900,9926,9948,9862,24420
10/25/2012,9930,9988,10006,9926,18744
10/24/2012,9982,9932,9984,9912,18016
10/23/2012,9920,9974,9990,9912,18252
10/22/2012,9964,9928,9968,9920,18062
10/19/2012,9960,10022,10030,9960,13190
10/18/2012,9974,9990,10010,9964,18554
10/17/2012,9944,9960,9988,9930,25960
10/16/2012,9980,9950,9994,9946,26040
10/15/2012,9922,9928,9956,9892,38726
10/12/2012,9986,10046,10048,9972,30552
10/11/2012,9998,9960,10058,9954,42284
10/10/2012,10016,9980,10024,9926,36868
10/9/2012,10008,9938,10038,9920,58480
10/8/2012,9890,9870,9902,9812,37758
9/28/2012,9888,9950,9962,9852,31924
9/27/2012,9896,9882,9944,9858,48476
9/26/2012,9936,10026,10070,9936,98756
9/25/2012,10076,10060,10136,10050,70580
9/24/2012,10042,10118,10122,9998,120822
9/21/2012,10178,10100,10220,10020,95974
9/20/2012,10156,10174,10232,10128,79766
9/19/2012,10148,10068,10156,10056,58422
9/18/2012,10020,10040,10088,9992,74076
9/17/2012,10128,10356,10362,10106,57964
9/14/2012,10358,10352,10408,10352,44572
9/13/2012,10292,10350,10368,10292,31112
9/12/2012,10298,10206,10310,10206,32506
9/11/2012,10246,10314,10368,10212,67744
9/10/2012,10348,10298,10372,10282,42552
9/7/2012,10302,10444,10460,10274,61050
9/6/2012,10444,10498,10512,10430,27452
9/5/2012,10548,10600,10608,10522,34972
9/4/2012,10604,10634,10668,10582,35668
9/3/2012,10616,10474,10636,10466,54214
8/31/2012,10456,10520,10532,10434,18608
8/30/2012,10548,10504,10554,10474,21396
8/29/2012,10470,10500,10530,10388,27888
8/28/2012,10492,10550,10574,10490,21214
8/27/2012,10612,10598,10670,10584,36252
8/24/2012,10552,10446,10556,10418,38120
8/23/2012,10472,10496,10526,10450,28652
8/22/2012,10458,10420,10496,10404,49234
8/21/2012,10352,10318,10378,10304,36838
8/20/2012,10282,10296,10318,10276,21070
8/17/2012,10270,10284,10318,10266,31126
8/16/2012,10264,10302,10318,10216,23536
8/15/2012,10286,10272,10300,10236,40900
8/14/2012,10264,10264,10340,10190,39782
8/13/2012,10284,10320,10350,10274,28038
8/10/2012,10272,10340,10360,10252,25758
8/9/2012,10300,10182,10308,10182,42816
8/8/2012,10164,10204,10218,10154,23748
8/7/2012,10234,10174,10244,10170,33668
8/6/2012,10166,10150,10198,10130,30854
8/3/2012,10162,10150,10170,10130,15172
8/2/2012,10176,10176,10182,10114,29210
8/1/2012,10200,10212,10278,10200,25998
7/31/2012,10190,10200,10214,10164,21448
7/30/2012,10212,10218,10294,10160,33648
7/27/2012,10124,10048,10142,10026,29054
7/26/2012,10048,10056,10132,10028,34318
7/25/2012,10026,9988,10068,9984,40488
7/24/2012,10064,10060,10098,9960,8614
7/23/2012,10256,10344,10350,10226,32260
7/20/2012,10390,10400,10438,10344,34454
7/19/2012,10388,10292,10464,10292,97310
7/18/2012,10280,10370,10378,10246,39030
7/17/2012,10346,10478,10478,10292,46180
7/16/2012,10424,10240,10428,10240,69224
7/13/2012,10198,10150,10200,10106,36518
7/12/2012,10134,10210,10210,10126,40114
7/11/2012,10230,10312,10380,10198,52078
7/10/2012,10304,10344,10384,10284,34944
7/9/2012,10392,10336,10420,10278,52640
7/6/2012,10312,10370,10390,10306,42232
7/5/2012,10338,10306,10360,10286,31182
7/4/2012,10308,10328,10382,10276,39120
7/3/2012,10298,10222,10304,10210,54702
7/2/2012,10204,10252,10274,10194,37634
6/29/2012,10140,10100,10142,10060,36738
6/28/2012,10090,10152,10156,10084,32290
6/27/2012,10102,10110,10146,10072,40538
6/26/2012,10104,10154,10154,10054,52476
6/25/2012,10126,10122,10198,10104,46788
6/21/2012,10046,10058,10074,10018,38834
6/20/2012,10110,10022,10112,10022,59964
6/19/2012,9946,9920,9990,9912,47426
6/18/2012,9896,9882,9924,9858,37984
6/15/2012,9838,9768,9844,9760,52598
6/14/2012,9792,9894,9898,9786,68612
6/13/2012,9944,9950,9976,9940,28912
6/12/2012,10592,10572,10594,10564,28206
6/11/2012,10624,10636,10652,10576,57656
6/8/2012,10586,10630,10638,10524,77518
6/7/2012,10592,10552,10606,10532,88256
6/6/2012,10500,10328,10538,10328,152754
6/5/2012,10322,10302,10326,10246,68940
6/4/2012,10246,10280,10312,10190,137396
6/1/2012,10314,10270,10332,10262,85354
5/31/2012,10290,10284,10350,10270,65444
5/30/2012,10350,10350,10388,10320,90682
5/29/2012,10382,10394,10416,10316,149300
5/28/2012,10410,10432,10444,10358,70450
5/25/2012,10376,10398,10420,10308,74050
5/24/2012,10404,10356,10406,10286,93294
5/23/2012,10366,10354,10380,10328,66222
5/22/2012,10428,10424,10460,10414,52154
5/21/2012,10432,10366,10448,10366,62320
5/18/2012,10322,10380,10384,10294,86392
5/17/2012,10412,10398,10466,10358,95422
5/16/2012,10338,10466,10498,10324,145672
5/15/2012,10484,10400,10496,10344,121904
5/14/2012,10436,10560,10560,10398,144882
5/11/2012,10548,10662,10668,10540,112602
5/10/2012,10670,10612,10688,10588,83144
5/9/2012,10610,10562,10614,10524,72908
5/8/2012,10592,10566,10648,10556,67374
5/7/2012,10546,10530,10552,10500,43230
5/4/2012,10588,10522,10590,10514,33486
5/3/2012,10540,10638,10670,10512,70880
5/2/2012,10668,10708,10726,10652,45418
4/27/2012,10710,10708,10720,10668,41982
4/26/2012,10696,10614,10732,10596,127660
4/25/2012,10614,10640,10642,10580,37052
4/24/2012,10568,10592,10640,10556,34042
4/23/2012,10610,10638,10682,10590,49164
4/20/2012,10540,10538,10578,10510,25622
4/19/2012,10542,10520,10550,10500,31524
4/18/2012,10540,10598,10622,10498,73322
4/17/2012,10578,10494,10586,10490,47836
4/16/2012,10514,10450,10534,10410,36758
4/13/2012,10576,10598,10640,10566,44870
4/12/2012,10538,10468,10556,10468,34292
4/11/2012,10466,10462,10498,10434,22762
4/10/2012,10588,10520,10596,10518,28648
4/9/2012,10522,10586,10612,10514,45570
4/6/2012,10532,10490,10548,10474,70724
4/5/2012,10452,10322,10466,10322,62158
3/30/2012,10178,10242,10294,10178,76126
3/29/2012,10260,10282,10354,10242,124136
3/28/2012,10286,10212,10336,10208,69744
3/27/2012,10252,10250,10282,10222,28296
3/26/2012,10250,10158,10266,10158,48854
3/23/2012,10164,10082,10170,10082,43920
3/22/2012,10062,10072,10100,10052,20282
3/21/2012,10060,10050,10090,10036,25236
3/20/2012,10074,10168,10172,10050,39666
3/19/2012,10168,10144,10198,10130,28030
3/16/2012,10110,10160,10174,10094,24570
3/15/2012,10104,10090,10134,10058,23944
3/14/2012,10076,10090,10148,10044,30714
3/13/2012,10066,9994,10082,9980,27134
3/12/2012,9992,10000,10006,9950,15908
3/9/2012,10016,9868,10030,9868,38570
3/8/2012,9858,9808,9864,9808,10962
3/7/2012,9816,9798,9830,9790,10802
3/6/2012,9844,9872,9878,9838,12708
3/5/2012,9886,9906,9928,9876,12392
3/2/2012,9898,9900,9918,9880,12144
3/1/2012,9866,9892,9928,9862,23462
2/29/2012,9926,9928,9930,9894,11940
2/28/2012,9916,9892,9922,9890,10774
2/27/2012,9872,9850,9896,9850,13730
2/24/2012,9840,9832,9866,9814,18058
2/23/2012,9844,9840,9846,9808,15532
2/22/2012,9840,9856,9874,9830,26124
2/21/2012,9828,9760,9828,9742,22840
2/20/2012,9766,9794,9806,9758,18002
2/17/2012,9742,9690,9750,9690,15004
2/16/2012,9672,9760,9760,9646,16964
2/15/2012,9746,9778,9784,9746,11936
2/14/2012,9746,9788,9790,9742,11520
2/13/2012,9770,9710,9776,9704,27736
2/10/2012,9676,9730,9730,9672,13496
2/9/2012,9740,9726,9768,9718,22550
2/8/2012,9758,9698,9758,9682,23030
2/7/2012,9676,9720,9734,9656,16972
2/6/2012,9716,9692,9722,9680,16696
2/3/2012,9636,9600,9654,9598,17134
2/2/2012,9590,9590,9606,9552,23080
2/1/2012,9474,9450,9488,9448,5190
1/31/2012,9448,9438,9454,9410,4822
1/30/2012,9482,9520,9528,9480,4142
1/20/2012,9496,9478,9518,9444,4496
1/19/2012,9472,9432,9472,9410,5122
1/18/2012,9406,9438,9444,9400,6160
1/17/2012,9436,9428,9446,9394,9258
1/16/2012,9400,9440,9440,9376,10040
1/13/2012,9488,9526,9528,9470,8994
1/12/2012,9570,9548,9570,9532,3366
1/11/2012,9586,9564,9594,9550,5222
1/10/2012,9568,9602,9608,9568,5950
1/9/2012,9550,9548,9554,9528,6486
1/6/2012,9586,9510,9770,9510,4838
1/5/2012,9588,9592,9612,9564,8714
1/4/2012,9584,9566,9604,9550,7208
12/30/2011,9510,9484,9510,9472,5756
12/29/2011,9490,9456,9490,9442,6316
12/28/2011,9482,9470,9492,9462,8674
12/27/2011,9414,9450,9452,9412,5462
12/26/2011,9468,9510,9514,9428,8190
12/23/2011,9498,9432,9498,9432,7928
12/22/2011,9416,9412,9416,9390,6980
12/21/2011,9406,9394,9418,9382,6818
12/20/2011,9372,9382,9396,9354,23266
12/19/2011,9398,9404,9404,9354,11682
12/16/2011,9364,9316,9364,9290,11152
12/15/2011,9298,9236,9298,9230,13758
12/14/2011,9316,9336,9348,9282,10890
12/13/2011,9324,9330,9364,9322,8342
12/12/2011,9344,9350,9368,9304,13262
12/9/2011,9404,9402,9428,9388,6126
12/8/2011,9416,9456,9464,9370,13220
12/7/2011,9476,9484,9516,9450,5218
12/6/2011,9464,9466,9480,9428,9080
12/5/2011,9508,9480,9510,9464,12342
12/1/2011,9480,9482,9546,9430,23736
11/30/2011,9348,9378,9390,9278,16308
11/29/2011,9364,9356,9384,9298,16914
11/28/2011,9342,9318,9388,9312,15610
11/25/2011,9300,9320,9410,9260,32552
11/24/2011,9382,9500,9518,9306,29170
11/23/2011,9556,9682,9686,9520,30134
11/22/2011,9646,9718,9734,9600,33722
11/21/2011,9770,9762,9798,9734,13134
11/18/2011,9822,9796,9822,9752,13542
11/17/2011,9918,9828,9950,9766,17504
11/16/2011,9816,9950,9950,9794,12700
11/15/2011,9874,9826,9890,9820,20336
11/14/2011,9866,9830,9878,9782,28700
11/11/2011,9800,9712,9806,9700,18312
11/10/2011,9706,9674,9730,9610,17918
11/9/2011,9782,9802,9836,9764,8978
11/8/2011,9750,9744,9786,9710,7664
11/7/2011,9770,9836,9836,9750,6950
11/4/2011,9844,9838,9858,9816,15090
11/3/2011,9740,9790,9826,9740,8908
11/2/2011,9836,9738,9836,9716,11340
11/1/2011,9770,9808,9854,9760,9758
10/31/2011,9800,9884,9914,9780,9972
10/28/2011,9926,10014,10084,9918,17014
10/27/2011,9968,9838,9978,9828,16698
10/26/2011,9872,9826,9886,9816,7360
10/25/2011,9904,9882,9966,9852,19332
10/24/2011,9860,9800,9986,9736,19730
10/21/2011,9778,9690,9780,9690,11042
10/20/2011,9682,9740,9740,9590,20194
10/19/2011,9856,9878,9888,9820,14868
10/18/2011,9814,9946,9946,9800,12416
10/17/2011,9986,9994,10030,9948,15464
10/14/2011,9966,9952,9980,9930,13292
10/13/2011,9902,9836,9910,9836,17278
10/12/2011,9868,9850,9884,9768,19770
10/11/2011,9708,9782,9832,9686,18898
10/10/2011,9726,9702,9802,9702,16822
9/30/2011,9974,9800,9974,9800,17470
9/29/2011,9754,9650,9812,9580,16122
9/28/2011,9948,9994,10012,9934,18468
9/27/2011,9934,9830,9946,9830,12450
9/26/2011,9756,10160,10160,9750,36556
9/23/2011,10070,10126,10144,9924,42224
9/22/2011,10230,10300,10310,10228,25102
9/21/2011,10350,10346,10360,10306,13454
9/20/2011,10368,10318,10386,10316,9062
9/19/2011,10304,10352,10352,10300,16856
9/16/2011,10360,10320,10364,10320,6914
9/15/2011,10386,10400,10414,10380,6344
9/14/2011,10372,10466,10476,10372,13054
9/13/2011,10460,10480,10486,10440,10754
9/9/2011,10570,10548,10574,10518,10514
9/8/2011,10554,10598,10598,10524,14682
9/7/2011,10586,10488,10586,10484,17358
9/6/2011,10486,10528,10544,10446,14098
9/5/2011,10552,10572,10620,10524,17088
9/2/2011,10582,10560,10596,10546,8262
9/1/2011,10588,10624,10654,10570,14162
8/31/2011,10634,10598,10650,10580,21062
8/30/2011,10578,10614,10648,10550,18674
8/29/2011,10566,10510,10574,10510,17334
8/26/2011,10420,10428,10470,10386,11280
8/25/2011,10418,10430,10446,10402,7382
8/24/2011,10432,10450,10466,10420,12760
8/23/2011,10452,10412,10454,10398,14176
8/22/2011,10378,10430,10430,10370,8008
8/19/2011,10388,10340,10394,10340,9232
8/18/2011,10412,10456,10460,10392,7398
8/17/2011,10414,10388,10420,10382,12646
8/16/2011,10364,10412,10416,10362,18008
8/15/2011,10382,10350,10392,10342,13202
8/12/2011,10286,10342,10380,10280,14050
8/11/2011,10280,10230,10296,10214,18792
8/10/2011,10272,10242,10290,10240,16650
8/9/2011,10192,10250,10250,10094,47988
8/8/2011,10348,10320,10410,10310,21822
8/5/2011,10362,10450,10450,10314,48472
8/4/2011,10548,10590,10600,10530,22656
8/3/2011,10620,10650,10666,10616,21974
8/2/2011,10598,10618,10646,10574,27210
8/1/2011,10616,10580,10622,10560,24044
7/29/2011,10532,10526,10616,10512,25830
7/28/2011,10552,10580,10590,10534,16144
7/27/2011,10616,10596,10630,10582,30816
7/26/2011,10560,10528,10566,10512,18204
7/25/2011,10502,10580,10590,10502,32940
7/22/2011,10620,10628,10644,10612,29512
7/21/2011,10632,10612,10670,10596,54090
7/20/2011,10632,10590,10654,10564,43286
7/19/2011,10586,10598,10598,10554,22176
7/18/2011,10568,10620,10654,10558,37372
7/15/2011,10620,10638,10640,10576,31944
7/14/2011,10664,10672,10694,10620,42056
7/13/2011,10618,10572,10640,10560,41464
7/12/2011,10500,10570,10598,10476,33890
7/11/2011,10582,10552,10624,10536,31586
7/8/2011,10554,10550,10576,10520,38960
7/7/2011,10468,10420,10474,10420,20726
7/6/2011,10432,10438,10460,10416,28416
7/5/2011,10428,10458,10480,10410,24054
7/4/2011,10448,10366,10464,10360,31480
7/1/2011,10340,10324,10350,10282,26596
6/30/2011,10410,10362,10416,10358,24158
6/29/2011,10356,10382,10384,10336,21458
6/28/2011,10306,10346,10370,10288,34674
6/27/2011,10310,10430,10434,10282,59238
6/24/2011,10462,10444,10492,10426,34490
6/23/2011,10480,10480,10498,10420,36716
6/22/2011,10526,10568,10576,10522,24830
6/21/2011,10568,10536,10580,10508,37428
6/20/2011,10492,10480,10536,10458,43808
6/17/2011,10482,10496,10522,10454,33442
6/16/2011,10506,10600,10608,10502,33556
6/15/2011,10622,10572,10644,10570,35062
6/14/2011,10610,10590,10640,10574,30478
6/13/2011,10588,10570,10614,10556,22668
6/10/2011,10606,10660,10684,10596,42162
6/9/2011,10666,10688,10740,10660,74618
6/8/2011,10654,10710,10724,10614,47700
6/7/2011,10710,10682,10730,10634,54262
6/3/2011,10810,10690,10812,10676,68066
6/2/2011,10648,10616,10650,10586,35298
6/1/2011,10618,10680,10688,10610,33042
5/31/2011,10662,10670,10690,10610,43754
5/30/2011,10668,10644,10718,10626,57148
5/27/2011,10648,10694,10694,10620,53578
5/26/2011,10668,10618,10678,10600,58722
5/25/2011,10572,10622,10622,10530,53394
5/24/2011,10622,10544,10624,10534,80988
5/23/2011,10526,10600,10610,10498,58862
5/20/2011,10576,10500,10576,10464,46860
5/19/2011,10470,10476,10538,10444,52976
5/18/2011,10450,10328,10470,10328,79172
5/17/2011,10310,10290,10318,10188,28670
5/16/2011,10318,10342,10358,10294,29156
5/13/2011,10380,10260,10380,10260,22920
5/12/2011,10206,10268,10332,10198,30366
5/11/2011,10312,10336,10358,10286,19244
5/10/2011,10316,10256,10316,10202,22844
5/9/2011,10214,10236,10240,10190,18776
5/6/2011,9884,9898,9980,9874,25420
5/5/2011,10090,10072,10132,10002,19100
5/4/2011,10116,10152,10176,10088,16932
5/3/2011,10206,10198,10226,10168,14284
4/29/2011,10116,10232,10232,10110,24744
4/28/2011,10324,10202,10330,10202,28294
4/27/2011,10232,10290,10294,10212,26970
4/26/2011,10242,10380,10380,10240,27612
4/25/2011,10438,10492,10514,10430,25816
4/22/2011,10484,10450,10488,10390,35414
4/21/2011,10406,10472,10478,10370,32986
4/20/2011,10444,10332,10446,10330,24880
4/19/2011,10268,10340,10362,10240,25566
4/18/2011,10320,10278,10336,10238,22248
4/15/2011,10290,10358,10414,10290,28256
4/14/2011,10350,10436,10484,10350,35950
4/13/2011,10480,10462,10488,10406,35042
4/12/2011,10544,10612,10640,10530,35934
4/11/2011,10738,10764,10808,10732,48046
4/8/2011,10710,10610,10710,10584,45844
4/7/2011,10648,10666,10728,10624,43822
4/6/2011,10698,10558,10704,10532,54034
4/1/2011,10544,10592,10600,10522,40878
3/31/2011,10476,10440,10498,10378,65178
3/30/2011,10446,10340,10466,10340,93030
3/29/2011,10304,10280,10332,10224,38776
3/28/2011,10334,10358,10398,10230,37152
3/25/2011,10324,10282,10348,10280,22260
3/24/2011,10214,10350,10380,10186,32462
3/23/2011,10380,10276,10388,10262,27476
3/22/2011,10244,10288,10306,10244,25086
3/21/2011,10320,10236,10348,10236,37738
3/18/2011,10226,10224,10230,10154,28594
3/17/2011,10102,9962,10104,9932,30296
3/16/2011,10000,9898,10002,9850,40328
3/15/2011,10122,10072,10128,10024,31462
3/14/2011,10068,10178,10178,10008,52414
3/11/2011,10200,10250,10292,10176,35612
3/10/2011,10232,10204,10288,10180,37134
3/9/2011,10354,10424,10434,10316,42746
3/8/2011,10400,10510,10586,10360,40364
3/7/2011,10620,10618,10644,10560,31484
3/4/2011,10590,10576,10638,10530,38166
3/3/2011,10500,10582,10630,10500,35942
3/2/2011,10558,10402,10586,10380,44830
3/1/2011,10410,10380,10442,10314,30202
2/28/2011,10412,10400,10444,10338,33922
2/25/2011,10270,10100,10272,10100,33252
2/24/2011,10090,10306,10320,10010,39022
2/23/2011,10238,10294,10378,10060,54100
2/22/2011,10678,10650,10694,10492,47280
2/21/2011,10570,10550,10610,10468,31456
2/18/2011,10566,10760,10768,10548,45804
2/17/2011,10612,10798,10816,10598,52952
2/16/2011,10744,10770,10832,10696,49416
2/15/2011,10968,11040,11094,10956,73282
2/14/2011,11090,11056,11122,10962,42986
2/11/2011,11064,11030,11184,11022,88364
2/10/2011,11080,11050,11146,11030,47256
2/9/2011,10982,10862,10990,10862,38748
2/1/2011,10822,10832,10858,10760,21642
1/31/2011,10790,10660,10800,10660,38762
1/28/2011,10626,10628,10696,10616,24022
1/27/2011,10670,10678,10710,10574,32426
1/26/2011,10550,10686,10686,10460,52814
1/25/2011,10796,10910,10910,10778,46832
1/24/2011,10932,10904,11090,10902,80532
1/21/2011,10836,10808,10884,10786,41292
1/20/2011,10842,10876,10950,10740,64178
1/19/2011,10942,10810,10966,10780,109162
1/18/2011,10766,10758,10800,10672,33326
1/17/2011,10798,10860,10880,10766,33168
1/14/2011,10884,10800,10890,10790,25288
1/13/2011,10856,10926,10984,10846,30232
1/12/2011,10754,10858,10912,10726,46442
1/11/2011,10878,10872,10908,10830,42084
1/10/2011,10808,10918,10918,10772,60228
1/7/2011,10864,11000,11074,10792,55408
1/6/2011,11114,10932,11134,10932,45862
1/5/2011,10860,10870,10920,10822,27716
1/4/2011,10968,10908,10996,10862,37214
12/31/2010,10860,10768,10882,10764,26052
12/30/2010,10848,10700,10858,10668,35152
12/29/2010,10770,10976,10976,10740,62942
12/28/2010,10974,10942,11022,10916,60732
12/27/2010,10844,10702,10866,10702,49046
12/24/2010,10792,10850,10874,10664,54472
12/23/2010,10810,10596,10824,10582,61894
12/22/2010,10546,10632,10658,10530,38244
12/21/2010,10604,10596,10606,10502,47200
12/20/2010,10480,10580,10622,10368,50134
12/17/2010,10490,10496,10568,10444,39358
12/16/2010,10070,10136,10156,10030,57158
12/15/2010,10086,9996,10300,9960,183522
12/14/2010,10024,9968,10024,9912,38360
12/13/2010,9912,9688,9964,9688,41390
12/10/2010,9786,9780,9796,9728,19340
12/9/2010,9776,9790,9840,9756,28168
12/8/2010,9698,9790,9858,9694,37404
12/7/2010,9948,9842,9950,9788,42222
12/6/2010,9880,9842,9880,9782,36836
12/3/2010,9772,9776,9808,9654,33258
12/2/2010,9754,9762,9824,9744,32242
12/1/2010,9666,9588,9690,9542,60114
11/30/2010,9590,9542,9592,9446,38806
11/29/2010,9562,9440,9568,9386,39018
11/26/2010,9470,9620,9638,9380,49198
11/25/2010,9562,9578,9648,9552,54818
11/24/2010,9526,9380,9532,9364,53044
11/23/2010,9346,9478,9524,9320,66368
11/22/2010,9446,9498,9534,9432,55760
11/19/2010,9644,9718,9750,9480,87574
11/18/2010,9558,9600,9700,9310,137828
11/17/2010,9528,9528,9648,9528,59400
11/16/2010,9898,10104,10148,9856,150096
11/15/2010,10048,10000,10208,9730,244132
11/12/2010,10018,10500,10510,10018,222362
11/11/2010,10518,10580,10676,10400,137874
11/10/2010,10536,10668,10744,10450,180944
11/9/2010,10484,10320,10592,10256,173496
11/8/2010,10384,10260,10638,10130,260434
11/5/2010,10362,10100,10362,10078,200412
11/4/2010,9944,9726,9974,9726,132440
11/3/2010,9682,9708,9798,9640,73426
11/2/2010,9704,9700,9756,9660,66702
11/1/2010,9696,9576,9756,9568,85218
10/29/2010,9518,9700,9710,9506,98672
10/28/2010,9758,9712,9776,9674,128658
10/27/2010,9648,9994,10014,9500,191814
10/26/2010,9914,10000,10080,9876,211018
10/25/2010,9998,9792,10072,9736,273544
10/22/2010,9686,9650,9714,9622,148108
10/21/2010,9652,9646,9894,9588,325114
10/20/2010,9484,9282,9526,9202,233016
10/19/2010,9388,9320,9556,9304,227218
10/18/2010,9272,9254,9336,9232,89372
10/15/2010,9398,9324,9406,9240,106906
10/14/2010,9312,9286,9340,9266,105280
10/13/2010,9260,9260,9308,9202,90842
10/12/2010,9208,9280,9294,9106,116988
10/11/2010,9378,9378,9378,9328,95874
10/8/2010,8894,8860,8956,8860,33834
10/7/2010,8912,8876,8914,8794,39942
9/30/2010,8912,8876,8914,8794,39942
9/29/2010,8886,8994,9000,8856,39886
9/28/2010,9044,8960,9046,8950,35260
9/27/2010,8998,9052,9132,8980,45682
9/24/2010,8822,8880,8880,8796,30612
9/21/2010,8822,8880,8880,8796,30612
9/20/2010,8880,8794,8956,8792,77816
9/17/2010,8694,8674,8710,8674,14728
9/16/2010,8672,8696,8722,8634,19392
9/15/2010,8690,8700,8720,8670,19052
9/14/2010,8674,8702,8748,8672,28412
9/13/2010,8712,8710,8716,8670,20022
9/10/2010,8706,8716,8726,8680,27920
9/9/2010,8670,8832,8840,8432,54710
9/8/2010,8814,8888,8888,8810,31516
9/7/2010,8842,8828,8844,8774,40640
9/6/2010,8818,8818,8840,8788,31582
9/3/2010,8780,8728,8786,8714,45316
9/2/2010,8718,8682,8750,8674,52748
9/1/2010,8660,8660,8708,8656,28994
8/31/2010,8550,8620,8622,8542,31748
8/30/2010,8668,8672,8716,8642,45840
8/27/2010,8624,8616,8634,8574,43886
8/26/2010,8602,8536,8604,8536,62410
8/25/2010,8516,8554,8568,8444,50372
8/24/2010,8532,8532,8602,8506,64152
8/23/2010,8556,8560,8600,8540,67444
8/20/2010,8550,8600,8612,8530,90096
8/19/2010,8678,8700,8724,8640,97838
8/18/2010,8684,8842,8864,8662,159330
8/17/2010,8816,8804,8824,8774,69644
8/16/2010,8850,8866,8920,8830,122450
8/13/2010,8848,8750,8850,8750,137968
8/12/2010,8728,8748,8770,8680,119706
8/11/2010,8740,8752,8852,8726,182842
8/10/2010,8758,8802,8826,8720,223744
8/9/2010,8854,8766,8916,8724,332540
8/6/2010,8770,8530,8784,8510,219592
8/5/2010,8510,8602,8626,8470,107410
8/4/2010,8566,8572,8630,8526,136888
8/3/2010,8542,8468,8590,8448,184586
8/2/2010,8458,8440,8486,8426,97842
7/30/2010,8380,8380,8410,8362,42100
7/29/2010,8360,8352,8382,8332,44450
7/28/2010,8334,8298,8344,8290,26588
7/27/2010,8292,8342,8352,8270,33404
7/26/2010,8372,8348,8388,8330,43224
7/23/2010,8348,8388,8404,8340,38622
7/22/2010,8370,8350,8382,8320,35884
7/21/2010,8360,8388,8424,8344,47044
7/20/2010,8364,8348,8372,8332,23338
7/19/2010,8364,8358,8380,8324,27346
7/16/2010,8382,8386,8400,8352,39160
7/15/2010,8326,8312,8356,8300,75072
7/14/2010,8310,8240,8314,8238,57310
7/13/2010,8216,8238,8258,8206,23262
7/12/2010,8224,8278,8278,8220,14936
7/9/2010,8256,8218,8260,8202,20916
7/8/2010,8200,8242,8244,8198,15990
7/7/2010,8182,8180,8202,8162,15042
7/6/2010,8184,8148,8186,8132,17516
7/5/2010,8160,8178,8186,8148,14022
7/2/2010,8168,8120,8174,8120,14846
7/1/2010,8134,8130,8174,8120,13360
6/30/2010,8146,8120,8158,8110,19262
6/29/2010,8174,8216,8236,8164,20940
6/28/2010,8234,8262,8272,8230,14280
6/25/2010,8252,8240,8278,8232,17692
6/24/2010,8270,8276,8294,8262,20640
6/23/2010,8286,8260,8286,8242,20242
6/22/2010,8288,8270,8302,8270,19744
6/21/2010,8298,8266,8310,8252,52246
6/18/2010,8228,8220,8242,8212,30540
6/17/2010,8204,8250,8250,8200,27938
6/14/2010,8104,8100,8142,8096,26646
6/11/2010,8104,8100,8142,8096,26646
6/10/2010,8098,8120,8122,8076,25928
6/9/2010,8118,8110,8132,8072,40264
6/8/2010,8108,8068,8122,8066,38690
6/7/2010,8064,8116,8120,8000,57248
6/4/2010,8214,8208,8236,8186,60612
6/3/2010,8192,8228,8238,8172,65766
6/2/2010,8228,8166,8230,8140,142082
6/1/2010,8146,8120,8190,8098,102438
5/31/2010,8112,8136,8136,8104,12940
5/28/2010,8150,8194,8198,8142,13904
5/27/2010,8164,8164,8168,8136,14542
5/26/2010,8148,8144,8160,8124,18742
5/25/2010,8120,8168,8174,8110,21764
5/24/2010,8190,8174,8206,8166,25934
5/21/2010,8174,8158,8194,8136,25710
5/20/2010,8174,8162,8214,8152,30968
5/19/2010,8122,8128,8166,8110,24336
5/18/2010,8174,8130,8202,8106,58038
5/17/2010,8120,8140,8156,8060,57600
5/14/2010,8172,8190,8206,8168,15574
5/13/2010,8216,8244,8248,8174,22702
5/12/2010,8238,8232,8278,8222,29264
5/11/2010,8216,8260,8294,8212,33180
5/10/2010,8270,8232,8274,8224,38548
5/7/2010,8174,8198,8208,8128,37772
5/6/2010,8270,8348,8348,8262,23146
5/5/2010,8336,8270,8338,8260,16912
5/4/2010,8318,8322,8338,8302,14156
4/30/2010,8348,8330,8348,8294,17294
4/29/2010,8314,8336,8356,8300,23530
4/28/2010,8350,8378,8378,8324,27030
4/27/2010,8432,8436,8446,8392,36430
4/26/2010,8446,8470,8490,8436,33184
4/23/2010,8242,8214,8254,8210,51232
4/22/2010,8206,8220,8230,8198,24620
4/21/2010,8216,8212,8226,8188,35118
4/20/2010,8200,8216,8268,8194,69672
4/19/2010,8166,8202,8218,8154,39456
4/16/2010,8230,8246,8250,8216,23144
4/15/2010,8226,8252,8276,8220,39706
4/14/2010,8252,8258,8276,8250,29770
4/13/2010,8240,8230,8254,8212,37814
4/12/2010,8254,8288,8300,8244,48742
4/9/2010,8242,8220,8256,8218,37108
4/8/2010,8210,8240,8278,8206,61862
4/7/2010,8252,8200,8272,8190,89996
4/6/2010,8178,8190,8212,8172,38328
4/2/2010,8186,8174,8208,8164,49456
4/1/2010,8144,8146,8182,8126,46038
3/31/2010,8162,8170,8212,8150,80648
3/30/2010,8180,8186,8206,8104,125272
3/29/2010,8162,8176,8192,8150,55720
3/26/2010,8154,8160,8192,8126,66476
3/25/2010,8196,8190,8234,8176,98624
3/24/2010,8186,8190,8252,8156,243580
3/23/2010,8184,8216,8262,8124,238084
3/22/2010,8158,8056,8210,8056,149466
3/19/2010,8072,7990,8096,7990,79658
3/18/2010,7990,8050,8050,7972,31962
3/17/2010,8040,8010,8060,8010,39922
3/16/2010,7994,7970,8024,7970,45754
3/15/2010,7990,8020,8050,7964,60296
3/12/2010,8062,8088,8108,8048,41792
3/11/2010,8120,8240,8240,8088,64732
3/10/2010,8162,8160,8202,8150,53090
3/9/2010,8178,8116,8196,8100,85980
3/8/2010,8126,8140,8170,8110,43286
3/5/2010,8118,8072,8128,8020,61406
3/4/2010,8068,8152,8178,8060,65180
3/3/2010,8160,8176,8206,8128,105002
3/2/2010,8140,8096,8208,8086,206094
3/1/2010,8094,8120,8142,8080,31314
2/26/2010,8028,8080,8096,8026,34714
2/25/2010,8074,8150,8202,8054,54618
2/24/2010,8084,8102,8110,8076,27788
2/23/2010,8140,8040,8142,8036,44230
2/22/2010,8046,8050,8064,8004,22278
2/12/2010,7944,8008,8008,7926,11020
2/11/2010,7996,7986,8038,7978,17848
2/10/2010,7964,8000,8010,7934,28128
2/9/2010,7974,8006,8012,7958,19744
2/8/2010,7974,7942,7986,7942,26496
2/5/2010,7918,7870,7936,7870,30412
2/4/2010,7916,7944,7944,7880,26450
2/3/2010,7978,7970,7978,7900,31274
2/2/2010,7824,7850,7876,7794,33770
2/1/2010,7792,7910,7920,7792,33090
1/29/2010,7894,7928,7978,7880,31088
1/28/2010,7932,7980,7988,7900,39344
1/27/2010,8036,7998,8038,7978,37824
1/26/2010,7962,8052,8068,7962,42350
1/25/2010,8058,8050,8088,8032,40602
1/22/2010,8070,8020,8090,7952,59126
1/21/2010,8080,7958,8086,7934,65272
1/20/2010,7980,8102,8128,7978,45218
1/19/2010,8110,8138,8162,8076,45850
1/18/2010,8102,8090,8120,8050,46712
1/15/2010,8138,8150,8228,8122,49124
1/14/2010,8184,8204,8254,8184,50540
1/13/2010,8142,8188,8228,8126,73500
1/12/2010,8378,8412,8432,8352,57964
1/11/2010,8474,8454,8534,8452,76800
1/8/2010,8396,8500,8546,8330,102814
1/7/2010,8506,8746,8796,8280,130756
1/6/2010,8708,8602,8782,8586,127922
1/5/2010,8628,8650,8678,8610,56432
1/4/2010,8624,8586,8686,8552,64990
12/31/2009,8516,8412,8520,8404,51928
12/30/2009,8382,8406,8438,8374,32242
12/29/2009,8398,8456,8488,8392,35174
12/28/2009,8410,8320,8420,8280,45210
12/25/2009,8312,8350,8364,8308,33512
12/24/2009,8344,8332,8348,8268,47284
12/23/2009,8300,8336,8350,8224,60974
12/22/2009,8306,8314,8424,8292,68546
12/21/2009,8344,8370,8396,8330,25888
12/18/2009,8386,8330,8404,8320,42272
12/17/2009,8494,8586,8628,8492,44064
12/16/2009,8528,8458,8556,8448,39936
12/15/2009,8464,8518,8518,8444,21100
12/14/2009,8462,8582,8586,8350,40384
12/11/2009,8408,8428,8444,8390,16688
12/10/2009,8368,8388,8448,8240,27316
12/9/2009,8430,8510,8522,8412,26800
12/8/2009,8596,8634,8636,8526,28328
12/7/2009,8578,8400,8676,8400,58924
12/4/2009,8408,8296,8410,8252,45876
12/3/2009,8310,8318,8336,8282,23392
12/2/2009,8332,8302,8350,8250,27912
12/1/2009,8278,8290,8290,8240,19344
11/30/2009,8274,8230,8300,8230,32320
11/27/2009,8130,8288,8312,8010,58132
11/26/2009,8348,8380,8428,8312,50764
11/25/2009,8332,8266,8350,8248,41128
11/24/2009,8228,8320,8338,8194,55378
11/23/2009,8364,8274,8370,8272,56624
11/20/2009,8232,8168,8298,8166,75840
11/19/2009,8174,8150,8210,8140,41066
11/18/2009,8174,8146,8196,8130,53264
11/17/2009,8122,8228,8240,8096,56856
11/16/2009,8170,8114,8198,8114,70616
11/13/2009,8080,8066,8116,8014,81160
11/12/2009,8066,7958,8084,7924,79638
11/11/2009,7912,7916,7936,7902,16562
11/10/2009,7890,7950,7970,7884,19908
11/9/2009,7918,7884,7942,7884,13002
11/6/2009,7924,7870,7938,7870,21518
11/5/2009,7890,7910,7944,7884,20076
11/4/2009,7920,7950,7970,7910,24778
11/3/2009,7890,7862,7978,7862,50488
11/2/2009,7892,7820,7896,7800,29832
10/30/2009,7896,7948,7984,7888,48634
10/29/2009,7856,7850,7900,7802,73122
10/28/2009,7908,7860,7988,7842,95530
10/27/2009,7878,7920,7920,7860,40970
10/26/2009,7980,7968,8014,7930,74126
10/23/2009,7988,7796,8036,7782,135068
10/22/2009,7716,7762,7790,7712,12976
10/21/2009,7686,7700,7770,7666,9500
10/20/2009,7716,7798,7812,7682,11670
10/19/2009,7758,7670,7778,7670,13782
10/16/2009,7688,7614,7688,7614,15540
10/15/2009,7526,7536,7564,7520,6944
10/14/2009,7612,7576,7622,7574,9106
10/13/2009,7574,7662,7662,7560,11408
10/12/2009,7538,7460,7598,7460,11520
10/9/2009,7488,7470,7516,7456,5580
9/30/2009,7340,7270,7360,7270,6580
9/29/2009,7360,7342,7368,7270,7556
9/28/2009,7280,7410,7410,7214,14848
9/25/2009,7384,7400,7418,7382,7272
9/24/2009,7400,7380,7410,7368,11692
9/23/2009,7426,7498,7508,7416,8056
9/22/2009,7462,7486,7502,7452,7778
9/21/2009,7526,7524,7562,7520,8146
9/18/2009,7518,7534,7580,7512,8514
9/17/2009,7544,7502,7546,7490,11700
9/16/2009,7512,7526,7538,7486,19446
9/15/2009,7422,7402,7450,7402,9906
9/14/2009,7384,7410,7434,7354,23768
9/11/2009,7476,7538,7556,7470,10878
9/10/2009,7552,7522,7568,7520,12262
9/9/2009,7554,7600,7608,7524,12424
9/8/2009,7548,7460,7550,7448,15844
9/7/2009,7478,7550,7570,7460,27282
9/4/2009,7568,7630,7652,7564,31570
9/3/2009,7666,7622,7698,7612,23524
9/2/2009,7618,7620,7638,7574,31834
9/1/2009,7700,7724,7724,7662,21294
8/31/2009,7710,7898,7898,7700,32400
8/28/2009,7858,7840,7914,7826,43682
8/27/2009,7810,7830,7850,7786,18032
8/26/2009,7834,7760,7834,7756,22398
8/25/2009,7790,7810,7818,7754,21446
8/24/2009,7810,7740,7824,7728,35082
8/21/2009,7654,7648,7694,7602,21314
8/20/2009,7684,7638,7694,7592,28152
8/19/2009,7586,7716,7760,7520,45676
8/18/2009,7694,7640,7700,7632,23234
8/17/2009,7612,7468,7742,7468,52296
8/14/2009,7802,7920,7930,7798,33734
8/13/2009,7952,7980,7996,7888,63216
8/12/2009,7874,7900,7940,7872,70162
8/11/2009,7832,7796,7848,7772,50010
8/10/2009,7846,7716,7850,7710,46352
8/7/2009,7692,7678,7744,7652,31274
8/6/2009,7696,7840,7840,7688,45442
8/5/2009,7812,7744,7876,7700,74534
8/4/2009,7724,7870,7878,7686,48506
8/3/2009,7700,7670,7716,7608,46084
7/31/2009,7584,7680,7680,7560,40686
7/30/2009,7502,7432,7502,7428,15974
7/29/2009,7448,7484,7516,7408,29296
7/28/2009,7482,7394,7498,7382,37000
7/27/2009,7390,7388,7398,7360,22856
7/24/2009,7428,7480,7480,7408,17392
7/23/2009,7458,7482,7482,7430,20174
7/22/2009,7434,7446,7474,7402,31158
7/21/2009,7448,7508,7532,7446,35278
7/20/2009,7502,7466,7508,7442,42926
7/17/2009,7392,7360,7416,7360,33908
7/16/2009,7376,7434,7436,7342,71584
7/15/2009,7436,7380,7450,7380,62394
7/14/2009,7368,7356,7392,7340,47942
7/13/2009,7306,7386,7390,7296,78396
7/10/2009,7366,7384,7434,7310,64216
7/9/2009,7376,7350,7386,7330,34924
7/8/2009,7348,7390,7414,7274,92044
7/7/2009,7542,7546,7588,7516,60892
7/6/2009,7548,7522,7600,7522,70784
7/3/2009,7564,7636,7684,7432,91070
7/2/2009,7672,7800,7810,7670,62430
7/1/2009,7770,7664,7782,7662,58034
6/30/2009,7682,7686,7720,7664,45984
6/29/2009,7656,7750,7750,7654,58634
6/26/2009,7790,7764,7818,7762,50520
6/25/2009,7764,7692,7776,7674,55622
6/24/2009,7706,7710,7726,7682,45228
6/23/2009,7712,7618,7716,7598,75032
6/22/2009,7668,7718,7738,7664,47346
6/19/2009,7806,7822,7830,7776,34606
6/18/2009,7796,7886,7888,7774,50452
6/17/2009,7854,7858,7880,7826,45650
6/16/2009,7890,7748,7892,7746,52500
6/15/2009,7678,7672,7724,7636,44288
6/12/2009,7734,7826,7854,7712,57452
6/11/2009,7816,7820,7864,7810,45404
6/10/2009,7868,7944,7944,7834,47390
6/9/2009,7908,7914,7926,7848,45818
6/8/2009,7880,7960,8006,7864,50948
6/5/2009,7980,8038,8048,7970,54126
6/4/2009,7910,7856,7912,7818,51638
6/3/2009,7994,7970,7998,7946,58662
6/2/2009,7940,8040,8046,7924,89408
6/1/2009,7946,7802,7998,7802,107244
5/27/2009,7626,7696,7696,7606,64048
5/26/2009,7636,7720,7730,7624,82666
5/25/2009,7710,7726,7752,7684,80926
5/22/2009,7726,7676,7764,7676,109304
5/21/2009,7660,7672,7760,7650,124672
5/20/2009,7684,7716,7796,7682,145658
5/19/2009,7742,7700,7758,7634,138024
5/18/2009,7596,7650,7650,7478,173258
5/15/2009,7794,7900,7948,7780,170276
5/14/2009,7840,7870,7898,7810,174726
5/13/2009,8012,7998,8056,7942,256636
5/12/2009,7970,7870,7980,7834,260086
5/11/2009,7806,7916,7990,7790,345852
5/8/2009,7948,7816,7978,7742,299226
5/7/2009,7786,7940,7950,7780,251258
5/6/2009,7856,7678,7868,7662,287716
5/5/2009,7652,7714,7720,7600,210032
5/4/2009,7760,7690,7760,7690,129370
5/1/2009,7418,7320,7448,7302,236520
4/30/2009,7418,7320,7448,7302,236520
4/29/2009,7246,7188,7252,7110,149278
4/28/2009,7178,7186,7220,7088,180358
4/27/2009,7108,7300,7320,7074,299386
4/24/2009,7388,7498,7534,7360,476084
4/23/2009,7462,7178,7516,7142,543866
4/22/2009,7106,7170,7222,7070,143680
4/21/2009,7034,7280,7280,7034,199038
4/20/2009,7346,7396,7480,7340,172042
4/17/2009,7424,7452,7480,7322,159158
4/16/2009,7452,7426,7504,7414,178790
4/15/2009,7408,7314,7430,7300,181232
4/14/2009,7250,7270,7310,7190,129924
4/13/2009,7220,7072,7384,7062,188846
4/10/2009,7094,7052,7114,7022,98162
4/9/2009,7036,6986,7048,6980,100764
4/8/2009,6930,7082,7094,6906,122890
4/7/2009,7120,7030,7130,7012,127516
4/3/2009,7014,6988,7076,6972,169452
4/2/2009,6922,6882,6924,6864,80744
4/1/2009,6840,6888,6906,6832,114394
3/31/2009,6772,6696,6818,6696,85920
3/30/2009,6736,6764,6830,6720,64160
3/27/2009,6804,6890,6954,6780,103080
3/26/2009,6892,6878,6916,6802,95434
3/25/2009,6824,6942,6962,6820,74986
3/24/2009,6922,7020,7060,6882,90764
3/23/2009,7066,6910,7118,6910,156772
3/20/2009,6874,6830,6900,6816,123658
3/19/2009,6816,6730,6820,6712,152316
3/18/2009,6682,6732,6748,6680,94226
3/17/2009,6700,6682,6746,6674,152708
3/16/2009,6646,6630,6688,6610,105304
3/13/2009,6630,6698,6720,6612,138670
3/12/2009,6634,6588,6718,6588,189812
3/11/2009,6656,6704,6768,6650,158006
3/10/2009,6710,6664,6722,6620,174070
3/9/2009,6652,6800,6810,6652,208224
3/6/2009,6710,6448,6712,6444,178522
3/5/2009,6486,6590,6600,6486,66968
3/4/2009,6506,6476,6520,6442,59560
3/3/2009,6724,6580,6742,6510,49742
3/2/2009,6680,6666,6738,6648,50598
2/27/2009,6672,6748,6754,6580,89624
2/26/2009,6714,6870,6880,6700,67668
2/25/2009,6764,6850,6898,6724,93350
2/24/2009,6690,6810,6860,6550,167504
2/23/2009,6920,6740,6920,6714,147342
2/20/2009,6760,6640,6818,6602,132028
2/19/2009,6602,6660,6778,6522,144774
2/18/2009,6778,6836,6868,6778,14422
2/17/2009,7086,7120,7188,7072,126002
2/16/2009,7152,7380,7380,7120,208722
2/13/2009,7376,7296,7400,7260,236144
2/12/2009,7252,7238,7356,7086,306940
2/11/2009,7204,7202,7444,7000,381856
2/10/2009,7340,7240,7398,7148,198574
2/9/2009,7218,6896,7218,6896,99186
2/6/2009,6882,6830,6920,6826,101364
2/5/2009,6784,6884,6950,6780,158940
2/4/2009,6880,6800,6898,6770,110810
2/3/2009,6794,6410,6800,6410,79596
2/2/2009,6472,6570,6576,6420,24470
1/23/2009,6630,6562,6630,6540,12716
1/22/2009,6594,6644,6644,6544,18878
1/21/2009,6588,6498,6610,6488,26028
1/20/2009,6560,6602,6614,6528,30698
1/19/2009,6588,6700,6728,6580,36102
1/16/2009,6666,6740,6740,6664,28268
1/15/2009,6594,6630,6656,6580,37900
1/14/2009,6722,6562,6738,6562,66846
1/13/2009,6550,6550,6656,6550,47124
1/12/2009,6880,6770,6996,6750,78092
1/9/2009,6682,6580,6720,6576,53230
1/8/2009,6526,6550,6646,6518,52662
1/7/2009,6696,6760,6912,6652,101832
1/6/2009,6650,6450,6706,6388,128542
1/5/2009,6416,6470,6480,6342,59828
12/31/2008,6274,6290,6322,6238,38746
12/30/2008,6314,6300,6364,6282,40136
12/29/2008,6378,6402,6480,6334,53734
12/26/2008,6194,6260,6276,6144,50944
12/25/2008,6238,6116,6314,6116,74470
12/24/2008,6150,6128,6168,6104,31394
12/23/2008,6076,6170,6194,6048,38338
12/22/2008,6224,5982,6224,5982,58056
12/19/2008,5948,5852,5950,5852,31820
12/18/2008,5888,5854,5908,5852,31844
12/17/2008,5954,6000,6032,5944,38096
12/16/2008,5930,5950,5950,5870,38526
12/15/2008,6058,5960,6100,5952,56802
12/12/2008,5854,6018,6052,5792,61022
12/11/2008,5966,5946,5998,5906,34536
12/10/2008,5944,5850,5960,5832,44288
12/9/2008,5802,5962,5972,5794,52060
12/8/2008,5976,5548,6058,5548,86658
12/5/2008,5812,5840,5998,5812,18640
12/4/2008,6038,6148,6220,5986,50362
12/3/2008,6156,6170,6248,6144,31654
12/2/2008,6190,6226,6294,6186,24994
12/1/2008,6422,6322,6458,6322,31192
11/28/2008,6388,6396,6418,6306,22258
11/27/2008,6360,6382,6480,6360,36526
11/26/2008,6330,6250,6364,6226,22502
11/25/2008,6260,6300,6328,6226,15358
11/24/2008,6332,6300,6358,6292,11470
11/21/2008,6316,6220,6354,6164,22690
11/20/2008,6434,6400,6486,6380,22188
11/19/2008,6564,6548,6568,6514,20248
11/18/2008,6504,6516,6584,6470,34858
11/17/2008,6532,6578,6630,6510,42594
11/14/2008,6584,6602,6658,6562,43292
11/13/2008,6464,6630,6630,6372,53262
11/12/2008,6720,6668,6750,6600,51152
11/11/2008,6788,6880,6898,6762,61770
11/10/2008,6944,6820,6984,6786,48950
11/7/2008,6684,6638,6728,6588,65612
11/6/2008,6666,6660,6720,6610,48564
11/5/2008,6904,6990,7036,6860,89430
11/4/2008,6800,6800,6910,6712,90112
11/3/2008,6870,6630,6870,6630,81628
10/31/2008,6580,6400,6664,6366,102106
10/30/2008,6678,6666,6678,6504,90664
10/29/2008,6352,6360,6422,6296,98880
10/28/2008,6460,6400,6492,6100,124354
10/27/2008,6104,6284,6430,5990,149420
10/24/2008,6190,6380,6380,6150,149802
10/23/2008,6310,6026,6350,5970,130354
10/22/2008,6316,6440,6538,6316,83278
10/21/2008,6540,6886,6914,6372,139442
10/20/2008,6816,6720,6816,6644,70304
10/17/2008,6608,6520,6658,6280,174120
10/16/2008,6264,6264,6322,6264,56658
10/15/2008,6598,6612,6644,6578,73528
10/14/2008,6910,6984,6984,6866,117654
10/13/2008,6728,6502,6888,6446,245516
10/10/2008,6918,6918,6952,6918,19600
10/9/2008,7330,7300,7358,7166,255368
10/8/2008,7228,7390,7508,7090,346064
10/7/2008,7404,7404,7404,7404,8614
10/6/2008,8006,8006,8006,8006,658
9/26/2008,8474,8304,8480,8304,59638
9/25/2008,8396,8290,8430,8222,92124
9/24/2008,8420,8382,8430,8268,84818
9/23/2008,8470,8720,8796,8440,101000
9/22/2008,8504,8382,8504,8352,82042
9/19/2008,8126,8052,8198,7980,96466
9/18/2008,7966,8300,8380,7920,89110
9/17/2008,8188,8300,8676,8108,71274
9/16/2008,8478,8600,8626,8478,16182
9/15/2008,8928,8868,8992,8850,45666
9/12/2008,8930,8868,8992,8850,43690
9/11/2008,8846,8750,8896,8740,57696
9/10/2008,8842,8810,8880,8702,81776
9/9/2008,8838,9140,9148,8796,61842
9/8/2008,9184,9250,9420,9170,57924
9/5/2008,9260,9204,9324,9204,27612
9/4/2008,9460,9340,9472,9330,28106
9/3/2008,9492,9510,9576,9452,30102
9/2/2008,9474,9500,9528,9420,49264
9/1/2008,9794,9630,9840,9630,57804
8/29/2008,9692,9460,9740,9378,72610
8/28/2008,9550,9562,9650,9460,49652
8/27/2008,9706,9782,9840,9620,75230
8/26/2008,9546,9950,9958,9546,47906
8/25/2008,10058,10148,10148,9980,48976
8/22/2008,10102,10300,10380,10048,67332
8/21/2008,10078,9830,10106,9808,71548
8/20/2008,9818,9570,9896,9472,51292
8/19/2008,9426,9420,9544,9300,40098
8/18/2008,9416,9288,9448,9256,42008
8/15/2008,9066,9248,9268,9066,29874
8/14/2008,9520,9736,9736,9386,44376
8/13/2008,9378,9126,9388,9126,48098
8/12/2008,9086,9112,9168,8934,47832
8/11/2008,9082,9200,9260,9082,22880
8/8/2008,9520,9618,9706,9486,41844
8/7/2008,9624,9380,9640,9350,54506
8/6/2008,9548,9352,9760,9334,69434
8/5/2008,9394,9400,9578,9394,13950
8/4/2008,10082,10330,10368,10082,26742
8/1/2008,10552,10802,10826,10548,24656
7/31/2008,10910,10900,10972,10856,27554
7/30/2008,10804,10870,10922,10634,36080
7/29/2008,10798,11110,11146,10740,45782
7/28/2008,11210,11306,11328,11166,15604
7/25/2008,11200,11270,11304,11190,17406
7/24/2008,11234,11220,11362,11096,22352
7/23/2008,11210,11620,11656,11040,19954
7/22/2008,11660,11500,11666,11400,11986
7/21/2008,11720,12100,12100,11720,6778
7/20/2008,12250,12446,12496,12230,8404
7/17/2008,12424,12438,12462,12400,716
7/16/2008,12374,12390,12402,12362,4736
7/15/2008,12442,12412,12486,12412,3468
7/14/2008,12456,12480,12498,12400,6214
7/11/2008,12590,12502,12648,12492,7294
7/10/2008,12444,12470,12540,12424,3964
7/9/2008,12480,12440,12490,12422,4920
7/8/2008,12406,12300,12438,12300,7798
7/7/2008,12494,12320,12568,12320,12072
7/4/2008,12580,12560,12638,12490,12754
7/3/2008,12544,12826,12830,12468,29674
7/2/2008,12760,12820,12834,12734,18936
7/1/2008,12758,12698,12774,12660,20040
6/30/2008,12640,12598,12658,12558,20438
6/27/2008,12558,12666,12700,12524,24216
6/26/2008,12506,12558,12608,12492,33214
6/25/2008,12478,12358,12480,12310,36646
6/24/2008,12402,12422,12560,12334,38174
6/23/2008,12456,12364,12548,12310,49156
6/20/2008,12444,12380,12640,12302,65030
6/19/2008,12490,12560,12600,12450,24350
6/18/2008,12512,12530,12698,12370,32938
6/17/2008,12476,12680,12680,12320,34260
6/16/2008,12774,12720,12920,12660,60034
6/13/2008,12662,12466,12756,12450,72530
6/12/2008,12440,12580,12630,12392,44898
6/11/2008,12290,11950,12328,11932,57980
6/10/2008,12054,11950,12080,11950,25314
6/9/2008,11890,11930,12046,11888,20056
6/6/2008,11890,11930,12046,11888,20056
6/5/2008,11732,11780,11780,11710,15654
6/4/2008,11682,11604,11720,11604,25618
6/3/2008,11722,11650,11780,11612,48904
6/2/2008,11672,11902,11920,11660,38750
5/30/2008,11688,11780,11788,11650,84490
5/29/2008,11970,11950,12146,11850,109840
5/28/2008,11926,11846,11980,11762,58420
5/27/2008,12038,11630,12176,11572,97374
5/26/2008,11628,11680,11698,11530,22998
5/23/2008,11520,11400,11542,11370,28060
5/22/2008,11596,11500,11720,11500,42590
5/21/2008,11398,11450,11462,11356,38302
5/20/2008,11436,11300,11446,11300,41554
5/19/2008,11454,11640,11740,11410,51032
5/16/2008,11566,11566,11658,11464,57772
5/15/2008,11626,11852,11860,11454,57692
5/14/2008,11930,11924,11954,11880,41352
5/13/2008,11826,11900,11976,11788,61640
5/12/2008,11956,11780,12028,11704,46786
5/9/2008,11442,11550,11560,11410,39688
5/8/2008,11516,11500,11630,11420,56160
5/7/2008,11372,11630,11660,11366,59504
5/6/2008,11644,11462,11666,11460,45466
5/5/2008,11468,11352,11528,11352,43462
5/2/2008,11406,11480,11496,11300,84114
5/1/2008,11406,11480,11496,11300,84114
4/30/2008,11406,11480,11496,11300,84114
4/29/2008,11454,11620,11698,11434,49960
4/28/2008,11878,11860,12000,11820,45630
4/25/2008,11880,11980,11980,11850,37268
4/24/2008,12166,12260,12290,12030,50402
4/23/2008,12356,12202,12378,12200,30698
4/22/2008,11982,11950,12190,11800,36572
4/21/2008,12194,12596,12656,12194,37466
4/18/2008,12636,12610,12790,12566,80196
4/17/2008,12648,12400,12706,12352,79834
4/16/2008,12544,12520,12734,12380,80992
4/15/2008,12560,12230,12560,12230,94336
4/14/2008,12210,11730,12298,11720,95366
4/11/2008,11856,11910,11944,11782,56312
4/10/2008,11840,11950,12000,11810,62356
4/9/2008,11694,11690,11850,11640,92622
4/8/2008,11650,11860,11896,11600,98974
4/7/2008,11942,11648,12036,11568,88246
4/4/2008,11540,11778,11778,11512,79462
4/3/2008,11540,11778,11778,11512,79462
4/2/2008,11392,11540,11748,11322,145388
4/1/2008,11532,11532,11532,11532,1170
3/31/2008,12184,11740,12228,11634,160768
3/28/2008,11948,12140,12200,11910,123542
3/27/2008,12100,12518,12528,12100,72866
3/26/2008,12564,12830,12850,12482,104712
3/25/2008,12560,12790,12798,12150,152520
3/24/2008,12496,12092,12496,12092,33238
3/21/2008,11962,11806,12160,11806,67678
3/20/2008,12008,11664,12008,11664,25054
3/19/2008,12050,12294,12498,11830,103048
3/18/2008,12294,12294,12294,12294,1932
3/17/2008,13078,13078,13100,13078,10828
3/14/2008,13638,13680,13820,13420,111790
3/13/2008,13710,13122,13720,12950,104248
3/12/2008,13020,13600,13750,12822,77912
3/11/2008,13446,13000,13680,12732,38962
3/10/2008,13042,13042,13042,13042,876
3/7/2008,13866,13912,13942,13866,2976
3/6/2008,14376,14780,14968,14070,27806
3/5/2008,14642,14642,14700,14642,7132
3/4/2008,14990,15680,15998,14360,34568
3/3/2008,15388,14988,15388,14988,20750
2/29/2008,14880,14600,14970,14500,29056
2/28/2008,14382,14800,14800,14250,19036
2/27/2008,14498,14150,14500,14102,25874
2/26/2008,13902,14050,14300,13660,15726
2/25/2008,13922,13680,13922,13656,8632
2/22/2008,13430,13160,13688,13052,6532
2/21/2008,13164,12850,13164,12850,4424
2/20/2008,12698,12500,12880,12426,3412
2/19/2008,12500,12510,12510,12350,2298
2/18/2008,12928,13002,13002,12804,2688
2/15/2008,12858,12680,12880,12520,1478
2/14/2008,11956,11762,11998,11762,1164
2/13/2008,11712,11522,11828,11410,1320
2/5/2008,11486,11254,11486,11212,1108
2/4/2008,11170,10920,11178,10910,440
2/1/2008,10950,10898,11040,10812,590
1/31/2008,10870,10734,10890,10734,730
1/29/2008,11468,11260,11488,11260,550
1/28/2008,11198,11042,11280,11042,642
1/25/2008,11240,11024,11248,11024,424
1/24/2008,11024,11102,11102,10890,560
1/23/2008,11202,11378,11378,11164,712
1/22/2008,11182,11200,11398,11052,478
1/21/2008,11480,11430,11500,11400,314
1/18/2008,11410,11560,11580,11400,1712
1/17/2008,11580,11450,11580,11450,434
1/16/2008,11450,11500,11500,11352,550
1/15/2008,10700,10798,10850,10578,806
1/14/2008,10740,10750,10898,10672,572
1/11/2008,10620,10388,10620,10388,408
1/10/2008,11600,11202,11600,10850,418
1/9/2008,10288,10344,10344,10202,174
1/8/2008,10200,10072,10228,10072,162
1/7/2008,11040,10962,11040,10962,244
1/4/2008,10112,10236,10250,10000,1044
1/3/2008,11450,11200,11590,11152,728
1/2/2008,10960,11000,11000,10910,268
1/1/2008,10990,10730,10996,10730,314
12/31/2007,10990,10730,10996,10730,314
12/28/2007,10990,10730,10996,10730,314
12/27/2007,10740,10998,11000,10738,216
12/26/2007,10838,10618,10840,10618,752
12/25/2007,10782,10998,10998,10686,648
12/24/2007,10692,10550,10700,10550,702
12/21/2007,10510,10550,10580,10500,206
12/20/2007,10568,10502,10610,10502,284
12/19/2007,10510,10552,10600,10510,818
12/18/2007,10384,10404,10420,10356,306
12/17/2007,10550,10604,10694,10500,746
12/14/2007,10600,10508,10630,10500,1052
12/13/2007,10544,10556,10578,10498,980
12/12/2007,10396,10400,10426,10390,250
12/11/2007,10520,10490,10520,10472,424
12/10/2007,10482,10432,10530,10432,374
12/7/2007,10506,10512,10562,10500,458
12/6/2007,10350,10346,10386,10262,410
12/5/2007,10600,10116,10600,10114,508
12/4/2007,10518,10508,10576,10504,344
12/3/2007,10520,10500,10598,10478,576
11/30/2007,10560,10676,10698,10472,1264
11/29/2007,10620,10492,10700,10410,866
11/28/2007,10422,10400,10490,10316,1392
11/27/2007,10612,10636,10636,10612,52
11/26/2007,10698,10700,10740,10574,1312
11/23/2007,10630,10682,10700,10512,1316
11/22/2007,10682,10550,10750,10544,1752
11/21/2007,10530,10202,10592,10202,2040
11/20/2007,10202,10410,10496,10050,2240
11/19/2007,10460,10380,10480,10280,1060
11/16/2007,10346,10502,10630,10220,1966
11/15/2007,10562,10790,10798,10420,2220
11/14/2007,10660,10682,10780,10660,3214
11/13/2007,10704,10302,10718,10302,3182
11/12/2007,10428,10520,10520,10400,1028
11/9/2007,10478,10368,10530,10300,2734
11/8/2007,10368,10110,10496,10100,1362
11/7/2007,10116,10070,10168,10022,1032
11/6/2007,10020,9954,10020,9950,832
11/5/2007,9960,9900,9986,9900,1242
11/2/2007,9878,9850,9880,9820,482
11/1/2007,9882,9880,9932,9860,1206
10/31/2007,9860,9820,9880,9808,340
10/30/2007,9896,9850,9898,9790,2456
10/29/2007,9880,9850,9888,9800,3138
10/26/2007,9782,9848,9848,9720,1760
10/25/2007,9696,9594,9778,9582,2984
10/24/2007,9580,9502,9624,9500,2922
10/23/2007,9502,9472,9502,9470,378
10/22/2007,9476,9470,9480,9422,168
10/19/2007,9496,9490,9500,9476,1116
10/18/2007,9470,9476,9476,9440,162
10/17/2007,9460,9496,9496,9460,462
10/16/2007,9492,9488,9498,9478,762
10/15/2007,9476,9502,9502,9470,340
10/12/2007,9496,9500,9500,9458,470
10/11/2007,9494,9496,9500,9446,812
10/10/2007,9444,9454,9476,9414,824
10/9/2007,9396,9346,9404,9340,496
10/8/2007,9348,9300,9370,9300,208
9/28/2007,9410,9378,9418,9378,584
9/27/2007,9376,9396,9406,9376,654
9/26/2007,9386,9388,9410,9360,750
9/25/2007,9410,9396,9450,9386,1204
9/24/2007,9352,9150,9410,9150,810
9/21/2007,9442,9384,9456,9370,1686
9/20/2007,9384,9382,9390,9330,828
9/19/2007,9400,9200,9450,9200,6000
9/18/2007,9410,9430,9480,9400,2552
9/17/2007,9436,9390,9436,9336,3768
9/14/2007,9328,9290,9390,9260,2040
9/13/2007,9280,9290,9330,9252,2644
9/12/2007,9266,9310,9310,9242,1004
9/11/2007,9268,9340,9340,9264,3476
9/10/2007,9304,9122,9330,9122,6016
9/7/2007,9118,9096,9130,9096,308
9/6/2007,9124,9120,9142,9102,524
9/5/2007,9142,9176,9188,9118,720
9/4/2007,9116,9180,9230,9104,1542
9/3/2007,9144,9170,9186,9138,1288
8/31/2007,9184,9120,9226,9120,2610
8/30/2007,9096,9030,9152,9030,3518
8/29/2007,9002,9100,9100,8980,4348
8/28/2007,9136,9158,9160,9118,2222
8/27/2007,9120,9130,9198,9120,1434
8/24/2007,9190,9270,9270,9152,108
8/23/2007,9200,9184,9200,9170,202
8/22/2007,9094,9124,9146,9048,3428
8/21/2007,9162,9246,9246,9100,4132
8/20/2007,9092,8854,9092,8832,2386
8/17/2007,8874,8854,9050,8832,6416
8/16/2007,9124,9212,9228,9102,3938
8/15/2007,9246,9260,9260,9224,1994
8/14/2007,9296,9350,9350,9280,4040
8/13/2007,9368,9312,9390,9302,3152
8/10/2007,9310,9350,9364,9260,3728
8/9/2007,9342,9380,9418,9318,6812
8/8/2007,9290,9168,9290,9160,4404
8/7/2007,9168,9160,9186,9150,1016
8/6/2007,9132,9100,9178,9100,3120
8/3/2007,9140,9166,9194,9132,2850
8/2/2007,9174,9154,9218,9140,2094
8/1/2007,9150,9254,9254,9122,3132
7/31/2007,9188,9250,9268,9166,8992
7/30/2007,9206,9040,9248,9040,13580
7/27/2007,9020,8890,9074,8888,9970
7/26/2007,8900,8898,8900,8874,1412
7/25/2007,8886,8870,8890,8862,1086
7/24/2007,8862,8852,8870,8840,1178
7/23/2007,8860,8820,8890,8820,2270
7/20/2007,8870,8850,8898,8842,4076
7/19/2007,8842,8870,8900,8834,2994
7/18/2007,8870,8876,8876,8854,3700
7/16/2007,8872,8910,8944,8854,9078
7/13/2007,8872,8910,8944,8854,9078
7/12/2007,8896,8830,8912,8824,16224
7/11/2007,8836,8800,8850,8772,11604
7/10/2007,8750,8800,8800,8736,9652
7/9/2007,8804,8828,8868,8790,15706
7/6/2007,8832,8740,8836,8730,18358
7/5/2007,8748,8768,8820,8738,19030
7/4/2007,8762,8672,8770,8650,15392
7/3/2007,8726,8770,8770,8720,13666
7/2/2007,8774,8700,8886,8576,49022
6/29/2007,8578,8510,8592,8462,21842
6/28/2007,8458,8406,8466,8406,17314
6/27/2007,8416,8532,8548,8342,44758
6/26/2007,8524,8580,8598,8504,14186
6/25/2007,8576,8526,8586,8520,11320
6/22/2007,8562,8538,8568,8520,10642
6/21/2007,8586,8592,8628,8572,9266
6/20/2007,8592,8516,8604,8516,19162
6/19/2007,8652,8702,8708,8618,36790
6/18/2007,8748,8748,8768,8670,50606
6/15/2007,8612,8600,8646,8558,69794
6/14/2007,8566,8580,8618,8512,107510
6/13/2007,8502,8700,8770,8450,130864
6/12/2007,8666,8716,8750,8582,85460
6/11/2007,8768,8910,8988,8768,50066
6/8/2007,8940,10380,10500,8932,119364
