4/26/2016,2554,2607,2650,2518,13828216
4/25/2016,2643,2608,2781,2585,19860714
4/22/2016,2619,2735,2740,2591,21928680
4/21/2016,2750,2612,2787,2610,22361400
4/20/2016,2592,2501,2592,2501,15687854
4/19/2016,2494,2397,2494,2396,14327034
4/18/2016,2391,2287,2417,2287,11825572
4/15/2016,2300,2320,2340,2296,10863312
4/14/2016,2324,2355,2377,2315,11451662
4/13/2016,2353,2351,2435,2332,19138022
4/12/2016,2344,2302,2344,2287,12889096
4/11/2016,2293,2201,2315,2199,13939432
4/8/2016,2196,2188,2199,2178,7519084
4/7/2016,2191,2180,2212,2171,8191230
4/6/2016,2182,2194,2207,2162,9508160
4/5/2016,2350,2263,2350,2263,240
4/1/2016,2193,2140,2196,2136,11332698
3/31/2016,2136,2109,2140,2105,10882762
3/30/2016,2113,2163,2165,2091,15421990
3/29/2016,2159,2140,2172,2123,12704180
3/28/2016,2132,2190,2219,2127,15282150
3/25/2016,2184,2117,2185,2114,13761106
3/24/2016,2120,2198,2205,2106,17616140
3/23/2016,2193,2155,2240,2138,15313536
3/22/2016,2158,2153,2180,2144,10235742
3/21/2016,2147,2117,2210,2087,15519554
3/18/2016,2118,2082,2149,2073,12070078
3/17/2016,2078,2010,2086,2006,8370102
3/16/2016,2008,1969,2011,1968,5064118
3/15/2016,1972,1980,2006,1967,6206632
3/14/2016,1986,2000,2076,1985,7468574
3/11/2016,2085,2111,2133,2068,4663174
3/10/2016,2130,2112,2201,2107,11325298
3/9/2016,2104,2149,2163,2035,8678072
3/8/2016,2194,2194,2194,2077,6192598
3/7/2016,2073,1990,2073,1983,3279116
3/4/2016,1987,1972,1997,1952,4750600
3/3/2016,1974,1990,1999,1967,4325658
3/2/2016,1993,1997,2009,1984,5582604
3/1/2016,1994,1975,2010,1961,6064250
2/29/2016,1969,1922,1973,1912,6078558
2/26/2016,1922,1932,1939,1898,4146132
2/25/2016,1928,1929,1961,1924,4325944
2/24/2016,1929,1922,1937,1916,3504668
2/23/2016,1926,1957,1965,1921,5118530
2/22/2016,1962,1897,1968,1892,6568536
2/19/2016,1897,1872,1899,1864,4259322
2/18/2016,1870,1864,1871,1855,2833084
2/17/2016,1861,1866,1876,1855,3197078
2/16/2016,1865,1872,1880,1861,2707824
2/15/2016,1872,1835,1880,1833,2680436
2/5/2016,1843,1853,1862,1826,2790060
2/4/2016,1851,1826,1855,1825,3515826
2/3/2016,1826,1820,1830,1807,3099622
2/2/2016,1815,1820,1824,1801,4090540
2/1/2016,1819,1816,1845,1815,5697330
1/29/2016,1814,1813,1827,1805,5938474
1/28/2016,1815,1861,1862,1811,7189268
1/27/2016,1863,1850,1871,1840,7017400
1/26/2016,1845,1840,1848,1832,4321346
1/25/2016,1840,1828,1856,1823,7650122
1/22/2016,1823,1810,1856,1807,7687002
1/21/2016,1808,1815,1824,1805,5493208
1/20/2016,1818,1838,1842,1813,6237726
1/19/2016,1839,1825,1841,1817,6967734
1/18/2016,1827,1777,1832,1770,9156242
1/15/2016,1778,1758,1787,1754,6649864
1/14/2016,1758,1742,1759,1732,4110300
1/13/2016,1740,1741,1752,1735,3591540
1/12/2016,1741,1759,1765,1739,5333022
1/11/2016,1758,1757,1772,1748,5081394
1/8/2016,1759,1769,1775,1747,6658038
1/7/2016,1773,1770,1786,1766,4652628
1/6/2016,1775,1787,1790,1769,4603662
1/5/2016,1789,1779,1789,1761,6413148
1/4/2016,1777,1821,1846,1773,6700936
12/31/2015,1784,1782,1804,1776,5863506
12/30/2015,1780,1779,1806,1771,7988626
12/29/2015,1780,1740,1790,1739,8060928
12/28/2015,1741,1737,1746,1720,4514858
12/25/2015,1737,1722,1738,1720,2885082
12/24/2015,1724,1717,1741,1715,6194022
12/23/2015,1717,1728,1731,1707,5630160
12/22/2015,1731,1749,1764,1719,8147652
12/21/2015,1749,1719,1757,1712,9698548
12/18/2015,1712,1676,1714,1676,4566394
12/17/2015,1677,1673,1694,1673,5940106
12/16/2015,1673,1656,1674,1655,2142674
12/15/2015,1657,1661,1686,1656,5315278
12/14/2015,1665,1659,1670,1648,3573916
12/11/2015,1658,1646,1662,1640,2855298
12/10/2015,1648,1656,1663,1643,3004688
12/9/2015,1656,1651,1667,1649,3471394
12/8/2015,1654,1668,1669,1645,4044250
12/7/2015,1670,1652,1676,1643,5045348
12/4/2015,1650,1635,1657,1630,5652644
12/3/2015,1635,1657,1667,1632,4289644
12/2/2015,1659,1630,1673,1626,7473778
12/1/2015,1633,1628,1642,1618,4285306
11/30/2015,1626,1652,1660,1621,4700388
11/27/2015,1656,1680,1685,1654,4213766
11/26/2015,1680,1673,1722,1666,8211592
11/25/2015,1676,1666,1729,1659,6173106
11/24/2015,1667,1660,1673,1652,3414958
11/23/2015,1659,1695,1695,1649,4414044
11/20/2015,1695,1704,1712,1693,2733446
11/19/2015,1705,1736,1737,1692,4542824
11/18/2015,1736,1752,1753,1731,2100464
11/17/2015,1752,1753,1758,1748,1586652
11/16/2015,1753,1759,1768,1752,1964378
11/13/2015,1759,1764,1768,1758,1946790
11/12/2015,1765,1780,1780,1760,2324048
11/11/2015,1777,1795,1796,1775,1753724
11/10/2015,1797,1806,1811,1790,1808924
11/9/2015,1805,1791,1808,1788,1957650
11/6/2015,1794,1777,1808,1775,2568118
11/5/2015,1776,1781,1788,1768,1524966
11/4/2015,1780,1777,1785,1773,1321266
11/3/2015,1779,1785,1789,1773,1032118
11/2/2015,1787,1782,1796,1779,998326
10/30/2015,1782,1796,1797,1779,1280842
10/29/2015,1795,1790,1801,1783,1251140
10/28/2015,1792,1802,1804,1784,1783290
10/27/2015,1804,1800,1818,1798,2068660
10/26/2015,1801,1803,1808,1793,2065598
10/23/2015,1801,1805,1809,1781,2247608
10/22/2015,1805,1804,1818,1801,2373494
10/21/2015,1804,1800,1811,1788,4048260
10/20/2015,1801,1806,1815,1795,2261400
10/19/2015,1807,1829,1841,1800,3243418
10/16/2015,1830,1834,1836,1820,2483140
10/15/2015,1834,1831,1844,1826,2109524
10/14/2015,1830,1836,1843,1826,2522922
10/13/2015,1838,1848,1852,1820,3089416
10/12/2015,1847,1857,1868,1836,3981900
10/9/2015,1852,1826,1864,1821,3479500
10/8/2015,1769,1765,1797,1765,7436
10/1/2015,1826,1837,1838,1815,2494800
9/30/2015,1821,1837,1838,1815,2494804
9/29/2015,1833,1852,1858,1828,3299438
9/28/2015,1859,1885,1885,1855,2271328
9/25/2015,1891,1892,1910,1885,2794220
9/24/2015,1893,1905,1906,1888,1747832
9/23/2015,1902,1887,1905,1877,3580716
9/22/2015,1891,1908,1913,1884,3174160
9/21/2015,1904,1920,1925,1894,3814342
9/18/2015,1922,1928,1935,1918,3226308
9/17/2015,1926,1933,1950,1925,4414424
9/16/2015,1934,1910,1941,1910,3964030
9/15/2015,1909,1925,1934,1907,3253090
9/14/2015,1929,1944,1948,1926,4065100
9/11/2015,1946,1957,1969,1946,5041194
9/10/2015,1956,1950,1967,1939,4779406
9/9/2015,1948,1952,1979,1946,7883726
9/8/2015,1949,1920,1949,1916,3649914
9/7/2015,1970,1980,1980,1970,120
9/3/2015,1957,1960,1967,1949,2561400
9/2/2015,1955,1960,1967,1949,2561494
9/1/2015,1963,1955,1970,1946,4473344
8/31/2015,1952,1972,1977,1945,5809012
8/28/2015,1976,1970,2004,1965,6597234
8/27/2015,1969,1935,1985,1931,4210600
8/26/2015,1937,1961,1975,1936,4417540
8/25/2015,1933,1936,1965,1917,6832422
8/24/2015,1934,2021,2026,1930,6300192
8/21/2015,2024,2034,2040,2023,2737948
8/20/2015,2028,2042,2048,2020,3291744
8/19/2015,2044,2049,2053,2024,4059872
8/18/2015,2049,2055,2068,2047,2590430
8/17/2015,2059,2089,2095,2058,3325562
8/14/2015,2085,2089,2093,2081,2412166
8/13/2015,2092,2080,2103,2076,5340620
8/12/2015,2071,2049,2073,2043,3829656
8/11/2015,2053,2044,2074,2043,4898544
8/10/2015,2045,2057,2067,2038,3523152
8/7/2015,2063,2071,2079,2043,4472546
8/6/2015,2076,2099,2102,2066,3884330
8/5/2015,2098,2096,2107,2082,3994900
8/4/2015,2097,2083,2102,2068,3837588
8/3/2015,2078,2095,2132,2073,6307800
7/31/2015,2095,2082,2107,2077,4215404
7/30/2015,2085,2108,2116,2081,4844012
7/29/2015,2110,2076,2118,2075,5789134
7/28/2015,2072,2072,2102,2052,5570278
7/27/2015,2074,2048,2099,2046,5905974
7/24/2015,2044,2050,2064,2034,4132504
7/23/2015,2050,2031,2062,2017,4318224
7/22/2015,2031,2074,2085,2010,4843262
7/21/2015,2081,2104,2125,2079,4278448
7/20/2015,2112,2047,2123,2038,5372274
7/17/2015,2006,2008,2015,1988,1423034
7/16/2015,2005,1990,2021,1956,2515104
7/15/2015,1990,2006,2016,1983,1765154
7/14/2015,2007,2018,2033,1999,1806312
7/13/2015,2008,2002,2032,1992,2661184
7/10/2015,2007,2020,2068,2007,4587426
7/9/2015,2004,1905,2035,1893,7051156
7/8/2015,1891,1965,2005,1891,9237660
7/7/2015,1957,2003,2028,1948,7005452
7/6/2015,2027,2116,2119,2027,3390786
7/3/2015,2002,1990,2012,1990,258
7/1/2015,2124,2135,2140,2117,3659918
6/30/2015,2135,2180,2180,2095,7807732
6/29/2015,2181,2215,2226,2179,3658666
6/26/2015,2213,2217,2237,2203,3994394
6/25/2015,2218,2242,2246,2215,2870778
6/24/2015,2241,2239,2247,2230,2497894
6/23/2015,2030,2016,2036,2008,186
6/19/2015,2246,2245,2267,2244,3010142
6/18/2015,2245,2226,2252,2222,3378246
6/17/2015,2223,2240,2249,2219,4536168
6/16/2015,2243,2273,2288,2238,3921078
6/15/2015,2281,2298,2314,2276,3325350
6/12/2015,2299,2348,2351,2296,3983034
6/11/2015,2355,2344,2359,2340,3117692
6/10/2015,2336,2338,2348,2327,2709874
6/9/2015,2337,2330,2356,2328,2066772
6/8/2015,2334,2338,2341,2327,1898566
6/5/2015,2341,2356,2365,2325,2524844
6/4/2015,2356,2347,2359,2336,3077860
6/3/2015,2349,2378,2379,2348,2404222
6/2/2015,2375,2375,2379,2363,2592372
6/1/2015,2372,2356,2386,2347,4129768
5/29/2015,2359,2355,2365,2335,3197716
5/28/2015,2355,2355,2373,2342,3100416
5/27/2015,2355,2350,2364,2342,2552564
5/26/2015,2351,2348,2378,2346,4809814
5/25/2015,2347,2348,2349,2327,3046606
5/22/2015,2351,2346,2359,2326,3699272
5/21/2015,2344,2314,2353,2313,3321110
5/20/2015,2314,2337,2342,2302,3605960
5/19/2015,2342,2342,2355,2338,2609006
5/18/2015,2349,2372,2374,2348,2535766
5/15/2015,2372,2360,2373,2351,2802208
5/14/2015,2363,2384,2390,2342,5247184
5/13/2015,2383,2395,2407,2376,3721250
5/12/2015,2391,2420,2427,2389,3813042
5/11/2015,2421,2417,2434,2407,4298216
5/8/2015,2412,2410,2420,2386,5401672
5/7/2015,2407,2433,2437,2401,4835314
5/6/2015,2430,2430,2447,2418,6223092
5/5/2015,2428,2414,2442,2399,7536936
5/4/2015,2413,2383,2421,2371,4834698
4/30/2015,2365,2346,2377,2341,5412820
4/29/2015,2340,2398,2412,2332,7285772
4/28/2015,2398,2417,2430,2384,5879950
4/27/2015,2408,2384,2413,2366,8738302
4/24/2015,2378,2325,2387,2324,9322642
4/23/2015,2323,2328,2332,2306,5507632
4/22/2015,2327,2282,2334,2282,6974766
4/21/2015,2281,2277,2291,2270,4252402
4/20/2015,2279,2305,2314,2278,6266020
4/17/2015,2311,2317,2335,2309,4649630
4/16/2015,2318,2296,2329,2291,5042842
4/15/2015,2297,2327,2331,2294,4532636
4/14/2015,2324,2335,2341,2302,7287328
4/13/2015,2325,2263,2329,2262,7561282
4/10/2015,2266,2291,2298,2266,4749620
4/9/2015,2290,2323,2326,2287,4823818
4/8/2015,2324,2306,2335,2284,7162492
4/7/2015,2311,2330,2343,2309,4374424
4/3/2015,2341,2343,2374,2336,6098706
4/2/2015,2342,2377,2399,2340,7905188
4/1/2015,2390,2423,2428,2381,5869210
3/31/2015,2431,2471,2477,2415,5247554
3/30/2015,2451,2472,2498,2450,4261190
3/27/2015,2477,2495,2495,2408,6043130
3/26/2015,2491,2502,2514,2488,2949506
3/25/2015,2507,2538,2547,2505,3109514
3/24/2015,2542,2550,2574,2538,4221476
3/23/2015,2537,2483,2545,2471,3943262
3/20/2015,2481,2482,2498,2477,1774980
3/19/2015,2482,2480,2502,2474,2041408
3/18/2015,2483,2511,2522,2473,4334196
3/17/2015,2512,2520,2524,2505,2039234
3/16/2015,2520,2491,2524,2480,2887758
3/13/2015,2493,2505,2516,2485,2484292
3/12/2015,2496,2474,2507,2464,2646136
3/11/2015,2471,2451,2478,2449,2204398
3/10/2015,2453,2483,2493,2449,2391800
3/9/2015,2486,2478,2506,2462,3254646
3/6/2015,2418,2445,2448,2416,585192
3/5/2015,2447,2466,2467,2428,1213754
3/4/2015,2464,2465,2470,2454,693690
3/3/2015,2468,2466,2482,2452,1199700
3/2/2015,2472,2462,2483,2427,2769000
2/27/2015,2465,2510,2510,2463,1378200
2/26/2015,2505,2486,2509,2485,863160
2/25/2015,2535,2527,2535,2527,4
2/17/2015,2522,2524,2530,2504,804368
2/16/2015,2525,2514,2549,2509,1218500
2/13/2015,2514,2488,2520,2487,1430300
2/12/2015,2489,2491,2495,2474,691294
2/11/2015,2490,2492,2495,2480,605896
2/10/2015,2491,2477,2495,2476,826468
2/9/2015,2477,2495,2509,2465,1506100
2/6/2015,2495,2476,2497,2475,1633200
2/5/2015,2472,2480,2492,2472,1784500
2/4/2015,2467,2480,2512,2466,2889400
2/3/2015,2474,2496,2504,2473,2576900
2/2/2015,2492,2503,2526,2486,2749900
1/30/2015,2498,2514,2514,2491,2275300
1/29/2015,2507,2472,2513,2470,3767000
1/28/2015,2474,2463,2475,2454,2452700
1/27/2015,2455,2454,2467,2449,2345800
1/26/2015,2450,2482,2486,2441,4693000
1/23/2015,2484,2478,2496,2471,3686600
1/22/2015,2479,2461,2491,2460,3426500
1/21/2015,2472,2485,2513,2470,4067200
1/20/2015,2488,2512,2528,2486,3804600
1/19/2015,2517,2499,2526,2471,5839900
1/16/2015,2510,2519,2532,2497,3898300
1/15/2015,2519,2483,2524,2472,4426300
1/14/2015,2487,2499,2520,2456,5060400
1/13/2015,2511,2498,2514,2483,3337200
1/12/2015,2502,2557,2585,2501,5204600
1/9/2015,2557,2584,2588,2546,3561000
1/8/2015,2579,2585,2603,2563,3696600
1/7/2015,2585,2615,2615,2568,4317800
1/6/2015,2619,2551,2647,2548,7434500
1/5/2015,2560,2550,2570,2540,2891600
12/31/2014,2594,2618,2626,2575,4148900
12/30/2014,2608,2519,2608,2512,6385038
12/29/2014,2519,2476,2524,2466,3040750
12/26/2014,2480,2483,2488,2473,1877152
12/25/2014,2482,2494,2497,2476,2427210
12/24/2014,2496,2466,2503,2461,3938452
12/23/2014,2467,2497,2497,2463,4548628
12/22/2014,2513,2560,2564,2503,5049920
12/19/2014,2559,2550,2568,2545,1499000
12/18/2014,2546,2545,2554,2519,4590180
12/17/2014,2540,2536,2549,2531,3543628
12/16/2014,2548,2555,2557,2529,4504078
12/15/2014,2570,2590,2596,2570,3293514
12/12/2014,2585,2566,2591,2563,5607560
12/11/2014,2566,2558,2603,2551,6475540
12/10/2014,2563,2558,2572,2537,6050896
12/9/2014,2557,2535,2557,2505,6535982
12/8/2014,2542,2565,2591,2540,5658862
12/5/2014,2560,2569,2576,2549,4642740
12/4/2014,2567,2534,2593,2532,7936068
12/3/2014,2532,2499,2539,2492,6837216
12/2/2014,2503,2548,2556,2482,6316698
12/1/2014,2521,2529,2546,2505,6595664
11/28/2014,2548,2522,2575,2516,7732948
11/27/2014,2539,2457,2539,2453,8196212
11/26/2014,2448,2442,2455,2431,4756278
11/25/2014,2450,2435,2452,2424,5293080
11/24/2014,2437,2471,2479,2436,5317852
11/21/2014,2448,2423,2459,2417,6265558
11/20/2014,2439,2447,2459,2437,4135288
11/19/2014,2446,2441,2461,2433,5697686
11/18/2014,2442,2508,2509,2431,7893790
11/17/2014,2514,2529,2535,2507,4282336
11/14/2014,2524,2515,2535,2514,3606306
11/13/2014,2520,2549,2550,2518,4548416
11/12/2014,2554,2560,2568,2542,5140482
11/11/2014,2552,2555,2562,2537,4467210
11/10/2014,2557,2559,2575,2548,6817834
11/7/2014,2536,2527,2550,2506,6886784
11/6/2014,2526,2522,2537,2512,5593508
11/5/2014,2513,2554,2567,2512,6212778
11/4/2014,2558,2535,2570,2529,5819806
11/3/2014,2542,2560,2583,2541,5634362
10/31/2014,2565,2589,2595,2563,5027740
10/30/2014,2590,2591,2620,2580,6061352
10/29/2014,2589,2548,2590,2542,5199500
10/28/2014,2548,2544,2559,2530,4006168
10/27/2014,2549,2557,2566,2541,3682354
10/24/2014,2554,2533,2558,2527,4631784
10/23/2014,2533,2541,2560,2523,5723920
10/22/2014,2547,2599,2602,2537,5402296
10/21/2014,2597,2611,2623,2596,3350458
10/20/2014,2614,2619,2633,2591,4455996
10/17/2014,2646,2656,2674,2632,2264754
10/16/2014,2655,2635,2683,2603,4556070
10/15/2014,2654,2654,2674,2634,3637952
10/14/2014,2649,2662,2671,2631,3412412
10/13/2014,2663,2606,2664,2600,5580374
10/10/2014,2575,2543,2597,2531,5180206
10/9/2014,2550,2513,2565,2510,4927310
10/8/2014,2452,2465,2545,2450,20518
9/30/2014,2532,2538,2562,2526,3750178
9/29/2014,2529,2585,2598,2519,6766200
9/26/2014,2590,2544,2624,2538,9099322
9/25/2014,2548,2613,2622,2538,7750420
9/24/2014,2616,2612,2637,2609,4575332
9/23/2014,2616,2610,2648,2591,6227118
9/22/2014,2619,2694,2696,2619,5027012
9/19/2014,2714,2758,2764,2708,5731296
9/18/2014,2767,2796,2797,2766,3746742
9/17/2014,2804,2805,2814,2782,4392080
9/16/2014,2788,2826,2834,2782,5159490
9/15/2014,2826,2812,2832,2801,4585390
9/12/2014,2790,2756,2791,2752,3984704
9/11/2014,2757,2774,2784,2749,3729686
9/10/2014,2780,2760,2812,2725,6590504
9/9/2014,2768,2820,2830,2766,4192656
9/5/2014,2834,2839,2847,2826,3371838
9/4/2014,2838,2854,2863,2837,3927914
9/3/2014,2853,2902,2905,2850,3861960
9/2/2014,2910,2915,2929,2896,3632038
9/1/2014,2915,2943,2943,2914,2147522
8/29/2014,2940,2932,2947,2927,1913484
8/28/2014,2937,2961,2969,2926,3218868
8/27/2014,2965,2983,2989,2964,2003800
8/26/2014,2979,2975,2990,2964,1727058
8/25/2014,2974,2975,2978,2961,1933578
8/22/2014,2986,2980,3001,2979,1949942
8/21/2014,2983,2991,2995,2980,1873434
8/20/2014,2990,3010,3012,2990,2240678
8/19/2014,3015,3009,3027,3003,1979616
8/18/2014,3010,3030,3036,3006,2453272
8/15/2014,3031,3018,3037,3014,2373268
8/14/2014,3021,3041,3046,3020,2142998
8/13/2014,3044,3063,3072,3042,2678436
8/12/2014,3063,3057,3069,3052,1791422
8/11/2014,3062,3085,3099,3062,2524660
8/8/2014,3087,3097,3106,3076,2247990
8/7/2014,3100,3108,3125,3100,2228166
8/6/2014,3104,3094,3120,3091,2590800
8/5/2014,3102,3106,3123,3097,2952600
8/4/2014,3106,3064,3108,3060,2945500
8/1/2014,3067,3062,3081,3051,2294900
7/31/2014,3069,3073,3084,3065,1561300
7/30/2014,3072,3098,3100,3070,2289600
7/29/2014,3105,3085,3115,3076,2990800
7/28/2014,3076,3045,3081,3045,2703200
7/25/2014,3048,3039,3052,3032,1784200
7/24/2014,3034,3031,3055,3028,2238200
7/23/2014,3036,3043,3048,3031,1823500
7/22/2014,3045,3039,3062,3039,1790500
7/21/2014,3042,3064,3064,3041,1814800
7/18/2014,3051,3118,3119,3046,2746700
7/17/2014,3121,3129,3139,3120,1637200
7/16/2014,3132,3145,3149,3132,1383100
7/15/2014,3145,3148,3155,3136,1722700
7/14/2014,3146,3131,3154,3128,2366300
7/11/2014,3128,3115,3131,3109,2612800
7/10/2014,3113,3093,3136,3088,2917100
7/9/2014,3095,3116,3118,3092,1700300
7/8/2014,3116,3091,3118,3078,1986500
7/7/2014,3088,3105,3115,3076,2240600
7/4/2014,3102,3101,3114,3091,1699000
7/3/2014,3099,3116,3127,3098,1455300
7/2/2014,3097,3072,3100,3049,1760900
7/1/2014,3069,3082,3088,3062,1441200
6/30/2014,3076,3090,3091,3070,1335000
6/27/2014,3088,3115,3122,3086,1650400
6/26/2014,3115,3085,3119,3082,2398400
6/25/2014,3079,3064,3086,3063,1605600
6/24/2014,3064,3065,3069,3047,1704400
6/23/2014,3072,3041,3077,3041,2300300
6/20/2014,3044,3010,3046,2999,2709700
6/19/2014,3009,3008,3023,3004,1592200
6/18/2014,3009,3020,3027,3005,1468500
6/17/2014,3018,2999,3025,2994,2207900
6/16/2014,3001,3018,3024,3000,2032000
6/13/2014,3029,3018,3048,3015,2031800
6/12/2014,3027,3041,3048,3026,1792700
6/11/2014,3046,3068,3072,3045,1734400
6/10/2014,3068,3069,3080,3043,2473300
6/9/2014,3064,3073,3085,3057,1694300
6/6/2014,3079,3068,3085,3061,2035600
6/5/2014,3067,3065,3078,3034,2458300
6/4/2014,3061,3055,3069,3052,1628800
6/3/2014,3057,3058,3069,3040,1874800
5/30/2014,3056,3106,3106,3047,2382800
5/29/2014,3111,3114,3126,3108,1509200
5/28/2014,3116,3139,3145,3102,2123000
5/27/2014,3144,3140,3156,3127,1714500
5/26/2014,3140,3088,3147,3087,2753900
5/23/2014,3081,3085,3094,3073,1680700
5/22/2014,3079,3072,3116,3072,2761400
5/21/2014,3075,3068,3087,3055,2248600
5/20/2014,3068,3077,3085,3062,1942100
5/19/2014,3080,3081,3107,3072,2610600
5/16/2014,3090,3127,3130,3063,2660100
5/15/2014,3131,3164,3174,3130,1974600
5/14/2014,3166,3166,3180,3161,1489900
5/13/2014,3165,3198,3202,3162,1784600
5/12/2014,3193,3152,3194,3152,2050200
5/9/2014,3168,3182,3187,3158,1775200
5/8/2014,3181,3185,3203,3172,2125700
5/7/2014,3195,3221,3232,3195,2484100
5/6/2014,3225,3236,3249,3217,1505200
5/5/2014,3238,3220,3245,3191,1698400
4/30/2014,3227,3248,3251,3220,1441200
4/29/2014,3248,3221,3262,3220,1848200
4/28/2014,3222,3261,3267,3215,1942100
4/25/2014,3276,3289,3296,3267,1564700
4/24/2014,3275,3267,3288,3262,1556600
4/23/2014,3266,3248,3268,3216,2239100
4/22/2014,3244,3232,3253,3211,2154800
4/21/2014,3235,3252,3260,3235,1428400
4/18/2014,3245,3323,3323,3236,3201100
4/17/2014,3324,3336,3341,3324,1542400
4/16/2014,3329,3359,3360,3323,2099300
4/15/2014,3369,3357,3369,3336,2006300
4/14/2014,3360,3356,3394,3348,2492500
4/11/2014,3360,3373,3376,3353,1780500
4/10/2014,3368,3390,3405,3367,2138000
4/9/2014,3384,3416,3419,3380,1868100
4/8/2014,3414,3388,3425,3383,2354800
4/4/2014,3372,3339,3377,3334,2226000
4/3/2014,3336,3314,3343,3311,2085400
4/2/2014,3317,3345,3352,3316,2100000
4/1/2014,3331,3328,3336,3316,1668900
3/31/2014,3328,3311,3346,3310,2564100
3/28/2014,3307,3271,3310,3269,2425200
3/27/2014,3269,3265,3295,3253,2310800
3/26/2014,3275,3284,3286,3262,1924000
3/25/2014,3287,3214,3312,3210,4139000
3/24/2014,3213,3215,3224,3190,2403400
3/21/2014,3220,3231,3252,3211,2690300
3/20/2014,3230,3266,3278,3230,2621800
3/19/2014,3242,3241,3260,3226,2278600
3/18/2014,3240,3228,3275,3225,2215300
3/17/2014,3229,3270,3281,3227,2095900
3/14/2014,3262,3270,3276,3220,2095700
3/12/2014,3254,3186,3260,3141,3159600
3/11/2014,3236,3180,3260,3171,2838700
3/10/2014,3221,3290,3290,3221,1547800
3/6/2014,3388,3415,3419,3387,1639200
3/5/2014,3423,3415,3438,3393,2003500
3/4/2014,3409,3425,3430,3389,1316700
3/3/2014,3426,3413,3433,3396,1055700
2/28/2014,3318,3339,3344,3298,1029900
2/27/2014,3340,3320,3348,3310,935740
2/26/2014,3317,3301,3328,3299,836764
2/25/2014,3308,3325,3342,3295,948250
2/24/2014,3326,3384,3387,3308,1518470
2/21/2014,3389,3396,3403,3386,798520
2/20/2014,3394,3431,3432,3391,1089914
2/19/2014,3436,3433,3449,3428,925548
2/18/2014,3428,3453,3463,3422,1016036
2/17/2014,3455,3415,3459,3414,1488420
2/14/2014,3412,3400,3417,3395,967856
2/13/2014,3395,3399,3415,3383,1091764
2/12/2014,3393,3383,3406,3382,1140402
2/11/2014,3386,3412,3427,3385,1192182
2/10/2014,3421,3404,3428,3380,1560496
2/7/2014,3411,3448,3450,3401,926746
1/30/2014,3455,3438,3465,3433,517506
1/29/2014,3443,3430,3452,3420,817008
1/28/2014,3431,3463,3465,3430,964522
1/27/2014,3472,3474,3479,3458,876126
1/24/2014,3487,3453,3488,3444,1437284
1/23/2014,3438,3426,3465,3420,1452702
1/22/2014,3424,3404,3439,3403,1420846
1/21/2014,3410,3441,3447,3408,1480214
1/20/2014,3451,3465,3478,3446,1432548
1/17/2014,3470,3478,3478,3452,974250
1/15/2014,3498,3488,3507,3481,1169568
1/14/2014,3492,3462,3496,3456,1233518
1/13/2014,3462,3484,3494,3449,1229540
1/10/2014,3492,3452,3497,3441,1624786
1/9/2014,3456,3466,3488,3451,1310698
1/8/2014,3469,3453,3481,3449,1222914
1/7/2014,3465,3517,3520,3462,1517508
1/6/2014,3515,3531,3540,3512,1107700
1/3/2014,3540,3587,3588,3528,1260658
1/2/2014,3590,3562,3592,3562,1019050
12/31/2013,3570,3574,3592,3562,1260888
12/30/2013,3573,3612,3628,3567,1487000
12/27/2013,3612,3603,3621,3596,1316292
12/26/2013,3604,3601,3610,3583,1270188
12/25/2013,3603,3632,3640,3592,1342694
12/24/2013,3628,3609,3632,3608,984078
12/23/2013,3612,3616,3624,3603,1107832
12/20/2013,3627,3651,3665,3626,1285518
12/19/2013,3652,3661,3672,3642,1024508
12/18/2013,3656,3663,3663,3644,1292080
12/17/2013,3663,3675,3689,3662,1377856
12/16/2013,3671,3680,3694,3668,1300370
12/13/2013,3676,3728,3729,3661,2446196
12/12/2013,3729,3741,3745,3725,1238166
12/11/2013,3735,3718,3738,3691,1933408
12/10/2013,3716,3726,3737,3708,1122538
12/9/2013,3722,3703,3726,3703,1356200
12/6/2013,3702,3692,3704,3683,1151966
12/5/2013,3693,3716,3718,3692,1243242
12/4/2013,3713,3710,3727,3708,1475374
12/3/2013,3709,3690,3709,3687,1341546
12/2/2013,3695,3671,3698,3670,1520018
11/29/2013,3670,3674,3680,3662,935964
11/28/2013,3670,3648,3682,3646,1725370
11/27/2013,3650,3658,3664,3645,1382060
11/26/2013,3660,3640,3677,3636,2424668
11/25/2013,3636,3624,3642,3614,1475900
11/22/2013,3614,3616,3635,3610,1222570
11/21/2013,3612,3644,3646,3607,1674888
11/19/2013,3624,3585,3625,3585,1689192
11/18/2013,3592,3596,3608,3583,1339696
11/15/2013,3591,3624,3636,3590,1936398
11/14/2013,3620,3641,3650,3614,1902964
11/13/2013,3647,3660,3678,3647,1582304
11/12/2013,3670,3668,3681,3657,1267998
11/11/2013,3668,3650,3677,3633,1523286
11/8/2013,3661,3680,3686,3658,1341632
11/7/2013,3679,3643,3688,3643,1910172
11/6/2013,3642,3670,3677,3636,1492144
11/5/2013,3669,3682,3692,3654,1371586
11/4/2013,3677,3675,3685,3661,1256126
11/1/2013,3671,3638,3681,3632,1771784
10/31/2013,3636,3640,3651,3623,1152622
10/30/2013,3645,3610,3645,3607,1190512
10/29/2013,3494,3482,3498,3470,405792
10/28/2013,3485,3490,3500,3479,260978
10/25/2013,3486,3521,3530,3485,392180
10/24/2013,3519,3520,3538,3516,443932
10/23/2013,3537,3559,3572,3536,518390
10/22/2013,3557,3565,3577,3555,476304
10/21/2013,3570,3558,3583,3551,769944
10/18/2013,3568,3563,3581,3539,1365830
10/17/2013,3558,3577,3586,3557,991812
10/16/2013,3567,3610,3612,3560,1254510
10/15/2013,3606,3626,3636,3585,1206938
10/14/2013,3625,3602,3628,3598,1129852
10/11/2013,3601,3603,3621,3590,1156954
10/10/2013,3597,3587,3608,3584,1022460
10/9/2013,3612,3594,3621,3580,1425574
10/8/2013,3599,3579,3600,3541,1071150
9/30/2013,3587,3586,3598,3581,648414
9/27/2013,3576,3610,3612,3570,1164922
9/26/2013,3613,3625,3628,3605,1024020
9/25/2013,3626,3627,3637,3617,1026100
9/24/2013,3627,3653,3664,3626,1224802
9/23/2013,3655,3629,3656,3612,1429956
9/18/2013,3633,3640,3643,3618,1376762
9/17/2013,3647,3645,3661,3636,1199380
9/16/2013,3647,3661,3668,3628,1416362
9/13/2013,3657,3709,3710,3655,1823146
9/12/2013,3713,3723,3734,3710,1060552
9/11/2013,3727,3731,3742,3716,1304284
9/10/2013,3736,3751,3755,3721,1186452
9/9/2013,3752,3732,3764,3732,1343182
9/6/2013,3723,3729,3733,3705,1544364
9/5/2013,3732,3731,3748,3723,1201718
9/4/2013,3737,3744,3756,3729,1309680
9/3/2013,3745,3793,3799,3741,2010496
9/2/2013,3787,3765,3797,3763,1452760
8/30/2013,3753,3733,3769,3732,1441268
8/29/2013,3749,3768,3790,3727,2330452
8/28/2013,3767,3817,3835,3765,2350504
8/27/2013,3818,3801,3830,3776,2137384
8/26/2013,3813,3827,3848,3802,2048358
8/23/2013,3817,3772,3820,3771,2136050
8/22/2013,3769,3777,3799,3762,1747080
8/21/2013,3789,3796,3807,3786,1150250
8/20/2013,3796,3810,3828,3792,1517702
8/19/2013,3812,3802,3843,3785,1892324
8/16/2013,3811,3823,3838,3802,1833066
8/15/2013,3819,3825,3833,3815,1497976
8/14/2013,3819,3838,3848,3805,1789832
8/13/2013,3838,3819,3842,3804,2064072
8/12/2013,3810,3768,3812,3760,2069502
8/9/2013,3755,3744,3758,3718,1876310
8/8/2013,3743,3725,3748,3721,1660164
8/7/2013,3715,3693,3720,3685,1876022
8/6/2013,3691,3687,3693,3671,1206102
8/5/2013,3685,3680,3688,3676,965688
8/2/2013,3677,3651,3678,3651,1708558
8/1/2013,3647,3655,3660,3636,1295006
7/31/2013,3644,3613,3663,3613,1869274
7/30/2013,3633,3640,3647,3630,1279040
7/29/2013,3637,3650,3653,3627,1477246
7/26/2013,3669,3690,3691,3658,1479516
7/25/2013,3685,3687,3702,3683,1396490
7/24/2013,3694,3691,3708,3675,2284502
7/23/2013,3688,3676,3692,3673,1597738
7/22/2013,3678,3694,3697,3661,1821040
7/19/2013,3692,3688,3712,3685,2201432
7/18/2013,3682,3675,3682,3662,1863500
7/17/2013,3679,3681,3705,3675,2799256
7/16/2013,3677,3665,3683,3653,2363288
7/15/2013,3661,3666,3694,3659,2989772
7/12/2013,3656,3646,3668,3637,2696638
7/11/2013,3646,3649,3700,3631,4498942
7/10/2013,3638,3594,3650,3579,3901094
7/9/2013,3597,3612,3624,3587,2856884
7/8/2013,3608,3618,3623,3575,3275272
7/5/2013,3621,3623,3638,3616,2329886
7/4/2013,3621,3621,3635,3599,2839812
7/3/2013,3616,3566,3628,3558,3680300
7/2/2013,3561,3549,3567,3538,2353976
7/1/2013,3484,3481,3496,3465,758412
6/28/2013,3488,3463,3502,3460,1223880
6/27/2013,3471,3435,3486,3415,2095732
6/26/2013,3425,3456,3469,3418,2039478
6/25/2013,3456,3459,3466,3415,3419640
6/24/2013,3450,3501,3505,3442,4130862
6/21/2013,3516,3450,3547,3431,5428592
6/20/2013,3482,3512,3526,3454,3944130
6/19/2013,3526,3486,3529,3464,3455300
6/18/2013,3485,3483,3492,3472,1845984
6/17/2013,3477,3460,3508,3453,3047306
6/14/2013,3424,3419,3432,3382,2815678
6/13/2013,3422,3391,3442,3386,2399476
6/7/2013,3421,3419,3425,3391,2436136
6/6/2013,3421,3465,3471,3411,3189430
6/5/2013,3482,3479,3490,3463,2330462
6/4/2013,3478,3488,3494,3456,2956270
6/3/2013,3483,3430,3485,3430,3917834
5/31/2013,3416,3441,3459,3411,3382890
5/30/2013,3438,3422,3455,3420,3320608
5/29/2013,3439,3478,3500,3433,3584080
5/28/2013,3491,3499,3508,3479,3063140
5/27/2013,3496,3553,3554,3496,3902784
5/24/2013,3571,3559,3584,3555,2843938
5/23/2013,3553,3581,3586,3551,3435060
5/22/2013,3594,3585,3613,3564,4240470
5/21/2013,3590,3616,3626,3567,3908044
5/20/2013,3606,3611,3644,3602,3901306
5/17/2013,3622,3555,3628,3523,6341490
5/16/2013,3549,3552,3582,3526,3824096
5/15/2013,3554,3620,3628,3553,3618224
5/14/2013,3633,3658,3668,3611,3436982
5/13/2013,3656,3630,3687,3622,4345924
5/10/2013,3639,3610,3646,3587,3589116
5/9/2013,3621,3666,3674,3606,2967078
5/8/2013,3669,3625,3670,3622,2720554
5/7/2013,3624,3614,3658,3600,3265900
5/6/2013,3622,3630,3650,3610,3028888
5/3/2013,3581,3552,3610,3545,3389276
5/2/2013,3542,3550,3573,3530,2305084
4/26/2013,3600,3671,3683,3600,2970358
4/25/2013,3648,3646,3669,3625,2396330
4/24/2013,3645,3604,3684,3578,4241852
4/23/2013,3600,3653,3664,3584,3521808
4/22/2013,3647,3703,3717,3644,2922738
4/19/2013,3686,3667,3697,3640,3372174
4/18/2013,3651,3621,3685,3598,4790564
4/17/2013,3699,3766,3776,3678,4528234
4/16/2013,3750,3680,3763,3665,3767686
4/15/2013,3738,3800,3803,3711,3987768
4/12/2013,3838,3825,3844,3813,2996150
4/11/2013,3825,3845,3888,3825,3273172
4/10/2013,3847,3859,3862,3823,2389752
4/9/2013,3847,3845,3861,3820,2947542
4/8/2013,3835,3780,3845,3767,3242552
4/3/2013,3798,3760,3819,3754,3385088
4/2/2013,3769,3735,3773,3705,3538772
4/1/2013,3723,3793,3797,3710,3542394
3/29/2013,3810,3788,3840,3767,3018070
3/28/2013,3824,3900,3907,3814,3561236
3/27/2013,3889,3892,3916,3880,2457468
3/26/2013,3882,3905,3945,3863,3247988
3/25/2013,3912,3883,3926,3883,2660564
3/22/2013,3878,3886,3922,3875,2310298
3/21/2013,3921,3885,3928,3873,2140220
3/20/2013,3869,3820,3885,3818,2625516
3/19/2013,3843,3830,3849,3818,2203092
3/18/2013,3829,3833,3863,3784,3577042
3/15/2013,3860,3771,3920,3766,5026726
3/14/2013,3765,3822,3825,3741,4004748
3/13/2013,3833,3897,3899,3820,3500908
3/12/2013,3892,3903,3925,3873,3068960
3/11/2013,3908,3910,3939,3867,3337874
3/8/2013,3928,3954,3961,3890,3281084
3/7/2013,3932,3937,3950,3916,2965220
3/6/2013,3937,3940,3966,3912,2898962
3/5/2013,3939,3915,3949,3891,2716096
3/4/2013,3905,3975,3988,3886,3849710
3/1/2013,4020,4042,4048,3961,3355966
2/28/2013,4053,3990,4065,3990,2850614
2/27/2013,3985,3970,4012,3950,3189356
2/26/2013,3956,3981,4029,3952,2555394
2/25/2013,4016,4040,4049,3998,2454538
2/22/2013,4036,4070,4086,4028,2204304
2/21/2013,4085,4150,4158,4048,3687920
2/20/2013,4171,4186,4204,4152,2488120
2/19/2013,4187,4176,4215,4170,2234100
2/18/2013,4173,4280,4288,4166,1711926
2/8/2013,4275,4249,4297,4244,1230546
2/7/2013,4124,4114,4135,4086,698148
2/6/2013,4109,4150,4151,4094,1140156
2/5/2013,4140,4201,4205,4117,2017310
2/4/2013,4221,4179,4235,4174,1635588
2/1/2013,4168,4121,4170,4111,2108662
1/31/2013,4127,4126,4130,4100,1470028
1/30/2013,4114,4071,4131,4071,2323038
1/29/2013,4069,4061,4075,4043,1691260
1/28/2013,4068,4075,4080,4056,1843148
1/25/2013,4076,4040,4085,4035,3541296
1/24/2013,4032,4053,4067,3997,3701298
1/23/2013,4053,3990,4055,3980,2698600
1/22/2013,3987,3969,3990,3945,2299268
1/21/2013,3965,3991,4012,3962,2373354
1/18/2013,4002,3960,4004,3952,2346678
1/17/2013,3946,3930,3948,3899,2440300
1/16/2013,3934,3965,3969,3896,2696402
1/15/2013,3977,4005,4012,3969,2434790
1/14/2013,4004,3930,4026,3893,3884908
1/11/2013,3925,4022,4029,3918,3186202
1/10/2013,4020,3994,4030,3982,2885508
1/9/2013,3998,4009,4015,3976,2208806
1/8/2013,4010,4014,4020,3968,2523894
1/7/2013,4004,4029,4047,3994,2896484
1/4/2013,3990,4018,4023,3966,2305966
12/31/2012,3988,3921,3993,3916,2403872
12/28/2012,3916,3870,3916,3869,1984868
12/27/2012,3869,3895,3958,3857,3370406
12/26/2012,3878,3870,3882,3862,1777464
12/25/2012,3873,3785,3885,3780,3741282
12/24/2012,3790,3783,3796,3770,1615326
12/21/2012,3793,3779,3832,3772,2602290
12/20/2012,3789,3813,3822,3764,3037022
12/19/2012,3818,3812,3827,3793,2751466
12/18/2012,3819,3816,3841,3789,3239534
12/17/2012,3812,3788,3836,3779,2635746
12/14/2012,3786,3683,3790,3676,3537308
12/13/2012,3684,3695,3703,3667,2130976
12/12/2012,3691,3664,3703,3655,2896950
12/11/2012,3664,3673,3690,3653,2102290
12/10/2012,3679,3666,3707,3664,2309468
12/7/2012,3656,3595,3658,3590,2735394
12/6/2012,3595,3621,3635,3582,2215104
12/5/2012,3619,3565,3632,3554,2635092
12/4/2012,3562,3546,3569,3536,1566298
12/3/2012,3551,3483,3568,3482,2248004
11/30/2012,3495,3476,3495,3464,2288480
11/29/2012,3468,3520,3521,3467,2321780
11/28/2012,3525,3530,3541,3524,1196026
11/27/2012,3537,3551,3555,3521,2012380
11/26/2012,3553,3560,3567,3543,1309970
11/23/2012,3571,3557,3577,3552,1350758
11/22/2012,3564,3568,3571,3533,2306830
11/21/2012,3570,3555,3579,3551,1448990
11/20/2012,3552,3555,3565,3539,1898612
11/19/2012,3544,3637,3639,3542,3246954
11/16/2012,3643,3643,3658,3635,1045096
11/15/2012,3644,3635,3661,3633,1467342
11/14/2012,3642,3654,3657,3627,1462954
11/13/2012,3649,3660,3670,3641,1684364
11/12/2012,3666,3631,3676,3620,2321464
11/9/2012,3640,3635,3672,3628,2328602
11/8/2012,3627,3605,3637,3595,1699292
11/7/2012,3634,3648,3657,3625,2034904
11/6/2012,3642,3650,3658,3621,1975530
11/5/2012,3641,3655,3675,3617,2523272
11/2/2012,3676,3675,3695,3654,2174920
11/1/2012,3679,3631,3689,3626,2278022
10/31/2012,3634,3630,3637,3589,2547820
10/30/2012,3628,3615,3640,3608,1686068
10/29/2012,3619,3686,3696,3616,2832374
10/26/2012,3683,3674,3702,3655,2704280
10/25/2012,3679,3680,3698,3653,2395024
10/24/2012,3684,3653,3693,3647,2505778
10/23/2012,3660,3733,3746,3653,3274936
10/22/2012,3732,3640,3733,3624,2415424
10/19/2012,3644,3644,3651,3623,682734
10/18/2012,3646,3648,3665,3638,735628
10/17/2012,3638,3615,3650,3598,1319502
10/16/2012,3611,3585,3614,3563,1401176
10/15/2012,3582,3602,3631,3569,1898218
10/12/2012,3640,3638,3671,3616,1924800
10/11/2012,3634,3662,3675,3611,2350360
10/10/2012,3682,3657,3699,3640,2433162
10/9/2012,3667,3680,3686,3647,2279900
10/8/2012,3656,3625,3668,3616,2233666
9/28/2012,3597,3578,3599,3549,1570792
9/27/2012,3568,3516,3643,3512,2635030
9/26/2012,3527,3531,3570,3503,3972964
9/25/2012,3547,3558,3587,3530,4346548
9/24/2012,3543,3472,3560,3457,4451502
9/21/2012,3477,3496,3503,3436,5590522
9/20/2012,3483,3620,3637,3478,5945784
9/19/2012,3638,3590,3638,3584,3454768
9/18/2012,3582,3530,3598,3530,3381252
9/17/2012,3554,3538,3571,3508,4057076
9/14/2012,3561,3520,3623,3516,3939892
9/13/2012,3455,3450,3478,3433,3290900
9/12/2012,3457,3451,3505,3433,5648582
9/11/2012,3461,3492,3496,3436,5094204
9/10/2012,3497,3433,3507,3407,6013500
9/7/2012,3406,3269,3406,3263,5904994
9/6/2012,3271,3217,3287,3206,4560416
9/5/2012,3228,3270,3303,3218,3465662
9/4/2012,3282,3331,3340,3276,3096626
9/3/2012,3351,3390,3390,3350,2325202
8/31/2012,3411,3417,3433,3403,1434984
8/30/2012,3437,3434,3452,3381,3642486
8/29/2012,3443,3450,3453,3327,4248630
8/28/2012,3455,3499,3499,3455,1588500
8/27/2012,3513,3506,3524,3492,1389552
8/24/2012,3509,3527,3533,3507,1144222
8/23/2012,3542,3559,3568,3519,1742896
8/22/2012,3557,3590,3611,3555,1195010
8/21/2012,3591,3597,3603,3578,1006330
8/20/2012,3607,3625,3628,3599,1009572
8/17/2012,3626,3664,3670,3614,1588862
8/16/2012,3659,3666,3673,3655,728748
8/15/2012,3669,3659,3688,3646,1266004
8/14/2012,3665,3685,3696,3656,1373600
8/13/2012,3683,3720,3733,3679,1078680
8/10/2012,3721,3685,3727,3682,1400090
8/9/2012,3691,3666,3692,3666,767376
8/8/2012,3667,3690,3691,3663,765114
8/7/2012,3687,3679,3688,3666,732526
8/6/2012,3682,3675,3699,3650,1390930
8/3/2012,3672,3641,3687,3631,1244096
8/2/2012,3670,3696,3698,3663,1234526
8/1/2012,3703,3765,3765,3698,1678160
7/31/2012,3772,3763,3782,3760,821244
7/30/2012,3757,3769,3776,3733,1012600
7/27/2012,3762,3726,3768,3720,1037448
7/26/2012,3719,3713,3730,3697,989854
7/25/2012,3703,3685,3737,3683,1405498
7/24/2012,3709,3695,3730,3678,1260600
7/23/2012,3694,3700,3721,3652,1227760
7/20/2012,3750,3822,3824,3747,1159334
7/19/2012,3825,3860,3869,3819,968184
7/18/2012,3864,3852,3874,3843,835022
7/17/2012,3861,3885,3888,3846,752682
7/16/2012,3889,3939,3941,3882,986768
7/13/2012,3941,3920,3942,3902,630962
7/12/2012,3918,3930,3939,3896,736672
7/11/2012,3928,3929,3949,3906,884786
7/10/2012,3940,4017,4018,3938,842154
7/9/2012,4050,4070,4071,4042,425282
7/6/2012,4089,4095,4099,4077,283642
7/5/2012,4094,4084,4099,4076,450050
7/4/2012,4090,4082,4099,4062,640286
7/3/2012,4078,4041,4085,4031,653564
7/2/2012,4044,4100,4100,4028,854094
6/29/2012,4067,4078,4084,4040,842920
6/28/2012,4084,4067,4086,4067,379936
6/27/2012,4064,4080,4081,4060,484836
6/26/2012,4076,4112,4115,4074,617964
6/25/2012,4107,4102,4119,4095,463042
6/21/2012,4118,4128,4137,4115,379938
6/20/2012,4144,4130,4151,4129,483222
6/19/2012,4127,4125,4132,4120,256138
6/18/2012,4129,4132,4140,4123,364904
6/15/2012,4122,4119,4127,4112,409160
6/14/2012,4110,4097,4118,4090,481418
6/13/2012,4103,4107,4114,4096,533996
6/12/2012,4100,4103,4110,4081,712798
6/11/2012,4122,4125,4142,4114,741206
6/8/2012,4108,4105,4129,4094,1191200
6/7/2012,4103,4111,4130,4096,778884
6/6/2012,4096,4085,4113,4080,885018
6/5/2012,4084,4060,4103,4048,971958
6/4/2012,4032,4068,4075,4020,1231100
6/1/2012,4096,4100,4115,4086,944006
5/31/2012,4103,4070,4119,4066,973950
5/30/2012,4100,4100,4109,4086,953146
5/29/2012,4116,4080,4118,4072,1030000
5/28/2012,4089,4039,4095,4034,963548
5/25/2012,4037,4030,4043,4011,524750
5/24/2012,4026,4015,4028,4003,655206
5/23/2012,4019,4050,4054,3996,1042800
5/22/2012,4073,4099,4112,4060,809816
5/21/2012,4089,4074,4099,4070,606130
5/18/2012,4074,4079,4084,4052,686552
5/17/2012,4093,4052,4094,4051,638070
5/16/2012,4050,4070,4098,4050,607326
5/15/2012,4091,4128,4128,4055,924586
5/14/2012,4135,4169,4173,4133,745800
5/11/2012,4150,4187,4189,4148,492602
5/10/2012,4190,4202,4203,4180,332824
5/9/2012,4184,4203,4209,4170,580940
5/8/2012,4215,4226,4233,4210,370760
5/7/2012,4221,4239,4244,4215,407808
5/4/2012,4256,4236,4256,4233,418102
5/3/2012,4239,4238,4252,4234,533682
5/2/2012,4245,4276,4284,4245,519396
4/27/2012,4269,4294,4298,4268,353310
4/26/2012,4290,4275,4291,4271,418862
4/25/2012,4274,4273,4276,4251,558496
4/24/2012,4269,4278,4291,4259,527752
4/23/2012,4281,4315,4315,4277,665310
4/20/2012,4313,4312,4325,4298,586164
4/19/2012,4315,4332,4339,4304,605156
4/18/2012,4342,4331,4348,4321,564466
4/17/2012,4322,4335,4344,4318,476884
4/16/2012,4329,4353,4362,4328,594708
4/13/2012,4377,4401,4405,4368,621482
4/12/2012,4392,4378,4399,4378,462932
4/11/2012,4377,4361,4383,4361,523552
4/10/2012,4384,4373,4393,4373,394568
4/9/2012,4380,4379,4402,4371,574556
4/6/2012,4385,4356,4387,4353,549764
4/5/2012,4354,4318,4366,4291,605464
3/30/2012,4324,4319,4333,4314,345926
3/29/2012,4320,4338,4345,4313,540574
3/28/2012,4345,4365,4368,4345,451900
3/27/2012,4367,4362,4371,4355,407734
3/26/2012,4354,4350,4361,4345,372336
3/23/2012,4347,4352,4355,4338,422408
3/22/2012,4355,4358,4367,4346,659168
3/21/2012,4358,4326,4358,4325,588074
3/20/2012,4333,4346,4353,4327,452686
3/19/2012,4343,4331,4346,4324,432844
3/16/2012,4334,4348,4352,4318,516496
3/15/2012,4337,4321,4340,4310,528178
3/14/2012,4325,4359,4359,4313,676324
3/13/2012,4341,4335,4347,4332,392306
3/12/2012,4335,4331,4339,4318,468382
3/9/2012,4319,4291,4325,4291,612186
3/8/2012,4281,4264,4291,4262,563258
3/7/2012,4253,4238,4259,4230,484642
3/6/2012,4268,4269,4282,4256,536342
3/5/2012,4267,4295,4309,4251,669090
3/2/2012,4298,4294,4306,4286,456354
3/1/2012,4281,4281,4310,4276,534014
2/29/2012,4295,4286,4305,4270,413644
2/28/2012,4291,4281,4297,4267,308844
2/27/2012,4282,4234,4292,4234,382674
2/24/2012,4234,4235,4239,4216,355322
2/23/2012,4238,4247,4255,4225,410678
2/22/2012,4251,4230,4258,4222,570998
2/21/2012,4228,4180,4228,4172,785570
2/20/2012,4178,4190,4190,4168,482652
2/17/2012,4157,4183,4192,4148,669080
2/16/2012,4169,4175,4188,4155,810224
2/15/2012,4189,4253,4256,4187,941858
2/14/2012,4252,4250,4265,4247,348404
2/13/2012,4261,4267,4279,4240,563756
2/10/2012,4286,4300,4313,4282,530206
2/9/2012,4297,4328,4337,4290,584068
2/8/2012,4337,4284,4342,4278,648606
2/7/2012,4275,4330,4335,4272,629696
2/6/2012,4331,4340,4349,4323,323468
2/3/2012,4332,4315,4332,4310,260126
2/2/2012,4318,4295,4320,4291,349722
2/1/2012,4284,4288,4301,4284,298934
1/31/2012,4297,4323,4326,4258,409930
1/30/2012,4320,4321,4347,4317,243356
1/20/2012,4323,4310,4334,4298,292970
1/19/2012,4310,4310,4319,4298,219488
1/18/2012,4301,4296,4321,4287,442328
1/17/2012,4294,4243,4315,4240,611208
1/16/2012,4240,4210,4245,4202,386556
1/13/2012,4229,4230,4235,4213,345620
1/12/2012,4223,4223,4231,4211,327884
1/11/2012,4224,4227,4233,4206,419336
1/10/2012,4215,4185,4217,4175,479106
1/9/2012,4185,4187,4193,4160,573424
1/6/2012,4196,4168,4196,4163,520198
1/5/2012,4177,4153,4194,4145,675846
1/4/2012,4159,4235,4236,4158,750012
12/30/2011,4210,4202,4214,4186,658394
12/29/2011,4201,4220,4233,4198,498938
12/28/2011,4236,4238,4243,4218,515666
12/27/2011,4235,4225,4243,4222,456354
12/26/2011,4227,4225,4244,4218,612864
12/23/2011,4226,4208,4231,4201,730982
12/22/2011,4206,4181,4208,4168,553946
12/21/2011,4181,4197,4204,4175,557858
12/20/2011,4175,4169,4183,4161,493110
12/19/2011,4170,4189,4190,4155,658812
12/16/2011,4189,4131,4190,4128,798444
12/15/2011,4124,4104,4138,4103,686992
12/14/2011,4153,4141,4162,4131,455048
12/13/2011,4151,4151,4159,4133,608374
12/12/2011,4168,4180,4180,4151,573072
12/9/2011,4169,4151,4180,4149,502164
12/8/2011,4176,4170,4178,4153,544760
12/7/2011,4182,4174,4184,4155,505576
12/6/2011,4160,4160,4162,4125,659802
12/5/2011,4163,4161,4177,4157,554530
12/1/2011,4174,4222,4247,4156,1022700
11/30/2011,4075,4126,4139,4070,995218
11/29/2011,4126,4090,4132,4086,1078900
11/28/2011,4084,4075,4100,4050,849788
11/25/2011,4045,4059,4069,4028,803530
11/24/2011,4073,4020,4079,3995,1285402
11/23/2011,4039,4089,4104,4035,884400
11/22/2011,4089,4051,4092,4040,909468
11/21/2011,4086,4150,4157,4055,1401414
11/18/2011,4154,4119,4167,4101,751194
11/17/2011,4178,4150,4185,4130,830074
11/16/2011,4134,4169,4211,4128,961878
11/15/2011,4157,4162,4180,4150,822576
11/14/2011,4189,4180,4219,4170,1131236
11/11/2011,4149,4074,4155,4070,1183642
11/10/2011,4050,4100,4108,3998,1368526
11/9/2011,4159,4151,4180,4135,1116100
11/8/2011,4141,4123,4151,4099,990748
11/7/2011,4106,4116,4140,4086,1012902
11/4/2011,4121,4040,4129,4034,1263124
11/3/2011,4006,4020,4053,3989,1123376
11/2/2011,4045,4002,4046,3955,1021990
11/1/2011,4055,4130,4132,4052,1146696
10/31/2011,4123,4133,4159,4070,1214182
10/28/2011,4123,4099,4145,4048,1811000
10/27/2011,4040,4050,4069,4026,876566
10/26/2011,4039,3990,4043,3978,1412636
10/25/2011,4021,4090,4129,4016,2134300
10/24/2011,4066,3996,4116,3955,1527180
10/21/2011,3957,3920,3981,3916,1442362
10/20/2011,3922,4000,4000,3838,2327782
10/19/2011,4047,4120,4123,4015,1508846
10/18/2011,4089,4153,4164,4088,1387200
10/17/2011,4178,4312,4325,4172,1498592
10/14/2011,4314,4300,4340,4288,644312
10/13/2011,4318,4347,4350,4302,580694
10/12/2011,4350,4305,4354,4255,755110
10/11/2011,4322,4340,4390,4316,649940
10/10/2011,4317,4370,4373,4308,365708
9/30/2011,4339,4315,4352,4290,575992
9/29/2011,4298,4293,4348,4282,588950
9/28/2011,4403,4460,4469,4387,567204
9/27/2011,4448,4490,4490,4420,684634
9/26/2011,4398,4500,4522,4366,767490
9/23/2011,4514,4480,4549,4456,787892
9/22/2011,4568,4590,4603,4555,479962
9/21/2011,4633,4602,4650,4598,514054
9/20/2011,4611,4622,4624,4585,458478
9/19/2011,4622,4700,4709,4614,560730
9/16/2011,4726,4752,4759,4721,303798
9/15/2011,4744,4764,4769,4738,318196
9/14/2011,4760,4790,4796,4743,365870
9/13/2011,4783,4775,4798,4767,251742
9/9/2011,4791,4799,4812,4788,302432
9/8/2011,4803,4838,4838,4801,173872
9/7/2011,4825,4802,4836,4802,233728
9/6/2011,4794,4797,4800,4783,291110
9/5/2011,4800,4828,4839,4780,316342
9/2/2011,4832,4825,4833,4812,194100
9/1/2011,4829,4834,4842,4821,220308
8/31/2011,4831,4813,4838,4812,273296
8/30/2011,4810,4774,4818,4772,410528
8/29/2011,4768,4800,4801,4762,420624
8/26/2011,4800,4820,4822,4788,272536
8/25/2011,4816,4821,4827,4788,341162
8/24/2011,4822,4830,4843,4821,167130
8/23/2011,4821,4828,4836,4808,236868
8/22/2011,4816,4818,4845,4808,257766
8/19/2011,4814,4797,4818,4790,289870
8/18/2011,4830,4871,4874,4826,312972
8/17/2011,4863,4831,4865,4831,277946
8/16/2011,4833,4865,4870,4821,355402
8/15/2011,4854,4823,4855,4822,292272
8/12/2011,4809,4815,4829,4802,265628
8/11/2011,4799,4740,4809,4730,405052
8/10/2011,4788,4791,4819,4765,315052
8/9/2011,4765,4700,4780,4558,714626
8/8/2011,4782,4773,4805,4758,442684
8/5/2011,4807,4884,4887,4803,451590
8/4/2011,4924,4940,4943,4922,204218
8/3/2011,4942,4942,4966,4936,247144
8/2/2011,4945,4949,4956,4940,192216
8/1/2011,4950,4933,4968,4929,308976
7/29/2011,4919,4944,4944,4915,151894
7/28/2011,4927,4902,4945,4881,292798
7/27/2011,4915,4892,4921,4891,166058
7/26/2011,4891,4860,4893,4855,165916
7/25/2011,4878,4920,4926,4878,235244
7/22/2011,4925,4918,4932,4914,128804
7/21/2011,4913,4917,4925,4906,134994
7/20/2011,4920,4935,4938,4913,214792
7/19/2011,4915,4902,4920,4886,260446
7/18/2011,4902,4865,4925,4865,321730
7/15/2011,4871,4866,4883,4852,242850
7/14/2011,4872,4885,4890,4866,249318
7/13/2011,4887,4862,4895,4858,368078
7/12/2011,4851,4851,4873,4837,451362
7/11/2011,4852,4802,4867,4798,479844
7/8/2011,4808,4820,4828,4805,246078
7/7/2011,4808,4803,4823,4798,271504
7/6/2011,4811,4793,4814,4784,443568
7/5/2011,4787,4793,4818,4781,360500
7/4/2011,4792,4730,4798,4728,591836
7/1/2011,4726,4745,4749,4723,324670
6/30/2011,4753,4736,4755,4729,397386
6/29/2011,4726,4718,4730,4707,403054
6/28/2011,4706,4706,4719,4695,429408
6/27/2011,4704,4721,4736,4703,523074
6/24/2011,4731,4735,4750,4713,463758
6/23/2011,4734,4689,4743,4683,741634
6/22/2011,4694,4706,4723,4686,475884
6/21/2011,4713,4696,4715,4671,707462
6/20/2011,4688,4721,4730,4685,592942
6/17/2011,4731,4782,4785,4722,652846
6/16/2011,4781,4787,4795,4768,425188
6/15/2011,4796,4821,4822,4795,379038
6/14/2011,4812,4797,4824,4792,354396
6/13/2011,4807,4838,4839,4798,564454
6/10/2011,4853,4859,4865,4848,277644
6/9/2011,4849,4876,4876,4847,249354
6/8/2011,4869,4864,4886,4830,601300
6/7/2011,4864,4857,4865,4847,231600
6/3/2011,4867,4864,4874,4855,279022
6/2/2011,4861,4856,4864,4839,336312
6/1/2011,4866,4877,4885,4866,274402
5/31/2011,4875,4878,4892,4859,394798
5/30/2011,4874,4841,4885,4837,539472
5/27/2011,4837,4822,4838,4818,313608
5/26/2011,4828,4835,4844,4816,412936
5/25/2011,4823,4802,4834,4795,654382
5/24/2011,4808,4775,4811,4773,566942
5/23/2011,4779,4835,4839,4777,890966
5/20/2011,4825,4830,4835,4810,475234
5/19/2011,4830,4841,4847,4817,632336
5/18/2011,4814,4830,4846,4803,603848
5/17/2011,4823,4821,4833,4794,704552
5/16/2011,4818,4841,4857,4816,625414
5/13/2011,4850,4803,4852,4801,750692
5/12/2011,4782,4780,4810,4766,908112
5/11/2011,4822,4857,4866,4819,760998
5/10/2011,4848,4829,4852,4816,669430
5/9/2011,4829,4820,4829,4795,791070
5/6/2011,4804,4850,4858,4798,1210132
5/5/2011,4913,4928,4936,4884,1149526
5/4/2011,4941,4954,4960,4915,780342
5/3/2011,4953,4923,4965,4923,615802
4/29/2011,4915,4901,4917,4857,677640
4/28/2011,4906,4898,4933,4891,725214
4/27/2011,4885,4910,4922,4877,720386
4/26/2011,4896,4862,4906,4840,822422
4/25/2011,4879,4885,4893,4863,445524
4/22/2011,4873,4860,4880,4837,616360
4/21/2011,4849,4835,4874,4832,621160
4/20/2011,4814,4787,4821,4783,515118
4/19/2011,4774,4828,4840,4758,819568
4/18/2011,4844,4820,4852,4797,684450
4/15/2011,4827,4905,4917,4819,1084022
4/14/2011,4907,4910,4931,4901,753410
4/13/2011,4922,4870,4922,4860,790810
4/12/2011,4903,4902,4918,4878,722554
4/11/2011,4920,4921,4936,4893,782902
4/8/2011,4906,4890,4915,4865,663624
4/7/2011,4885,4877,4888,4854,689844
4/6/2011,4874,4780,4876,4777,864992
4/1/2011,4780,4799,4801,4757,608806
3/31/2011,4794,4786,4818,4767,771454
3/30/2011,4794,4827,4833,4775,938002
3/29/2011,4814,4780,4824,4765,1028516
3/28/2011,4779,4750,4796,4744,1028210
3/25/2011,4730,4734,4743,4705,795444
3/24/2011,4717,4736,4760,4684,1152720
3/23/2011,4728,4657,4737,4650,1126490
3/22/2011,4648,4642,4686,4627,1033140
3/21/2011,4653,4753,4754,4652,1023590
3/18/2011,4756,4836,4848,4741,1146010
3/17/2011,4817,4805,4849,4795,907000
3/16/2011,4832,4770,4835,4755,978500
3/15/2011,4774,4733,4781,4712,1033572
3/14/2011,4733,4695,4741,4641,1037316
3/11/2011,4656,4672,4694,4651,661172
3/10/2011,4679,4751,4752,4678,676322
3/9/2011,4771,4771,4795,4757,489862
3/8/2011,4773,4802,4842,4755,984616
3/7/2011,4832,4818,4843,4802,631320
3/4/2011,4816,4820,4828,4770,651168
3/3/2011,4813,4845,4878,4797,751100
3/2/2011,4847,4828,4857,4795,562724
3/1/2011,4837,4911,4924,4816,731978
2/28/2011,4899,4882,4912,4872,434022
2/25/2011,4869,4905,4916,4861,565278
2/24/2011,4892,4955,4960,4880,616964
2/23/2011,4940,4957,4974,4931,482982
2/22/2011,5000,5030,5064,4950,666140
2/21/2011,5026,4990,5041,4970,557856
2/18/2011,4985,5038,5046,4985,525722
2/17/2011,5018,5105,5118,5007,720920
2/16/2011,5102,5140,5140,5078,543684
2/15/2011,5157,5162,5196,5153,304650
2/14/2011,5153,5180,5182,5145,274470
2/11/2011,5167,5190,5230,5163,466606
2/10/2011,5188,5120,5199,5120,396576
2/9/2011,5124,5124,5150,5104,166064
2/1/2011,5124,5115,5124,5086,157314
1/31/2011,5100,5051,5113,5046,214662
1/28/2011,5041,5011,5050,5011,145966
1/27/2011,5033,5059,5070,4983,373962
1/26/2011,5051,5060,5074,5030,205176
1/25/2011,5080,5070,5097,5051,256550
1/24/2011,5069,5060,5082,5051,172504
1/21/2011,4950,4902,4956,4897,236038
1/20/2011,4918,4921,4931,4913,143046
1/19/2011,4931,4923,4941,4911,179098
1/18/2011,4913,4916,4929,4887,208070
1/17/2011,4919,4905,4933,4898,252814
1/14/2011,4903,4866,4918,4852,354032
1/13/2011,4861,4860,4865,4843,168582
1/12/2011,4847,4860,4866,4833,223236
1/11/2011,4843,4834,4844,4828,183264
1/10/2011,4834,4801,4851,4801,436038
1/7/2011,4793,4800,4828,4777,369032
1/6/2011,4809,4806,4825,4802,186136
1/5/2011,4793,4800,4817,4789,214902
1/4/2011,4822,4830,4843,4805,275428
12/31/2010,4812,4778,4814,4778,279364
12/30/2010,4791,4766,4792,4752,322462
12/29/2010,4770,4747,4778,4721,496128
12/28/2010,4744,4738,4755,4737,261366
12/27/2010,4734,4736,4770,4720,407238
12/24/2010,4762,4776,4784,4743,377644
12/23/2010,4774,4798,4799,4763,387802
12/22/2010,4794,4830,4831,4783,463926
12/21/2010,4820,4811,4832,4803,482044
12/20/2010,4801,4810,4827,4770,574278
12/17/2010,4791,4767,4794,4767,406692
12/16/2010,4767,4765,4787,4757,389226
12/15/2010,4772,4778,4814,4751,756702
12/14/2010,4783,4770,4791,4760,441076
12/13/2010,4779,4730,4789,4728,699028
12/10/2010,4727,4708,4732,4693,488184
12/9/2010,4715,4735,4743,4712,599348
12/8/2010,4712,4740,4758,4711,631582
12/7/2010,4760,4723,4771,4710,873766
12/6/2010,4719,4737,4744,4705,675060
12/3/2010,4728,4693,4745,4685,1185750
12/2/2010,4685,4708,4724,4675,786242
12/1/2010,4678,4632,4688,4626,777228
11/30/2010,4634,4659,4666,4612,945702
11/29/2010,4668,4660,4680,4635,921742
11/26/2010,4650,4684,4697,4630,1482902
11/25/2010,4683,4701,4738,4680,1677462
11/24/2010,4695,4615,4699,4598,1584600
11/23/2010,4607,4630,4645,4589,1595300
11/22/2010,4644,4632,4671,4622,1375458
11/19/2010,4643,4644,4666,4584,1853112
11/18/2010,4611,4589,4621,4563,1649710
11/17/2010,4550,4529,4574,4491,2693604
11/16/2010,4646,4678,4687,4632,1799372
11/15/2010,4667,4590,4694,4590,2758100
11/12/2010,4637,4795,4795,4571,4421772
11/11/2010,4793,4785,4852,4743,2438760
11/10/2010,4770,4842,4886,4730,2664100
11/9/2010,4854,4720,4906,4710,2925024
11/8/2010,4709,4730,4730,4679,1628332
11/5/2010,4708,4650,4733,4644,2644480
11/4/2010,4606,4575,4610,4563,1534004
11/3/2010,4551,4565,4588,4541,1720300
11/2/2010,4543,4558,4567,4535,1159800
11/1/2010,4553,4520,4562,4519,1697620
10/29/2010,4505,4500,4515,4475,1531558
10/28/2010,4504,4499,4525,4490,1680382
10/27/2010,4486,4494,4540,4471,3459500
10/26/2010,4477,4519,4525,4470,2136400
10/25/2010,4509,4430,4516,4422,2561700
10/22/2010,4413,4420,4431,4403,1104600
10/21/2010,4427,4438,4459,4414,1943400
10/20/2010,4421,4410,4448,4377,1837300
10/19/2010,4489,4550,4550,4466,2124600
10/18/2010,4520,4478,4554,4472,2626080
10/15/2010,4498,4450,4505,4431,1753800
10/14/2010,4474,4515,4525,4464,1791800
10/13/2010,4504,4475,4519,4462,1970662
10/12/2010,4460,4485,4496,4447,1319900
10/11/2010,4510,4461,4526,4460,1286526
10/8/2010,4279,4262,4297,4247,801136
9/30/2010,4263,4221,4265,4196,1146126
9/29/2010,4240,4246,4285,4217,1267204
9/28/2010,4251,4250,4283,4231,1256640
9/27/2010,4258,4337,4343,4255,1524800
9/21/2010,4317,4370,4378,4305,1475212
9/20/2010,4378,4370,4418,4356,2509600
9/17/2010,4359,4370,4383,4351,1860220
9/16/2010,4367,4419,4434,4350,2314800
9/15/2010,4417,4432,4435,4401,2034404
9/14/2010,4418,4483,4484,4406,2420840
9/13/2010,4481,4529,4541,4470,2154444
9/10/2010,4494,4445,4500,4434,2418800
9/9/2010,4439,4550,4558,4340,2771568
9/8/2010,4538,4568,4568,4531,1885662
9/7/2010,4568,4584,4592,4547,2476508
9/6/2010,4584,4471,4592,4452,2910994
9/3/2010,4365,4400,4400,4358,1469524
9/2/2010,4386,4380,4395,4370,1718938
9/1/2010,4352,4328,4372,4318,2424564
8/31/2010,4312,4310,4344,4306,2163030
8/30/2010,4334,4295,4334,4284,2095500
8/27/2010,4268,4263,4272,4246,1229674
8/26/2010,4257,4240,4260,4236,1313978
8/25/2010,4225,4219,4245,4212,1604320
8/24/2010,4238,4249,4278,4234,1999438
8/23/2010,4261,4316,4318,4254,2087788
8/20/2010,4311,4351,4354,4308,1710370
8/19/2010,4365,4365,4378,4341,1708774
8/18/2010,4361,4387,4392,4361,1856012
8/17/2010,4367,4370,4385,4344,2247598
8/16/2010,4361,4325,4372,4318,1985172
8/13/2010,4334,4320,4334,4295,2033386
8/12/2010,4300,4342,4343,4298,2221300
8/11/2010,4361,4351,4407,4350,3105900
8/10/2010,4357,4378,4385,4353,2026632
8/9/2010,4378,4320,4380,4320,2477000
8/6/2010,4317,4291,4324,4285,2006040
8/5/2010,4302,4330,4347,4286,2847134
8/4/2010,4324,4296,4326,4274,2686216
8/3/2010,4298,4341,4347,4295,2552662
8/2/2010,4327,4310,4353,4305,2677346
7/30/2010,4285,4219,4287,4215,3301522
7/29/2010,4216,4218,4242,4196,2417326
7/28/2010,4220,4154,4223,4145,2041104
7/27/2010,4155,4215,4217,4152,1954200
7/26/2010,4215,4222,4235,4203,1946200
7/23/2010,4223,4190,4234,4187,2843082
7/22/2010,4173,4183,4191,4163,1789800
7/21/2010,4177,4190,4198,4166,2335760
7/20/2010,4187,4138,4190,4128,2555240
7/19/2010,4135,4050,4139,4045,2277276
7/16/2010,4066,4058,4068,4046,959706
7/15/2010,4053,4059,4084,4042,1647878
7/14/2010,4069,4100,4115,4051,1653862
7/13/2010,4085,4120,4133,4083,927104
7/12/2010,3943,3950,3955,3932,1167004
7/9/2010,3950,3933,3958,3912,1754442
7/8/2010,3935,3985,4000,3933,1464000
7/7/2010,3965,3964,3978,3955,914838
7/6/2010,3964,3972,3995,3957,1352474
7/5/2010,3989,3970,3998,3954,1474782
7/2/2010,3975,3955,3981,3921,1924718
7/1/2010,3960,3975,3985,3952,1226144
6/30/2010,3985,3975,3989,3958,1170668
6/29/2010,3994,4022,4036,3980,1921912
6/28/2010,4039,4102,4108,4028,2150916
6/25/2010,4084,4100,4101,4074,1070706
6/24/2010,4101,4087,4109,4081,1308862
6/23/2010,4080,4099,4117,4059,2372220
6/22/2010,4138,4130,4157,4128,1298120
6/21/2010,4163,4106,4174,4088,2300688
6/18/2010,4088,4111,4123,4086,1199582
6/17/2010,4112,4130,4147,4111,1009838
6/14/2010,4111,4098,4125,4092,1156696
6/11/2010,4111,4098,4125,4092,1156696
6/10/2010,4082,4089,4100,4068,1456194
6/9/2010,4103,4068,4110,4043,1783182
6/8/2010,4061,4035,4063,4030,1724628
6/7/2010,4021,4059,4084,4007,3841098
6/4/2010,4180,4170,4183,4162,1565600
6/3/2010,4200,4203,4215,4182,2346362
6/2/2010,4185,4173,4204,4148,3162462
6/1/2010,4178,4201,4213,4173,2637978
5/31/2010,4215,4237,4257,4215,2445792
5/28/2010,4256,4293,4313,4250,2863524
5/27/2010,4270,4260,4284,4225,3119880
5/26/2010,4272,4300,4301,4252,2833618
5/25/2010,4264,4293,4313,4260,3080458
5/24/2010,4318,4278,4321,4258,2764508
5/21/2010,4228,4228,4244,4162,3508858
5/20/2010,4251,4248,4297,4229,3534040
5/19/2010,4223,4152,4250,4148,3850530
5/18/2010,4209,4200,4244,4138,4119684
5/17/2010,4186,4320,4329,4178,3300006
5/14/2010,4367,4389,4421,4363,2932552
5/13/2010,4400,4412,4427,4372,3072762
5/12/2010,4406,4471,4474,4395,3290276
5/11/2010,4479,4530,4548,4475,2786906
5/10/2010,4534,4572,4580,4489,2868580
5/7/2010,4545,4610,4618,4537,2467400
5/6/2010,4637,4656,4679,4631,2128592
5/5/2010,4653,4620,4662,4613,2260862
5/4/2010,4665,4616,4676,4609,2101884
4/30/2010,4635,4596,4638,4590,1755184
4/29/2010,4583,4594,4619,4577,1839246
4/28/2010,4588,4621,4649,4585,1844532
4/27/2010,4678,4721,4726,4667,1613854
4/26/2010,4734,4758,4763,4724,1249174
4/23/2010,4740,4732,4746,4723,1211784
4/22/2010,4734,4750,4767,4728,1372024
4/21/2010,4759,4765,4772,4733,1698588
4/20/2010,4772,4770,4777,4744,1686264
4/19/2010,4752,4802,4817,4733,2397786
4/16/2010,4838,4817,4843,4804,1656806
4/15/2010,4819,4852,4863,4812,1949828
4/14/2010,4854,4890,4896,4852,1743728
4/13/2010,4881,4865,4898,4863,1749724
4/12/2010,4872,4865,4885,4853,1533734
4/9/2010,4848,4816,4850,4805,1302658
4/8/2010,4810,4843,4846,4801,1165992
4/7/2010,4846,4839,4854,4829,1288222
4/6/2010,4824,4799,4832,4794,1307376
4/2/2010,4786,4763,4788,4758,1031424
4/1/2010,4753,4765,4766,4725,1429706
3/31/2010,4755,4766,4775,4744,1408260
3/30/2010,4761,4815,4829,4755,1950698
3/29/2010,4810,4812,4825,4782,1763838
3/26/2010,4793,4801,4848,4787,2573042
3/25/2010,4796,4790,4814,4771,1511786
3/24/2010,4778,4750,4785,4731,1723924
3/23/2010,4742,4777,4788,4738,1517210
3/22/2010,4768,4751,4812,4751,2049968
3/19/2010,4757,4736,4767,4721,1684262
3/18/2010,4733,4756,4772,4730,2106268
3/17/2010,4763,4799,4828,4741,3359552
3/16/2010,4780,4650,4794,4646,3010260
3/15/2010,4660,4661,4675,4634,1417516
3/12/2010,4658,4669,4678,4647,1492582
3/11/2010,4652,4657,4673,4603,2179364
3/10/2010,4649,4642,4664,4619,1473124
3/9/2010,4636,4615,4648,4596,1233638
3/8/2010,4626,4578,4628,4572,1078198
3/5/2010,4560,4528,4564,4513,972182
3/4/2010,4528,4590,4596,4522,1139868
3/3/2010,4586,4630,4630,4572,857462
3/2/2010,4609,4666,4670,4598,850004
3/1/2010,4677,4651,4679,4625,694750
2/26/2010,4214,4208,4219,4175,703304
2/25/2010,4209,4258,4263,4191,929826
2/24/2010,4253,4261,4281,4233,1098624
2/23/2010,4283,4240,4297,4220,1147210
2/22/2010,4243,4330,4376,4229,1055136
2/12/2010,4293,4246,4299,4233,599774
2/11/2010,4229,4210,4236,4190,497494
2/10/2010,4198,4172,4219,4156,732940
2/9/2010,4157,4123,4166,4115,617652
2/8/2010,4129,4120,4139,4103,577962
2/5/2010,4109,4090,4110,4066,849138
2/4/2010,4115,4150,4158,4093,1152398
2/3/2010,4180,4175,4188,4136,1448904
2/2/2010,4159,4316,4323,4126,2453186
2/1/2010,4295,4317,4334,4276,1156486
1/29/2010,4300,4281,4315,4276,1234868
1/28/2010,4293,4260,4319,4255,1793390
1/27/2010,4316,4275,4327,4265,1452742
1/26/2010,4265,4286,4290,4258,818680
1/25/2010,4278,4280,4295,4265,870946
1/22/2010,4288,4319,4335,4257,1207020
1/21/2010,4352,4337,4366,4326,960118
1/20/2010,4364,4392,4394,4341,1243448
1/19/2010,4382,4405,4418,4361,1236092
1/18/2010,4395,4339,4399,4310,1148302
1/15/2010,4368,4419,4436,4355,1276950
1/14/2010,4433,4450,4464,4430,1076498
1/13/2010,4418,4420,4460,4354,1461688
1/12/2010,4510,4505,4528,4480,1176288
1/11/2010,4516,4495,4518,4475,1130570
1/8/2010,4462,4505,4510,4412,1520076
1/7/2010,4489,4641,4650,4389,2196160
1/6/2010,4622,4587,4635,4581,1481228
1/5/2010,4589,4592,4606,4572,1320756
1/4/2010,4579,4523,4610,4523,1809996
12/31/2009,4511,4495,4518,4486,976200
12/30/2009,4486,4497,4515,4477,973818
12/29/2009,4499,4525,4547,4488,1430618
12/28/2009,4525,4465,4538,4463,1346854
12/25/2009,4459,4461,4478,4442,1129794
12/24/2009,4461,4428,4478,4413,1507386
12/23/2009,4408,4410,4427,4393,1166438
12/22/2009,4405,4411,4438,4403,1933556
12/21/2009,4418,4389,4418,4372,1170240
12/18/2009,4379,4350,4389,4349,1061746
12/17/2009,4386,4415,4431,4375,1735560
12/16/2009,4395,4387,4419,4370,1575740
12/15/2009,4394,4430,4438,4384,2688256
12/14/2009,4430,4400,4433,4331,2822038
12/11/2009,4396,4350,4401,4350,3160862
12/10/2009,4334,4267,4337,4250,3354396
12/9/2009,4267,4284,4290,4246,1871676
12/8/2009,4318,4380,4385,4288,2779118
12/7/2009,4373,4354,4395,4354,1983820
12/4/2009,4374,4368,4381,4336,2500528
12/3/2009,4385,4383,4396,4366,2102022
12/2/2009,4377,4388,4409,4361,2660750
12/1/2009,4367,4390,4408,4331,2929698
11/30/2009,4375,4336,4404,4322,3268228
11/27/2009,4286,4463,4470,4286,2608656
11/26/2009,4494,4528,4572,4461,1769590
11/25/2009,4129,4129,4140,4103,1586646
11/24/2009,4118,4170,4198,4092,2614316
11/23/2009,4186,4122,4193,4117,2460280
11/20/2009,4109,4130,4156,4086,2400314
11/19/2009,4115,4038,4137,4035,2827416
11/18/2009,4045,4046,4053,4029,1227332
11/17/2009,4040,4075,4079,4033,1720030
11/16/2009,4057,4071,4085,4051,2375782
11/13/2009,4069,4031,4071,4007,3108858
11/12/2009,4048,4074,4085,4033,2801338
11/11/2009,4066,4094,4114,4060,3384350
11/10/2009,4081,4128,4144,4078,4093486
11/9/2009,4110,4065,4125,4055,2741108
11/6/2009,4064,4020,4065,4020,2115116
11/5/2009,4015,4003,4026,3990,1510032
11/4/2009,3889,3886,3903,3866,2265846
11/3/2009,3881,3910,3940,3876,3823694
11/2/2009,3910,3843,3916,3828,3874360
10/30/2009,3875,3879,3895,3845,3493144
10/29/2009,3835,3820,3854,3787,3560734
10/28/2009,3865,3968,3968,3858,3985220
10/27/2009,3971,3988,4014,3952,4219748
10/26/2009,4001,3898,4005,3898,3803970
10/23/2009,3891,3860,3912,3855,3262858
10/22/2009,3855,3920,3940,3854,3798008
10/21/2009,3887,3838,3894,3826,4327680
10/20/2009,3842,3880,3899,3810,4400712
10/19/2009,3865,3830,3961,3830,4873370
10/16/2009,3829,3761,3829,3760,3382296
10/15/2009,3756,3679,3758,3678,3455848
10/14/2009,3678,3655,3693,3652,1978512
10/13/2009,3665,3690,3707,3657,3021334
10/12/2009,3695,3634,3700,3610,2780278
10/9/2009,3674,3760,3795,3673,1369966
9/30/2009,3735,3749,3772,3709,1001550
9/29/2009,3749,3690,3757,3666,1295222
9/28/2009,3659,3812,3815,3637,1576644
9/25/2009,3825,3830,3847,3811,1428766
9/24/2009,3854,3881,3882,3813,1994462
9/23/2009,3891,3958,3964,3890,1982280
9/22/2009,3956,3977,3989,3953,1579692
9/21/2009,3989,3970,4007,3961,2124888
9/18/2009,3973,3981,3997,3937,2542940
9/17/2009,3990,4050,4065,3990,2894650
9/16/2009,4036,3985,4040,3966,2972124
9/15/2009,3967,3993,3996,3951,2442764
9/14/2009,3973,3927,3975,3900,2204152
9/11/2009,3972,4000,4025,3957,2300404
9/10/2009,4007,4060,4078,4003,3042352
9/9/2009,4044,3960,4048,3955,3511382
9/8/2009,3944,3898,3959,3880,2940662
9/7/2009,3919,4018,4018,3908,2319506
9/4/2009,4031,4055,4068,4015,2149974
9/3/2009,4049,4041,4075,4003,2692972
9/2/2009,4032,4020,4079,4011,2495062
9/1/2009,4075,4098,4127,4054,2298522
8/31/2009,4120,4280,4291,4103,1533870
8/28/2009,4272,4288,4333,4250,2079554
8/27/2009,4271,4250,4312,4223,2480188
8/26/2009,4269,4210,4296,4202,2537210
8/25/2009,4240,4280,4280,4181,2379552
8/24/2009,4323,4451,4462,4306,2943276
8/21/2009,4334,4270,4426,4245,3726314
8/20/2009,4283,4240,4317,4131,3422102
8/19/2009,4219,4400,4414,4219,2016294
8/18/2009,4416,4475,4499,4392,1939468
8/17/2009,4436,4443,4537,4365,2215634
8/14/2009,4512,4620,4640,4461,1802234
8/13/2009,4617,4621,4679,4602,1571528
8/12/2009,4591,4645,4662,4564,1695626
8/11/2009,4658,4618,4675,4603,1560460
8/10/2009,4642,4658,4725,4556,2447234
8/7/2009,4653,4837,4854,4631,2229450
8/6/2009,4853,4865,4899,4810,1621836
8/5/2009,4875,4870,4950,4820,1873192
8/4/2009,4841,4950,4968,4814,1215952
8/3/2009,4857,4777,4857,4730,780966
7/31/2009,4627,4482,4627,4455,1169890
7/30/2009,4444,4410,4449,4361,1242210
7/29/2009,4392,4333,4416,4304,1523852
7/28/2009,4331,4235,4336,4218,804126
7/27/2009,4236,4198,4258,4178,703260
7/24/2009,4184,4125,4198,4120,491822
7/23/2009,4122,4088,4124,4076,374508
7/22/2009,4072,4044,4088,4036,385238
7/21/2009,4034,4038,4045,4014,257934
7/20/2009,4029,4016,4031,4006,236266
7/17/2009,4007,4035,4043,3999,240664
7/16/2009,4034,4010,4049,3993,343434
7/15/2009,4002,3936,4005,3935,325300
7/14/2009,3927,3932,3937,3916,139702
7/13/2009,3916,3911,3933,3906,176378
7/10/2009,3900,3876,3912,3876,187346
7/9/2009,3865,3841,3868,3841,54998
7/8/2009,3850,3861,3870,3837,91018
7/7/2009,3870,3876,3880,3864,75408
7/6/2009,3866,3858,3874,3855,124140
7/3/2009,3859,3867,3883,3858,255284
7/2/2009,3867,3856,3878,3845,270952
7/1/2009,3839,3826,3845,3820,204968
6/30/2009,3826,3832,3840,3817,195086
6/29/2009,3829,3846,3853,3823,269442
6/26/2009,3854,3870,3887,3846,370288
6/25/2009,3866,3862,3888,3858,281842
6/24/2009,3870,3888,3897,3858,278854
6/23/2009,3881,3898,3900,3835,481544
6/22/2009,3919,3908,3936,3900,486210
6/19/2009,3907,3852,3920,3846,556782
6/18/2009,3842,3852,3865,3830,188838
6/17/2009,3852,3861,3878,3841,212522
6/16/2009,3865,3829,3882,3828,358246
6/15/2009,3849,3855,3877,3823,366022
6/12/2009,3864,3888,3928,3835,588842
6/11/2009,3878,3810,3940,3807,634152
6/10/2009,3808,3792,3813,3774,238210
6/9/2009,3779,3797,3807,3768,214676
6/8/2009,3788,3755,3793,3747,293778
6/5/2009,3756,3721,3778,3720,267786
6/4/2009,3700,3650,3712,3645,370954
6/3/2009,3670,3659,3672,3656,105466
6/2/2009,3655,3660,3682,3652,199128
6/1/2009,3647,3630,3657,3622,193008
5/27/2009,3610,3628,3628,3606,46518
5/26/2009,3601,3609,3620,3596,114194
5/25/2009,3609,3629,3629,3600,95810
5/22/2009,3618,3619,3627,3608,60222
5/21/2009,3624,3620,3642,3618,117628
5/20/2009,3618,3616,3644,3612,118774
5/19/2009,3618,3630,3630,3611,95620
5/18/2009,3608,3595,3612,3581,104746
5/15/2009,3604,3600,3618,3596,132292
5/14/2009,3594,3616,3620,3590,139572
5/13/2009,3639,3655,3657,3634,118636
5/12/2009,3645,3645,3660,3630,193634
5/11/2009,3639,3615,3678,3606,335082
5/8/2009,3614,3599,3616,3589,103620
5/7/2009,3593,3628,3630,3591,150420
5/6/2009,3594,3578,3598,3573,103788
5/5/2009,3577,3636,3644,3570,175954
5/4/2009,3636,3573,3660,3571,574332
4/30/2009,3553,3536,3575,3523,246912
4/29/2009,3520,3507,3520,3503,102694
4/28/2009,3507,3496,3515,3496,96548
4/27/2009,3499,3510,3520,3492,102472
4/24/2009,3501,3513,3522,3497,101444
4/23/2009,3513,3529,3531,3488,130386
4/22/2009,3526,3550,3566,3508,168524
4/21/2009,3524,3580,3590,3486,332448
4/20/2009,3623,3620,3648,3608,259196
4/17/2009,3620,3594,3648,3581,339250
4/16/2009,3596,3582,3628,3570,250464
4/15/2009,3562,3570,3590,3550,255606
4/14/2009,3560,3475,3600,3469,540646
4/13/2009,3469,3485,3493,3464,109820
4/10/2009,3484,3483,3499,3470,120978
4/9/2009,3468,3476,3486,3460,87688
4/8/2009,3463,3480,3491,3456,147288
4/7/2009,3491,3410,3518,3410,242578
4/3/2009,3448,3481,3481,3436,152376
4/2/2009,3473,3545,3548,3456,235446
4/1/2009,3547,3560,3561,3543,28100
3/31/2009,3549,3538,3566,3531,70592
3/30/2009,3544,3550,3580,3528,145168
3/27/2009,3561,3550,3663,3513,354590
